5013.320497611686732853 99.351379818996292670 58.908831951367083946 82.805875195075117290 9.857260733121396612 78.523619175767422007 46.299483454033662611 79.405312613245925490 49.732359109786465012 98.951181875035032931 78.622733252253254932 53.976006411369311877 87.621221344453900315 27.617746792784899412 15.153532755856797820 42.995167608420985061 97.619269036094323155 28.818343614208373538 80.596427375854432285 68.457578154368079026 32.938777520332749305 50.794612586659987130 26.653648827983246861 88.018133089483612252 52.202000687816877189 5.694806401180149358 81.970415607280756376 89.884972227999782035 94.612246893101641376 56.922332239008476051 93.985275183035753344 23.134048219109995870 5.975729933770885793 93.592876274767760947 80.468159032613911563 26.182973829632494756 18.331814008814347972 33.748837335134879822 57.252277388879875275 3.065418414198539665 7.197883410687023975 6.872371451564671219 56.809585482149103086 60.711771814579428508 9.683309233460875021 7.990614354662441521 82.863984910424633767 47.668622286300653457 63.661778795573482626 75.110167933102161442 30.365558252770398440 46.138215481930522799 32.696743725366516742 41.768259404143044833 80.840378740443725292 67.302102243533113324 53.199935498782402021 97.709189250573516006 24.157138278127298747 77.376916990392999196 96.570897218188335387 6.550701513392314546 29.289144758154176174 83.672759336439455069 15.708086582610562232 95.846866715221352706 96.524371560929253633 43.361895477053671755 90.399274622521218703 68.889234739082496617 27.889983969361587413 9.612318315573975980 28.639853579748578483 52.937504391443781060 70.961381977776142094 99.314384061431908890 94.880360381467028219 56.737279819993538865 64.899193749559827893 27.329174659587170737 54.070638019161798127 28.503941930114869763 38.462427148974896340 3.381202317463426255 54.841978345062145195 19.015314859790880320 98.701417699456740706 14.973091950118190496 60.414240456437603655 61.878863997890015014 15.982259792488189731 19.396144807634613016 45.937855343926230489 16.919326817947780484 21.873477475797333369 59.270922747986865886 18.052300504549801730 75.040057373624691195 69.276399282742104901 70.483768620448159936
21.856249699052817448 5066.239466628489026334 16.489226755174229311 92.756564018693111962 66.381555852767419879 97.859944051195640213 39.270052072875948568 42.190320134941579511 55.885980299289784057 33.753640863964463392 58.834015516167980309 54.834986903047763462 93.435517585360457815 87.596681730224716489 3.585248398099150968 44.934157616340151264 75.108090179083831117 59.937915707064121307 48.605050509787595558 30.129510357723194858 65.382756520987740601 67.694408479849698779 45.208893845526361588 86.698553811934147006 62.983892684177142485 41.242613281933607539 85.239764712930380597 42.459550010295835420 79.603558621960928576 58.411915586536217404 22.359191913240348271 24.675479771821496655 10.933990499147254738 85.336748862123187109 21.096419552274461751 47.889503775978170097 72.136037004291821972 2.096648245323318172 57.374474311297277040 74.074137341712273042 26.255144713757857744 41.347495150574175682 50.511433303910706627 71.584645148598227138 31.178261412035578104 39.214503591544854544 24.512422711239409523 35.752353088836507311 15.105169948830413418 27.684855795100034470 38.530956332072342718 49.718476987850586113 25.268167472401430018 70.976827181414421375 70.498181318015639363 75.724945347693392250 63.870781100693903909 30.628674867850303798 47.798928619988217292 88.354115878802318207 66.972541034516524405 26.989101536893453925 67.530643717763879863 1.786032024328124690 26.528514644632348762 82.828423206938524004 86.553356274294600325 92.467813306546929653 54.809554213738820749 82.618603289678418378 90.716553430586273521 51.948228537433230656 13.188345534522666114 12.795127780063301870 75.245518754671365969 48.920132217080841031 68.945441253124926106 45.232077079047748214 71.544505649438249861 94.447954638738792710 58.206714324968274354 25.700506391271435547 99.038480110182362637 30.482952135187030507 13.074293527777792079 78.338265030058266802 70.649377777526140676 33.117181616952080958 14.332381005521689588 30.511677841187601956 25.919030442422254623 15.913453625489136556 82.167459844530782220 91.401030040620085515 26.383791746619376539 80.009622572538447116 37.532877344120031182 89.160397973958012585 61.194752317319604629 55.842437255617582537
46.598838819446456228 29.884053925034091748 5090.366325749063435069 81.102059695003902107 20.014815792376676740 80.659867656804109970 29.870775641925867205 65.204212775655037149 2.220032416136681785 47.997811031196654596 44.381406559987588878 44.724753171134395302 63.612929983710877480 54.134895321055530815 88.297985025167122330 83.823093857017525465 92.704326401741127484 44.985905268939035295 11.977725960446253595 14.353042300326624314 60.484131619357810905 46.297960863943089294 52.809553084963070546 42.580565247105504056 85.626507007727340692 38.626446518827812326 61.642901637561379857 65.081942204173842015 86.961907587195696578 79.905388250173984943 31.326498090819399067 41.581627824925654124 81.904046539874812538 27.688435117980137790 98.348045074616209149 12.429159996102885799 85.918994354958755366 89.822930587070928254 32.463173232796165735 52.795462764980513271 86.634210658129916283 32.292973968829592479 35.311038932468555629 1.519667552274654776 77.624778052011308205 43.724659819212774892 41.283460068767425355 74.632807977949383371 89.177656326027232581 62.565833975893980323 22.466908202845402798 6.273327037161580577 73.321162292979593644 13.385510187343161448 75.906162050590879176 30.722447729382835746 19.697679076661078312 18.843067613646038438 45.610040172600065489 59.100975935948120821 31.616973665389522807 55.427163252980179209 23.107006313079310189 15.036738472579255443 74.123477778299871943 54.892702933159064571 97.607022047065299830 87.182270676648784047 38.284350671739751704 36.198490251225813097 28.605246177792849949 64.572699513868357712 75.601630611875208388 67.970354604578716362 78.944810407277913100 90.266131896095046727 84.297890867544026605 69.856316708696212459 34.259783932232274140 50.657429706015484783 22.084764255104627040 46.714964231300797337 81.597773612974904722 42.293176850020145707 13.875982304891339325 91.638245926975756106 41.769025167626715245 15.768446426088699397 41.979963613024615654 2.239725022226239926 79.881804907558503714 6.482362927578644296 9.370928108748215024 23.875018753471159982 98.635827143982822918 67.805245785992141805 68.674194141289405025 16.982566062108396920 50.299223600785339272 17.894400626357011674
11.775449715313039079 6.351257986630887586 38.016615710501952208 5095.338205433730763616 46.128657575942362712 5.041827997596134203 18.754398752909040127 69.258429349355679960 38.188422009536147073 14.875121204803868125 87.576191317517071866 9.288831525963953339 42.934904720691150715 49.078359851491676125 22.173093040859519931 7.669550180886965940 51.427741629116127342 15.019196435111091148 40.612885521225472019 14.672598986909777707 46.763077411820269447 51.479613054925273730 28.576283474929280004 26.151653156386657884 60.321996204234743288 19.911606326514597498 22.197177857668627610 8.363954359655082271 59.609979838189964596 54.015710565702846679 79.960075870650371144 95.319139726462267959 86.224689360754979361 63.101683118592980293 22.058048248194477736 6.782063070327950527 92.327702857559302174 85.864451362317041117 54.823615554091254864 58.132615805407169773 56.036172085363091355 80.189674207441854037 79.509137601160560394 61.936394526524338744 60.178062806420236086 38.549166757283984452 59.995450490491535334 70.787315969081205935 78.186801223493574753 48.504229658813422077 32.939841100182967182 16.310743612865749697 66.260916026503622334 5.886385704493633853 33.753209957828467225 39.236418361156289336 5.511903429996110049 6.972475930568537095 87.581127134636275855 89.891504519283799368 64.160980774918684233 39.498195676851722169 9.804616145919744952 87.205917491547182863 49.135537168585067036 7.153489849841885295 87.566785359237201192 43.585842886275138142 43.069605681260398455 13.642274857275369371 26.288639607700758916 61.589935369219006134 56.693852324158584111 7.672135946733150469 97.237584085322822602 79.296758705369967402 4.780302370885097574 17.418772432413252460 91.470473518444478600 76.578828414601844088 2.947272326710552282 88.728005433659845380 72.551125436977500271 74.166137086692515368 68.199932810234969338 20.300773485262684659 87.704628222174093821 78.841891562424947892 41.131259979501251678 66.909526626976969510 86.748171778682717559 12.194681457254132440 34.841858477819414475 19.304151086780269253 30.727854315266689866 63.129871242606867554 5.275004842849588371 95.014234234331439666 99.444480471304629532 64.869204792166442530
37.463267892447944973 9.823868201038971293 61.604078710729375246 10.713352600452054730 5079.788836840743897483 21.400532352198936792 80.195444757009866521 54.825681132304914911 60.794032377276430168 30.423930305710790378 55.557445480179119102 11.445080231115021263 57.429294384462146184 46.843412857541601113 36.456277353548109943 20.947180462519387589 74.347622333038557940 90.619692848528984541 14.724660507873281290 71.135963399912668592 54.393866028228025300 21.391893082699613871 19.993051304756800590 63.516047467323019760 8.815105341486836110 85.019043117911593299 63.552286504558942681 98.531364523093827756 59.173069600837806092 61.570348493740397089 11.646583722402915839 26.808673206004048239 87.408846235312964268 59.402802365521431227 83.321067573215970015 8.689997971951978428 55.286518677384293596 22.087247667026097986 83.112219566138335836 56.099891237908472874 80.182433030403515772 57.901915917469573003 72.161055882189202748 60.830243785283627744 92.902068761506782835 38.010356529738736242 7.616002095677556483 27.353361791707271777 77.758559510541232385 80.907226768214826507 2.235965116265991259 26.329784929690276840 66.805616954661374507 6.138116570283375317 78.753343674832890997 93.473323002429197004 72.478555847697805348 23.464460939168223064 28.588813221886503868 9.295200007175882462 52.357148358314212544 12.079037330108073789 26.858054568976527321 5.074061852369387005 31.424227215824068082 45.061225108731711941 69.629826256454862232 67.788538981216476031 82.047080326891688173 57.701499956887822407 82.293850307440720826 25.452707760977112628 77.869000118517377018 27.126133701395861664 19.931490040753850224 8.184310287995472777 2.949949376669267487 64.462761159201306782 6.332181232860922826 83.493041888473186418 28.427559581182176629 36.675599453894442092 38.090193547082705550 8.345340612998331409 30.268327792369884577 56.418263872580311613 99.399132626166192495 17.220489907481386638 64.345653028676679241 30.641976137254953727 91.396808886683956530 21.481364565141841894 60.134327551168787807 92.887122395623791249 20.573203641974004086 15.155002249658867441 33.809377120883198131 76.205555835308203427 40.974045193599927472 66.208405733601779275
11.254505816891255066 45.432314592640196338 51.678690374998325296 20.556347106422585114 46.097990991743046152 5062.864446007658443705 39.847377006338462024 27.751422389090521392 65.239974933727481243 8.722783402637574568 66.229006480463411322 97.108477139543907697 84.974329353695551958 84.680789715178775623 87.507028262704679378 92.434050307974672478 55.940047050563542541 62.926701901268245365 31.654190101853100003 79.603196692907616239 25.441157835925601205 68.838057516429884686 31.303167914562923357 55.222648818057166409 90.892425939007907232 42.675125949363447830 54.023472042479141919 5.725722234280706147 3.875961016457893926 11.385570131201813382 55.100401025335067118 7.693573265105021264 20.210316349438286920 81.741980169869833617 29.419401437468412297 61.337159145778109348 55.461656663620800600 91.040888819646070829 43.218714497801258290 45.037236483982766799 29.492910682270718326 87.102095115187893271 4.063977251941524038 95.872089385907472092 34.667741314613671477 60.891489472109398662 60.630872053824660384 56.864089541627805602 90.918331586812257683 87.868301395018221456 79.000869657964813086 1.905321564271786894 29.684638198314022617 92.041871369913877743 15.629973928065149735 39.771548003484440414 57.042938684312922248 74.045096765234063696 24.093797540296336024 6.779298300608245675 20.078063660498912668 60.094222243795918814 13.195543761066044652 54.513652377900761792 64.169324231371945189 94.202272950118427275 11.320761483505396683 97.000270477609205955 18.978097939439976471 78.069542624330225067 97.174561180659807746 38.503214056035467650 74.863703262986120990 5.522023768325868609 4.864407063383332286 32.184769747106983573 56.712561320993756908 6.335515564445977965 3.625195853473751839 63.234050993087684844 40.483842526207055812 70.130408353573841396 1.677084145453703545 2.426234648582246134 24.937287278282198599 99.302624567643576370 50.818306020316491356 29.095216198047378242 67.218744439555223380 85.141881158432127563 47.541433652902014728 72.625566839605994574 3.776642236279212916 61.133019108405648012 50.124016452485875561 40.474418203736320265 57.763065861924125954 85.053823613584938812 24.375103200924360891 89.668188593449301038
24.164344392803425166 38.226077762361498458 28.363858054716981627 19.547796164238384620 33.270504614642888441 1.975660341172400081 5069.400457343907874019 33.002523915952963307 65.887361300480748127 60.036990595745123755 22.481258392164495064 39.960449181979903699 13.853113581613213157 52.958093655403416733 97.647999771337126163 34.335193994774094506 9.653815414012981933 84.244803204329315349 99.176645255684704239 27.163490889525053973 58.014627518711627374 78.401375995762577986 24.809697543048674362 23.384839118491449028 19.502153357454634630 98.924143651365980645 78.007134462731329450 28.552539463366105821 28.896876586046658986 4.794459207060032924 24.539438687087450575 72.357021900790087443 51.694450165960340371 65.435081762503159553 44.341400575225819125 34.262074294898269500 3.584692063922306549 61.393329326143245339 46.220435571574981282 75.442728817295176214 37.039198515128035183 76.206471586758027570 77.348578206006649793 18.325301864460413981 93.579475522161430945 3.498022877071509384 86.455874410917431305 44.605167392477277133 93.768490371569086506 13.236625773799474359 80.084406201501352029 17.701708391809280130 70.847963851773727129 44.971703530911248947 97.652263039095075214 99.321024449422367297 55.805867177018178893 25.532093249066949880 30.398798587069677524 47.656284369108092847 15.277016858962602086 75.205236000770298688 31.240094126835376898 49.880762356100035504 34.418850538753922308 11.755551203470183452 67.463759019270796102 78.747731100032012819 98.548079472119951561 83.749721949650364650 69.540362655379723833 81.037850880540290177 20.408474351978551198 4.338090266403612283 44.730225229088304673 17.744580918762586919 7.674882844411352600 30.357191209282976985 8.800435409426256683 42.629681011126017154 20.009536810727325928 67.310209534019506350 35.005119673853158702 67.184444858461276340 9.904082394033515868 36.593331008636560853 60.171000783039474413 65.822586764124466185 29.903406332737262119 51.709875214515285791 2.661458874417720999 86.297530707894239299 63.925685014134714379 5.215533558070951869 72.676279444454848999 53.787872669964571060 94.814472702463987730 79.348242302345781241 92.855659591921025253 30.397989978474210915
53.811524208602484975 61.903768591939325461 45.355276486888826071 61.890932471210753363 84.379543634332350166 28.324211172534159431 63.584514738072506645 5036.457629417660427862 93.025240630639899564 81.498059583839108200 2.176072451907552718 56.453204968317976409 47.470523730367403914 66.424665327053148189 52.034766997728262083 37.699160213257087548 85.579313710392511894 48.693804526676778721 60.276823383167467796 82.087795491363365841 30.927340776300923153 47.213545600067945429 49.229384429307948778 43.620239786889129618 80.902804258212142940 12.454877560481579124 90.454054465770823867 1.389865684407669555 70.270969848504250876 92.336778881098780403 28.769249128558620043 43.267795704316782235 46.443898564624447545 15.017159492846062108 10.662739108312720759 61.851635393335293145 32.902901514259049520 14.463005286819393902 48.020402527264408832 92.737111422077376233 85.890812778346997902 4.745936883162994668 14.997408340889403888 82.922815056263615929 16.954596795235726603 13.030833982120284986 54.969600813883218393 28.353970297820104918 89.823823223643714186 40.112632202815149185 16.314943308402007460 68.171695039514446535 71.366256814109931383 18.328130505074611278 51.168457872549190313 45.917336925380226376 45.817519118586865545 58.919961812501242093 28.946334088688214337 47.672098568714531552 73.783171807656884766 94.415796625512186324 21.078650320410897478 25.734727827791559207 2.091806185232025772 98.270969919920773350 77.970371235427236911 72.362205550645001040 74.180166434181927571 71.513667647104455227 96.888398044478478255 62.414908146917944975 69.856784885231689941 58.084631612548207613 33.437102827792081428 33.069966823587705562 69.303498246613301603 38.795404244800025140 60.992249049093636870 89.465011129717325389 16.664734326820529020 91.916571852774353601 88.930088664876208782 44.037087334344008127 58.653865068927224513 62.252552481015129615 40.452966867178794530 30.939403508839664170 30.840655950130564378 84.367607375245000867 50.011689174965795246 59.899278090054657753 40.079151887062671733 16.717390451876443791 75.002323921934632267 1.300510335438264331 52.454176900704787556 10.923574210430595954 76.078023052208791910 19.015334232910884538
73.570389242106813299 70.407712341558308822 92.431621636056462421 17.843099170971747469 25.438191971349095155 61.473371157929022957 25.446170241060968920 69.186791439000600690 5002.952625119167350931 21.832924053635299089 88.618609027979360349 48.172032266927246269 41.265049664931531481 40.671380089806788760 78.523910100675109902 75.400573272081217624 82.536145390152952928 98.155094991574387109 90.631160046598523650 33.535033377139143340 15.301620029423451896 79.035684291934487078 77.858480743435933391 75.473172800379245473 20.109172530228796916 20.715454942808751326 23.126598007279017821 25.102755541795882976 71.976553841512370013 6.873650804512808854 56.913078355579735046 63.542577497447567225 49.744574719593813938 41.933158768241767689 78.783889972587445527 73.280999247519972073 83.891165867736958717 85.948495013257300457 77.885232879024329122 51.199714089213692603 13.357171095608839195 10.821540803570616873 61.114457135807057853 1.297480659622497035 28.196961150695763365 91.867345702827392984 59.678212685514083091 58.830422229369546017 23.610856442769424746 46.310394753257817513 91.425881166422954038 20.194733962204278299 66.107647726437619440 89.771622764438220088 38.387732934565391929 29.781942599825331541 22.537404528687094540 97.010631981628392850 13.791442238164682621 72.084878931173378191 79.494142865529255459 99.492390609625488196 53.167462254520465592 71.299641395900138718 11.309355232907426725 16.148925632640249717 46.582528251059166280 93.373381147543284442 67.841671915611513555 29.834701799114270671 8.648088710426037551 83.423243507214110082 18.603629207206925145 25.664006607192991538 10.403264098078659927 6.835776916076587995 95.270073374728411864 57.699306249634680910 69.218401400649270272 5.716673349970969653 83.863012841086359117 21.938434146398464009 42.666086042111260213 97.226270601456207032 51.701405640758636650 84.819932612633579083 68.516025280589659019 24.126140579024664135 2.781855143273308073 15.499516593857361357 52.217272656972177458 31.179202009833399956 4.090487907522462052 6.197378806646143268 46.054843129675873570 49.290549052270172581 43.467443937169711887 27.681436954916822657 71.214950179020974019 55.398991254278485030
58.289966915103320844 98.846927474388479595 16.967797175752060923 73.046631035181974312 4.909277046374836750 49.707590721003910517 51.663018195209282624 1.801787874691592517 13.553676370909796489 5021.859240525544919365 89.336587142950804719 63.977754174622944561 77.858113124310577291 90.782960696598408390 69.022090440638734776 40.654771211711413059 62.028340518271363635 22.538290970764180088 71.140370298581501629 17.338157154346749422 36.713763317140418962 87.203820240914055262 91.537761779506070070 71.768497819263387782 20.117450394403427083 20.040507271712559856 10.188375239317785770 8.083084360528616230 83.382783326014219938 80.352327695819866449 80.394622562099272045 86.446570865138895101 82.251622287927574462 18.601315452737829048 25.645355387369839661 86.776853644597323978 6.818640420497938059 65.561169153016166433 19.342878504988000543 71.848747203019655672 31.680648714892623019 87.782603237430294030 35.640245273580219987 5.900376251908945768 88.124926651157366564 72.689344170146100055 2.076538748350797992 27.819797053706036394 73.435370468559440837 38.797928975746629021 71.094556784824277429 51.376800182671416906 61.404194190918325091 9.581622051282133512 97.504330451313677486 24.076246387531575976 84.997707005209846898 58.422595777187780186 64.504781256300503856 85.898078573829366178 83.397919450327634650 52.985289131462700141 86.741958840036247125 17.591813899136003130 85.755457504695442594 19.312982421499615526 87.328150721074905505 27.614525154954762343 60.535384981500321544 13.547538904084291289 15.413401259763062967 78.741393162941221817 96.737645926053872358 66.703503628927066416 44.478022350611553293 82.971243476876026079 46.932607314975371082 67.913569811173900348 48.668817368406294577 2.284857851211829605 48.486292418882413813 94.774699638858635353 66.121228918093322591 20.409698940159817226 51.030624182596561411 47.245634279604729500 29.677251605691402858 38.311032422578250589 4.216033374904124997 54.882435236143642499 5.646440500486745506 35.799578851271071755 93.651783261898131627 66.721381897454165255 73.176354782075279104 66.772806979282208317 20.613199788249513489 41.495224125841183138 71.217132258611783868 70.918403631085837446
63.557638962875429911 15.768648663473147309 96.687583066932177189 87.549877650767967907 61.761888676943769383 31.250928161187069065 47.507103370501695849 95.701393156928418193 22.727064281994344697 67.897597481077809789 5027.665628304303936602 39.244528831938296776 99.414290055434960891 43.918596340980542436 88.098763176920016349 64.845065727614198181 75.748659702542795458 66.335593826495653502 83.096627598911865675 28.507583461649684153 91.758615367202608581 18.365546289711428329 2.634449051799233388 59.266909899298333642 68.215429584659403872 78.173054078958259083 60.733924876140427784 35.177390354547370066 13.909806370274251819 70.745498892661913715 13.301324960115728402 41.597163313151540365 14.805952122775384083 83.583339571715029592 96.421842855779431147 37.828267210995306868 62.100927203607483307 35.869340031524636458 31.456101087394849003 62.736221021271880716 28.046108500596506730 81.267356278753553056 67.574627187812367879 88.011560045900040450 64.593142575315170006 43.069255600906700465 43.016405732601889156 51.513370237016445685 94.335405354572415604 92.206038443370545110 4.662416303314914856 24.384266616435663622 3.732933652241570588 12.778893149736950008 36.856413929274644659 92.393640319583113296 29.890440918640408086 35.869700757832269744 86.513312363956487161 79.517698514392847642 24.129676432997218427 86.097673429399492306 34.921187544766937094 6.805519217990245728 66.703726890026629803 34.895734196813499750 61.159233213537248730 39.749567380723952681 72.643055950562597900 75.792561114464746197 18.731252060737418219 80.527012190362754041 49.995596772592577395 22.160245173431306398 60.647055455147373948 10.829322909264588404 7.031914971139129555 71.830383523774358423 38.991853098635957053 35.286986368751684040 43.057171543631831412 66.914158567672359368 12.720918520605263069 93.890899627574924580 46.180684311416015930 8.426006753501301461 64.027880311818279324 3.127242640428805842 71.209907482694831060 53.482207417387321868 29.957798938370970632 46.034194055669964030 41.552404821359608889 90.838766341239235658 42.784828768934225707 34.073962161532591608 77.763659552161357169 77.992642474857831303 13.536406405570337697 9.491752616567030287
9.899074761921555776 13.976866667169334235 6.496186370481979999 26.344589937775808153 75.710704260795111509 27.068633471489601305 49.661751189021366315 58.787544414142885785 74.555912248546235332 79.859900857418708142 29.728283119225778819 5053.180196356096530508 69.853118254173580226 64.023922719818159521 64.631444464207874034 10.882827130603018873 80.027835419351120549 97.754212264416096900 69.259579723062941525 30.992337309961371261 98.151412730812253926 55.163391725384016695 70.356496597417205408 73.153495348513772001 61.661503448608904421 5.422126695174561029 46.393153112186588771 21.532461440142352416 66.269246472930916525 22.563077914214719755 64.025826640479536422 38.345043566404257263 59.444568540099034237 7.317428259046687700 95.565579620744301792 60.418548755164827924 50.069518118142269714 30.047492316651752020 21.078743110310430353 90.369471360277728422 64.339926095012344831 96.550725751363216887 98.111174208585225642 55.281835341390035410 59.115242787245527722 79.910434037119188133 73.652478993473835089 11.835928895973564678 87.916007405073742120 59.544291095681018078 83.980667846092416085 91.082093818855867084 63.985489209647873565 31.782290057862550015 78.738229194209623074 30.441181038381287749 3.040089579822259136 29.543557232272071644 10.007792355542525442 20.227475023164419810 21.745254191399403965 84.977096852800016791 90.671044565235121127 30.553265564789096942 86.860644489852177230 86.579259945005659915 56.328188210120273993 92.582190713503749180 30.533061150123174343 76.768339931825082090 30.782049000600764543 41.994081234633277688 92.359888879046039278 57.135378426930245155 36.056433483271433715 27.034063243240254337 23.655607454170475279 16.680098011235202193 14.578809241545762632 93.871804464085968789 88.741194581181332524 5.097810275829645299 73.133691846706895490 22.545185326016724758 68.340928923738189837 19.589498189750539581 48.782949615382996456 52.775348911215353098 77.908179940310006373 94.699832562665079649 65.306065324831592989 57.724394529896628114 77.931703184197402834 35.919060613854448150 32.386559497589090029 47.056178601641775572 43.073763597159278049 58.726638000145300111 65.869836506595007108 9.049604588316816134
93.997029234378345564 78.024434561607947103 63.863990471255512205 23.396463510649258666 5.543913710279684715 91.451297840611260881 70.022727894424335204 51.716465025040363912 94.118225163731807470 15.981473388743676622 74.864990109325958656 95.276707422679521642 5079.467058366119999846 57.380321762490815729 1.060845367016925778 98.487588353351711135 88.117681948773707745 50.661901092805166513 26.450937544236690968 47.031504745270559908 47.326847294072244665 80.645118395590458249 82.733883798756124861 7.189464633982509234 1.850381724095523817 99.926401864789895058 28.794892426957073184 92.545322588289522514 92.142573176834758897 76.534938856968267373 13.789535633268185322 63.257412760655128636 35.935797974249915399 6.882893218834901461 80.379582012706251248 60.358664120973195111 79.826838750521886823 77.239458738074745270 68.861108210621921444 32.725697893573247654 26.588748083030939284 72.015284424954742803 74.723340836549112964 71.256237326653490527 37.296006618909977703 32.411964912394282123 22.462789107783034837 22.600600880193937314 69.404639609105743148 85.790005809640632606 57.964513398695551416 21.186647770400057311 85.399097043080089975 7.524945083698532322 34.603125528765161789 39.440251054663256980 81.285911424336404707 77.581009589371163315 8.804180241523816619 72.134938677136929641 11.419035072762490302 12.836388692905730480 14.056665178650758818 79.392676344497132845 30.505517549196053295 9.892309502216161121 69.046444510894843916 12.756104482763339192 96.643681357389922937 22.300796680233624159 62.825556406938375176 43.244345672744444187 24.752607116312308477 19.003644968654491265 65.165506459955452101 12.492019176901226984 94.085617977654976585 60.754405327603919318 66.165340655134812664 39.024456271958349873 56.275301755914448165 66.934799988091583600 11.511266169286658467 51.414056111743846600 92.743925834131204056 41.104917367404922857 35.219878558875379326 98.663469591511613999 5.549811061895963071 13.526909382191407261 4.737158748785446960 82.461663507024780984 56.685698568419532251 94.666196412415516193 28.340297801548377521 18.195250572968891589 15.168404530266338170 58.425830366080745648 10.453237246265885574 54.349837989374861991
13.408663617190180517 83.186125949802203650 87.526800702421937217 69.480964189233020534 59.675198351234939764 23.681126156740802458 90.990757415058283186 37.276776307234712249 2.703453862104846728 89.502213190613474580 59.755402900731681370 34.099779848389509596 82.449791438996740567 5031.703934010675766331 71.732255358947170976 34.885638967037635894 81.396764309767704049 82.567077706735048537 85.076866274372065391 77.027467255986891814 19.337263046724622484 96.571243835489298135 10.849548934612053941 6.864694961532455508 13.004018947716943444 27.237346485888924263 71.850799224784168473 44.430571603283119941 54.203073966912079129 12.505610439855832539 57.275728054213466578 61.761812509845157138 62.673468748345236179 91.622199047338227729 38.564101831286151878 19.144924228553790613 98.722808247731819620 95.252297875703334284 42.418240606505705159 68.809692376709236328 88.642463701131021026 38.623591250708429357 13.803872054866499042 62.659112721841559335 28.503472134019190776 71.314130981814230381 44.099860983217737953 7.783808816742040726 75.015772191450338369 38.103543571763900388 17.614233017171464724 79.075825927834330287 63.134404654769184617 40.590945644654844671 1.938252478787554800 21.227456878574315624 34.107645010761373783 92.480033978431535502 6.956516328596503485 86.295792564665973146 26.828977190319037049 59.384192976906703620 73.599975960742341385 84.698895943994415347 72.025997342440035709 70.411980701259452076 86.521146905014262529 72.799230303038640955 24.119453626583442940 38.755159663547750881 94.497739509400929592 65.324809466138958669 82.454496816068882481 20.119597947480414746 57.385888670043968318 61.727295186722386688 17.251896886373106810 64.981801368502630112 71.608790291675489925 90.295178280634303292 57.762027694735095906 81.303603738100676424 13.374769346325049213 35.633794064503739207 30.562087212291679350 57.008867429300110530 21.320588784458465170 87.874604120712490385 22.077029828819252799 67.738567506761356185 62.384192657632610235 2.556095195151695254 7.924952192543361917 72.313669612843895607 84.018074337895157555 71.234155672625320221 65.839869147251292247 66.860783609250844961 12.042627241479635813 70.257931903681637209
23.581465290302126903 52.522962275079329686 88.021476112485629528 36.870394153524962633 37.088122106152333401 24.664292783698847700 61.979393647819279067 12.345501260468934035 82.035621580194941771 54.593963681883707295 39.719807135060392511 8.141902728271331213 62.779141250595955626 63.992148635192720008 5043.283500001151878678 14.589076352963514793 86.288966353187717573 57.263191573016129610 32.761096512681888271 14.546074995723257572 49.831785052706059957 80.604763456648768738 87.929033713014177920 90.444338300786341733 39.561324581345317597 22.989042246276234494 88.068261028051367134 35.360470895722883711 88.410922842523163467 31.358015441320880257 30.293367927807658191 1.537836184494420833 88.786017899737757375 52.836358696368129984 37.699524052620020598 61.393923045460809362 29.170950586094356538 22.061847368798204627 43.586680831845441730 5.084540808337467688 82.477226436778565244 10.673388794466301732 27.839191041850483543 28.841232270604226784 78.819067702689309840 10.396052829119533101 27.352161361924778760 43.543646503929693381 17.398314074183389266 98.061425552563747488 61.284481851850841849 17.233456150456138545 9.149401761624686102 80.963166804836575352 72.697927390626730926 73.728393771888619312 77.004445328209627064 97.461464379138035952 54.359369796847794021 81.929844539897771938 36.079621186838494395 95.205964998658927811 75.001103129086175159 64.195723489947823737 79.393728232045489790 75.304431610340117231 17.710076422958241693 35.271577146305958195 96.548088745443507719 28.995196618269723388 87.312428641868933710 73.666763465400251221 50.102624326780450303 65.490403075926039378 22.575539184197960907 84.512916069743553749 80.121530628505311711 84.638332832517562565 55.982523488181413995 27.859286779344564877 95.227640379442860308 1.909251587873757039 9.158619669974751076 68.326519231204926541 58.500493370328385367 23.864468344503020347 55.893777657360061539 92.892456290535761809 44.827559044194543958 98.700392576536785327 81.563319428974836001 76.130108687508013077 39.310787484275941495 11.432012511935754517 45.311588083008579986 22.320690542684410218 82.017715891088656122 4.218561575453604995 41.093332153176874044 75.992372493709765990
23.341555097626109472 37.502546323848349630 31.989211468312241493 76.536962170278314943 40.155556740550913730 28.425053359084706983 89.365430587747738400 73.320387013551254540 43.872742187561613036 9.995568663856843727 99.547223531230272897 42.553197014725085978 49.771818079016853176 60.693426204706057092 33.709119364032638089 5070.451037194834498223 74.267033447836254823 27.689610672107278333 65.707729177342457660 38.170336626830653870 39.316360731810789275 94.543116235471146069 14.506425002758927434 20.499484620460687978 79.831760020987417192 98.455220103461556391 24.898261840063916850 81.054618191729346677 47.337425828366960445 57.612934013856339277 5.458385667589019441 71.641693646149860797 29.462657369882780500 14.767381747105687850 12.350289295293674030 35.691063500180817414 41.357986954984099270 50.272713947153398806 56.567730228032957029 53.152593689756777451 86.882834533399687871 9.346602002236551243 15.617807474925607281 91.070172153101580648 27.786162331652455748 88.936086055385160876 1.840715240992114365 41.798759815638653947 28.202873978091581364 36.041564860835165973 89.777646356632175184 22.957747109241871897 98.600843400611211109 50.536610753846879618 29.124028580516544196 17.433809810899592918 30.418696963159376878 37.904003202140927442 64.238982855193569321 49.337362833524920802 8.615254901581057112 89.413411493433613941 28.513032384863628010 20.738913042717499025 34.132402521388094385 45.043353931926397138 70.191042631647732719 67.325958289120421796 18.888695183412576029 2.495242971250855035 6.410663488901515272 10.453134241787708447 55.032784846694639214 63.258856520004108859 27.208765305576193327 73.172032392371363585 54.983331607693720855 90.664371223779539832 23.457842683478762780 10.142251251404838186 64.193286940864282997 68.488542296950740251 5.569291418908566271 53.299203844256311413 85.081861777127329560 14.775484206590791203 2.351470167760180807 54.593695406501424827 5.382123833442263638 58.976656572763076269 30.652744000908811017 86.830881397782391673 42.790822924268148597 35.589266680565259549 1.754341614721720122 40.550402061511448437 96.595875627502010730 51.604532017315911219 72.040570041198265017 13.896597921208430293
68.475240825918305632 7.374882679664223062 49.391450018127883936 87.273008578884798681 39.499962460397654240 52.312298228738171701 95.578702985982943119 71.397660633607557656 27.442334061578101512 63.898523023516432318 32.664904257670400511 40.499150843216355611 48.574503872921027892 44.914079528752814952 28.372272941309788052 95.539554052811297424 5002.447061421482430887 33.857379670575475927 29.530423438343337494 73.184450872069561456 26.338480515319890429 17.745068621003234455 74.501015590335782690 17.297311076574359845 6.266136272085434555 25.808032013915255476 68.677381642574843568 72.311934413149458578 7.574081386603710442 34.724873514367750715 24.041683587702603830 94.240946124449990862 71.370423158634011429 59.230441080709113066 85.414594743778152974 12.801399964560919997 30.730801895023581949 75.996557817471057206 48.367933244732597586 27.277516178422661852 13.468357841811222642 68.765965211706173932 14.349643884814945238 6.686601811844456122 77.767682902497114128 1.795823609369440188 38.803723872199967104 89.288344138472879763 12.046965001986064792 72.880160496085906630 33.640136171433375978 52.356912582514702592 81.206739132128888059 7.832646488839284160 15.108865466673115918 63.888750537725258027 65.655930561030672266 16.959745238244050114 49.852525022173068692 86.024746459610014426 30.622666520837796611 38.555198738053888974 7.958494376626235933 77.435490554005809827 59.140182468260221071 61.344283885373847909 54.014737243077583173 97.902604260236174127 67.269540920941054196 82.063585916730062308 36.536794422278411787 66.847521503380107788 87.177374479125418816 58.044027574893007682 99.698378655578750340 34.832228961004133794 20.337607083991493084 11.845104556396496065 15.975293077766488992 49.590246486539896864 8.227161615691167995 85.219399363683891124 4.178152850374022620 29.445022850446928686 76.687259519948455022 34.905409035929636730 10.311481931470201090 47.459076857664392435 76.063714227348341979 12.204313946304667482 29.148076454177719086 88.974829762082038087 48.127403809065775420 56.954762888539242738 96.935214944302188655 3.907710641139897412 10.889194215092217632 74.326258033160456762 25.979220831043658535 47.591899363198521655
55.392311695342847599 35.144367430690635956 24.929265559382287165 36.403836933803063403 34.035587390873239144 82.205693549515643781 58.591651089825234067 15.198016574598927519 37.906764429340974232 97.559029007649030518 40.177135456621506648 4.134393718355230618 73.117616844610608950 9.138677160052848691 52.577996950231238316 54.655269788576667622 36.623826360469273311 5080.786783195824682480 22.680771344510382903 57.642104017410161987 83.906642373115161604 55.619471464165556540 39.141003814891654145 30.280583072695574032 55.050979716423938726 7.772850018007860129 39.777093433070106698 25.318345028348122838 58.183604193300865859 82.480327422062359233 40.532193521127368285 82.049236852532260400 50.514372644890883635 41.968270535179243552 13.092607252548432939 82.484410939472709856 40.584848051470487462 53.894292122850565363 16.595105037930629521 92.167298181091595666 24.116872214578297218 91.325480029751815891 75.526418320677890961 56.156648434012005566 31.094400002303679287 78.383556032963397797 20.147187522353831923 16.662170491014940410 44.100014766966566526 38.400246884216819865 39.183608760724460751 10.273476733870664290 19.347688474773264034 63.616335298875895887 7.485577961682418291 6.326718977201313265 54.978747155621938703 69.134734724845642972 15.937567035011468874 5.513686312859839234 7.042642671365785922 86.184576444924829275 28.393502751354869673 1.465403885278215412 94.972798795835089436 3.941477358284646293 76.828072969134382220 30.672069256260606096 13.616102290021986576 43.401491698968641231 67.872404591239529736 20.140878122536758354 14.353270122967501266 85.620064307928586800 31.863523876280133607 66.049519398397578129 84.391339222801150299 51.842982886667655862 59.998279281225016746 15.778715502761867739 80.820235596734619321 5.966376811758205001 63.480654796300143516 68.295889696274812763 96.890521252381844874 86.777780663204381995 97.088301603633610171 29.193835098537817885 35.324537383020945924 4.656541654113780737 60.137435987287020112 3.809272725373222812 44.192162216457020918 50.709030366724036298 58.735812423496504664 71.344012758153368736 42.585661685122026654 98.206789564495949207 46.447537136748564990 70.153835772334474541
67.165127325196991137 70.251585315096150453 84.663046757741781789 19.635067703628973135 26.706233419265508644 17.650248920091261340 54.383116218060351343 29.154663342131986070 85.494130543225480778 75.123434160192260833 69.531315666431751765 19.829067482902466679 66.915486696384448351 55.264993571571494613 96.942751097196193655 49.477929753701218374 92.726526544339805014 94.132748193703577044 5008.135714692833971640 38.410670280325575732 33.643891595737152045 26.723034779621965384 29.837213186397878673 76.028465515332186442 78.349576311350588753 65.638008877705416921 5.591541436317107205 42.360684958982822934 79.240730972827350342 19.665689012265072932 5.780162180268206384 72.802463594360347088 9.437738182828326217 52.735173257354318821 90.877847690125605595 80.693541381624115161 9.278292363398481513 52.339749280383429664 99.286833696078687694 36.122352362666099168 91.778876750872555590 56.949665919531042846 19.163716673359960652 27.167547733159754131 56.403126506939784690 35.969403698415156612 80.036629564659790503 56.491542734576661644 80.502049177402909663 3.565374094909917968 98.497692469313676611 92.610899060088215151 93.169278355627980659 74.551128487786172627 31.727824749169201368 39.279624190655795246 11.587047822738371750 65.830480162342581707 83.695226530119285258 87.104572755927719641 34.685152120500660544 63.187615549591320985 39.224563518897319625 46.672427480030677316 86.921984575458424160 56.405259882442798869 80.353655206436329195 82.242598764794436761 37.148473690310531481 25.576816820566826038 31.419948227741024027 90.311460925573314285 11.612516783937447684 6.498317997306804372 19.936669880430514468 79.440398070059927704 87.866980529322304960 75.555687247378870097 36.644827470649396162 68.635899460115410875 54.749611207947204150 59.140980946365701243 64.279040662744776569 60.848422779279935924 56.304019089564718570 59.435778284398345761 58.158442419309125171 10.326613931570379989 39.089018002557139653 29.128003630273816782 93.355163736088243809 4.127741335529732325 25.863886663516332476 97.725996879661238381 92.614801371638250771 86.902382397473601827 38.108077870637231399 84.168332101136172696 19.780479908736133154 64.706324670346802463
8.786872045833684197 90.172847929833039871 91.489424498920953965 19.559535565760931775 95.953708518976071673 73.123724466125082699 88.249246765811278692 94.015607853953085282 45.869971263060492106 99.934465494190590107 18.764944270716643615 99.577875642311099114 73.189061422242403410 23.651661783519486448 39.429576961632868404 25.221980423186614928 64.450785064244854539 36.207280651398562554 94.249049430321591103 5014.274900284036448284 17.392350264707452823 64.966540624844682839 92.791508923271223352 2.719720183481467046 60.101867842164125477 78.354602251982683470 95.931685250965102796 31.567480756475166714 22.743416411551940826 44.069643735627636261 23.876188058894850741 93.509933434203645675 3.860436321938751636 60.249409267175430216 36.349774953994497650 45.180906814386588621 87.830767894896865755 27.473891429772457684 13.318360818065086093 87.687155313077042251 88.401730103675902228 14.416778654027112339 70.755929010905418863 57.114045664233003663 91.109811835623531806 78.624417146119455424 26.652996903107826654 12.342423554039513078 28.671858446003177789 64.551037608521966149 42.626997362194600782 13.235335428532335911 54.690633980301242900 14.110891144073022474 84.516045167857498654 51.352494310940691946 27.224180503572391387 75.944982674809963896 64.145928553449849119 92.908668025856869122 29.481078694818517505 22.087281631364099610 5.285278777883770651 96.147300029689503731 29.995664370570459312 9.358303381532037335 50.948136808815775112 27.858928112906411911 70.441846618279697623 60.687878267837142232 76.209167069775986647 49.067296109259594061 42.263024634075243569 65.578198906022876713 52.176073743817212858 24.640367113953203670 6.780237278883231689 82.064749775279963728 5.095409561706436996 71.309227137055600565 75.112623354034113277 73.602649240758537985 4.160065911676825934 24.711658477006050560 20.638725427686225089 35.825312927757252623 12.622716860802604799 87.523123390077898875 84.353662159715199209 39.426655712648056351 30.806722571222810103 73.954911208513692600 63.573810140843100669 48.836758909746187385 20.751668918569762923 24.207325514675165579 63.671379138537730569 22.495902489064366847 86.615416176036220008 68.931770071413254186
79.368657553965576312 24.198184383642828976 20.860387054108965543 42.570116882219871002 71.857943769205363083 26.515765229389515412 13.893322049341550795 38.925154360175120871 55.799147361597910333 64.429198976326290449 77.286041502134935399 82.695435754387290217 94.316007969545040623 56.040993627045892822 21.252347434767195011 63.973262033012446182 36.102088633449859856 35.224831173000097806 13.701723247433609032 18.070690398249254827 5011.743249770908732899 92.541866918726356062 84.274194235109774809 96.106218907586352884 26.729345550829826550 69.442006432932856796 68.682535410885122928 66.982387604697009920 14.349079547057936423 27.687867273263204737 29.045481002374554436 18.906770473915102571 65.815118861919870596 64.200784404571578534 51.804528238930465989 39.287754372069898068 56.058438497530268307 47.171472266826533826 22.731179121561872591 88.258109779706842346 56.532292616320511058 49.906830316775135259 16.370409783509302315 7.653927755180236936 58.279351838255948337 4.955110034288239262 29.308740345087649359 92.332198350893662564 10.525845845378759336 4.678252689092004424 74.901713293966039942 36.366202409242063709 56.421766604946554935 71.694463757903179157 34.945517085742928032 44.487355645049795783 92.872279369464720844 98.970878721027631286 94.906794670940826109 6.533683495036556543 82.091242807731134690 13.589167766332623799 63.561401833926453264 6.542554896187056102 48.936848846820147685 12.665171147643690119 76.653245742329289669 23.134449263969575128 36.335068902735649488 43.961528435958598493 91.363867596776401570 86.027216412039592797 89.330209358821676346 61.815551814528582497 75.173750250347140422 89.524096870165607243 69.310404791884337783 80.815097453976790121 50.894929007832601542 85.778505752251874128 77.643027345211265811 5.727544186946877502 95.440247898053399922 45.456307154878111021 23.732687278174761758 34.985525283949890252 11.489455729297917586 25.837805542351901522 81.329747979085979637 19.775958140960245402 10.820852644176436996 70.905326442519424290 73.532784484103544287 49.673141645299729419 40.030888137708181773 94.091015313113160801 41.925886999712098202 31.060339493037108838 6.759176386927991054 53.669749862008679031
84.147614205965695078 53.804603286292632447 87.842458064695748021 62.802131030441223913 30.278615852580866630 54.575630296875338843 17.047818388617226759 29.179110944929760763 79.879327380835803751 52.729062597561586756 47.544415219519969185 77.972523264379390184 73.409961981673632181 43.330377616840031862 78.765227318280821578 62.046702336454558235 92.873529335843130639 29.296449956605382425 32.688101765916002250 55.956047538630471649 57.628773868381429679 5005.624625303633365547 68.889043802747593759 78.245699375893266847 59.315956834420951793 29.762657173229793983 68.246255851459523001 58.662131413470639529 66.992425773224937302 63.353330166528301959 44.448306701418417219 85.316534842922010284 28.006821784616658277 22.335245439397311884 63.585581549742521190 95.587873833854885675 20.649498599461615811 36.700372597734009616 85.915407225105809630 45.477336021850348402 34.510575145106656691 87.185406118906428219 57.048175449375676749 24.670517856930729295 23.808850281707286456 91.010476433482523362 69.884288929536978685 9.208246725622933226 63.052245444261778573 85.271956660479503398 77.458102299247059364 57.161709177247168157 24.641429317465920690 58.555923663664721346 90.897332192468056178 67.891382483246815127 65.033899470518534258 57.072890395169729061 96.764796577656056797 35.027978442986380969 21.434411374724152921 44.932552464719186958 90.925040516051069517 64.968149854450473413 61.966786606059820031 25.324617393343359595 4.400666704549601960 62.000507232041918826 21.080022805409960540 26.687478305017823033 71.291368232362373192 95.048990705354427178 52.919978283263255037 3.487694414063456261 49.294321227199503710 25.282229478436594405 88.976709348791160892 88.486652186545470045 64.617158777279144033 93.878098970480493790 33.405135722398220821 83.389334545884750582 68.384729959018315526 8.708185183518878603 43.547493601267525776 42.121579858011649833 95.801018381793269896 76.393840024492774887 34.769045247852531588 63.529359470564855883 64.409950549455743385 63.052569577719609129 20.367616091070257056 86.897808140062537063 82.016622661819369000 46.868264451957216465 40.142964722374472331 43.397640647957231863 89.227286411356644180 87.556035726552579490
8.839833252643881423 50.206586141410234347 38.247892055085891627 44.035475128355770380 64.035468550367610874 36.413386071059555604 5.095563739156733440 15.193750681620162624 81.866339024462433827 56.451773809293371187 58.094882714864837681 56.585519573814337946 22.103692167358396148 84.743198746031083601 80.657042676321424324 55.973419176189040058 93.149849964985619977 93.824990329407015111 5.385276247691271223 21.477387662817911007 9.193172624370603785 30.381446592792077155 5086.124552475494965620 5.116456124110653647 80.090007656833392957 46.439477717968870252 37.079580529652204746 47.868677461763368797 71.051909190399925365 23.858905438539729005 4.882938039515381412 74.728142826875483706 79.579328973783091783 67.291049278327946581 17.899043694429757068 73.270581623682019767 79.410424835505239116 75.181250189133407957 21.624303080290566470 22.028774866933279242 47.971249969876566865 5.020198060839455856 12.357278664155673553 43.501130676341738024 2.811776843877986209 71.733110263415568397 71.867413458569686213 31.373808517057394596 81.692490609926792899 5.055628767971190207 3.594607863409770676 23.756735669354455354 45.940251164615915513 44.009634833366838791 93.398528998644110288 94.284000444274980168 54.739122197124892466 29.049924790912843520 73.898038396629317504 79.227578308012226671 74.416088367314614516 37.965419096746941818 31.478952679070342668 14.050734495909981803 63.676422361791971127 31.981021781027131112 4.120013681485154677 64.478867389227886520 27.651316637901004469 5.769678739428336200 42.942430799235218331 11.450516603649814940 71.759120832122547995 89.765004856324523530 7.650373269110652963 47.658523276320813977 56.015834372775870520 5.352826895082614556 98.553696887315282993 76.643753085833736804 85.562409211984544299 40.001153418595897904 98.164329029785164948 14.728611339659241963 9.879674338823344115 31.711462847369247697 56.416649381131747987 70.313248799987974280 24.857884690455556154 62.930906382233693819 82.789558801943655908 98.374313354331121673 57.215333606762321494 80.549281353440036924 80.719281984010365250 62.147765492153126843 65.556296896980001065 85.233702704086766744 30.327481647425695854 91.465829894758698515
63.337233797215127140 82.895802289733623525 51.443936898801311486 94.498431056770613168 5.495902097342121984 73.543777388751649937 25.307924386714553577 31.896482262514357586 75.991450571942010583 74.722924622367614234 38.996040565312206638 6.032467153303600504 86.696854436512921893 88.020312855240547378 1.487287114733910842 78.364724557268019112 69.953413809005411395 95.077826617780814900 29.317667223599489290 58.319709169484866607 25.519767319704548925 64.053952170839465907 15.563978833389153777 5082.213748405157275556 87.092207469512715079 58.690945149720093355 96.000469216152964691 31.304984454257287041 10.833114157775369790 10.647196902283788233 18.726542617704986071 88.991883902489547609 40.641842314230430588 77.512842536166900231 12.679319268459639858 74.531048137071152837 40.990447944247129897 93.276823896408785686 6.737036117770426991 18.292553666620730013 28.567333173439905636 41.006041156557543559 84.255655600925166482 38.226050879417023509 48.728569858229803913 22.389326634629146184 88.029203159546355550 31.636520274187660107 70.956951726710997264 42.756469209281419808 50.045909154587697287 48.301827560668343153 10.222084609342925177 81.096605220671150960 29.087544846632216178 38.984147352696666644 45.431983625576194186 99.296831004372990037 65.483900935781733210 47.482835063118542962 87.872381668264495147 51.273873780813005396 69.997122880011900747 82.529331473086344317 46.679769109859684306 20.258145255273291241 59.737836939706355111 22.430306993090390222 17.127085558356146322 65.461575560619422731 90.117207956582447537 11.297754282813405879 4.809362401931415398 8.866975118411989598 45.984866299284959723 48.550191437015861595 85.928560637435779768 12.421435443413678001 85.458317409461088232 52.279032111672044891 85.239671728471819279 4.354474738285259328 60.065391626813323001 64.592526404809689211 77.660338966374297343 5.053125220749973501 51.308441289599407753 48.791343661639238860 84.523792035774135911 7.561540205941787995 15.019923911827605778 25.442652634693523339 21.450173547174166799 7.877849605748998840 45.502609915924494999 95.016630875463349071 80.885093547866276253 35.889377402732314692 47.871766332669345445 76.567866049741539314
29.810181558748706010 44.503509330187050352 43.486204523057338633 76.008067089086452484 37.995813820970916197 32.111031950662749068 63.308206495824755677 15.775991507877431985 17.870520047067390834 84.074500354736386498 21.792998045257981232 64.601889482315129953 76.959849156806996007 72.822053404180479674 19.983823270332958799 66.970674380020085437 28.908769947364064024 87.721222030654843138 55.503335098436025419 99.931205240507210874 34.528324162680618770 54.452995420493756740 27.105498750667166519 54.879292259671231591 5051.863863376134759164 32.917969749588159800 70.056566924501780136 27.879277349130472174 30.349978884878893837 31.898563996406227972 12.661465079374664811 20.678500775807513890 16.761338545374695030 5.700921501114268430 89.276876373909544782 94.802120752890601807 6.222013919176262675 94.674591091000650067 86.320017727105707195 86.798363349027368940 37.827574940255878744 5.873360239555850626 10.987729553260219717 85.456335816899766655 41.535501103325067618 3.659606025095403226 6.041367249143898555 37.049879568307780175 87.053376614594910166 64.635420755177719343 8.646598913918463580 27.874134611909351378 89.552094222318956440 45.374453454764584137 42.108709750801729399 16.294197490270938999 23.612632271812962870 36.026315512722440815 25.523591135281886721 42.460887887213893066 32.753022078084072177 77.511949489777151712 90.600034354394537672 11.758764997309143041 89.803763139394277459 31.015035523571317100 19.298327835943418052 74.600180750989153466 14.035926490244913012 79.308052395369415422 89.878858411684092289 38.727173048638846353 14.306787696661023901 74.007064251794361098 41.881735968475879872 31.075230365932000609 63.250192494270855548 8.146019391935045206 17.796575545990130252 61.966597310575259883 30.688272833094927705 76.545372243976729010 4.070968108231713956 33.452888148901720911 68.577175194418089177 1.023952515126960616 14.739778478727032507 16.007844655552794677 68.334659844389193495 2.810634246370244504 10.177345215044034887 32.654011509523712675 35.311987882897490465 96.824447541100724379 12.859124190779933627 2.321352082417513785 80.370952459752800223 12.673509611103650485 65.124809917356202504 90.339305360374652309
79.732616842292912906 93.284322042685062115 68.266328259755098884 3.104200691965637748 27.718219780552505682 9.995227476754685370 58.565913975919826839 66.374011668263165120 13.852732504712470529 90.358718937768756518 25.442343070664069415 51.421188501243165092 33.224634504476107111 2.949839023420724793 14.773291728424769786 60.646518338209411070 26.938171386410601826 72.575918048856635778 38.089260347435796916 17.397018819221713670 11.615902160267200571 69.405567941823107958 97.394683384380428492 54.545194931194160404 65.275305031189816418 5043.465673471143418283 23.216890731342235910 75.007367058498772394 29.444910127191761262 51.482338814578156416 77.903799551932465306 38.328529302154279890 70.540893605176535175 29.477517012867259893 51.440042757244874849 66.648880135177748230 19.443246679891768025 98.135976489980834003 29.883732219387052709 17.061515927369043766 43.856225262974497525 13.192887568135667209 97.285108806444725360 64.743417076590475290 39.937789463314253169 19.225252853952877530 78.652284636432000298 78.101573776277334105 60.582906377104812634 54.766791439567903410 90.343757212011396973 11.126134074931522733 87.594271241667811978 90.831738017146193442 43.737672419900185616 45.471752439612870944 28.747568787857339601 33.548182283331442477 35.904116180751699972 47.697899657117687866 33.950506766461785446 4.279294182999485940 18.237679043000834866 7.904023195090272402 38.788487332601647495 25.474373302714191425 11.678216993927151179 6.341372948832072254 5.467781360627789411 20.099916493604400358 58.300129020607144525 14.417746470525752756 28.260218495816758377 91.107805570046735966 3.095155152341336091 93.218611300205651560 69.336314491981454466 90.996984098829557297 17.178038473810207876 91.605602915053694346 42.565400083036578849 73.105751793959612428 4.754431399450448126 1.397531572809569855 59.018061743394298446 30.829218800472357742 1.910253644022120056 27.783425081698624126 21.214215300720614010 76.709395440456106030 4.202802272348376889 33.982943783622047818 1.059373719901808730 11.098915780872923520 11.400352526598213743 71.167007247903839584 75.493341543945362559 61.155445565452197343 3.180577085072157750 91.292042352475931466
9.885635736269861695 90.934297604321585595 90.716828224519858281 59.181788924905461613 40.409908183821507066 90.963649322514299911 23.309141226339519903 67.867532997931704131 94.774828846832861018 7.085369761732977167 86.578180025882588211 96.163590833007532410 29.875496786948851025 19.834892661739154107 67.195589526463876950 90.050930733348181434 98.532964948920451320 68.734364293346743580 30.651803203492463012 10.037076374837180737 26.744782026591181534 3.348839568823688495 66.622134369169543788 23.263890883743449933 12.765398615115696401 87.447927686866719910 5070.199262126869143685 75.105499808239216009 45.851140537802514530 93.637637770486989552 13.023500650212529450 90.920281169257663123 67.733567998261150933 84.175759179183415881 3.800316173729989089 90.078040602705129913 79.272264305570928400 51.512190454833103104 66.109133815820882774 33.740994958230174916 74.079106349032301182 93.715530251837193987 78.736931557461758757 79.557703049895650338 94.119608797626284513 84.947628094817559941 86.956852903789439324 55.690844791077225295 52.653814157517544459 4.026688416555131766 65.568833147071899248 10.543145900622885591 14.404690170864590471 91.399660279982114730 31.127645913943617018 89.222324068002492936 46.894233630038229421 18.422010730323052030 95.253298479354754136 49.943517558977561066 35.125332525334336253 35.151450112659212266 8.974795179433243675 31.699350684026626368 42.759977449241638681 84.659024273818175743 70.609691524320695066 52.926618337782421975 10.500298246687965076 49.035867645881118904 82.661479797722662965 39.645515803146842870 90.195020810637757336 19.414845920321702977 49.513861473939016378 77.264969865209991440 64.515722132091511298 55.269959487713066437 98.728752450848048738 31.955145100693204796 61.788739969507645355 46.931906854349065839 22.631203583052361239 57.081912433390336048 46.770745202863778900 19.260850916517512132 95.707456759556350789 53.564891399257234639 47.519366229443463112 65.625218153044201586 70.880635198208608472 30.335781459272791238 27.370837429287593778 14.049172874490263752 5.923413523185476315 58.885130770755445440 96.525391399683243776 50.137575464697739847 33.144860827742093079 3.799683638463771107
87.755817495848845056 47.925414979621905331 75.292952163471468907 48.048834171376668678 30.248869411725255674 74.938776334618935948 72.876767324815560301 51.913369359721507124 82.286407676350293627 41.715501503011502393 36.218849271800287681 11.671704973220183632 96.916763441335746165 25.066303651121732088 18.845392542618629506 32.562272752357927175 57.503034244448983259 86.009645242270138965 82.989272826911147263 97.452934330416098874 99.080441832708601169 84.362406128005133610 78.861945721761628647 62.131739165022466409 8.908188629792457292 86.062907084708200500 13.688975758442426311 5096.765025550076643412 27.901293898538284566 36.211493835110374562 2.724650318241623737 24.059357346964176827 4.894145343022060501 15.041344963217930797 95.593220249623470863 1.977851657072490443 48.788838713737348485 69.228609728010823687 68.944521575624705179 78.384453104992473982 36.457473219554799471 63.836028940882385996 24.279172146444647495 56.810983907805493232 87.971834360691730126 31.772121100123666082 95.207632696114600890 80.884993276837960252 47.817426740462273926 18.498358952837950397 44.910632453651004425 20.054122049045123077 49.575123445551113832 66.084965048941427312 82.903692344445374829 52.856790702067982579 28.541260458175287340 96.006859822853797937 82.816044244245134109 98.014835065958351379 51.996744049632468432 60.392703014234434988 45.668812543850755503 25.104370467940636757 19.098424785974192019 69.747397101462695446 16.789600413332060214 50.465010623034771697 1.201125113283856960 27.334878311923446859 48.808863400035960467 55.428721106004935848 31.801038252627378711 33.856632563472679465 51.800266744834438271 73.223331491088487155 4.350330860353922802 67.326487966914385197 93.974528278929980729 34.887924605886702523 40.086824453317404959 35.834797668655511416 79.044116415968701972 55.586141247217703665 25.794131439210907786 30.030994336733300543 69.900662555606260185 88.242581927531361430 27.473735878820040313 4.139689612156735699 6.752524632133015459 82.018549532036317373 68.637720259216791874 94.000026036815029329 21.126491638485873636 4.932119342354575053 58.002203342250403750 51.492341538206765961 29.123654529996464646 54.509078977012812572
17.617066854826077815 82.486730927604170915 73.334680187364796211 14.611152159590076849 35.173343371770492638 12.572111118205361535 55.771928634313368889 56.468042484793706137 32.261277069658532923 64.402230292794442335 94.105577646446462836 72.247443283212959386 92.969117424646469772 80.065044863361080729 43.175337280161507181 72.353270912190012609 6.991623006151346686 80.530443794404220625 97.245550763589392318 87.143586218297400592 23.065300827885128143 14.888455913275800313 4.646377009580001882 43.774489608139411700 54.411385655107672221 5.702390231487839856 2.158794785459630106 48.640443317196876194 5057.110925149470858742 39.760292497783453314 56.006254056700328192 13.066425400884245533 32.452292540099108464 35.540810690237698566 41.169681767121943494 29.605782789706658775 45.350169944643610620 35.817814814188523087 25.575733980117686173 4.123861910089119398 63.121866364127015459 66.568587874703808893 71.910106926502677993 31.721944151577261550 78.344783674099829796 38.406820026458781570 60.944681043461081060 78.929200146327389120 48.257300705861091217 66.739403871490210918 11.647429815679689824 11.669529651488922184 87.842314906757295034 20.612310860218428843 15.322638872852021308 64.352526360205203559 35.780636926224474337 7.810165282330604697 90.348695381154144002 58.578927799003196242 29.749787072584911840 44.720664107091764095 18.592728428041997546 80.301705627664446752 88.142939295989762627 41.831758160756152165 56.075621648442357525 16.384165408429971933 32.416772183084752612 72.189317484210022258 90.913614441145995215 23.467528301651231715 85.873821341412096331 3.590607430406031586 91.285565405358312319 52.927880464714988307 22.290226129950887923 54.651824788366624830 2.793654744234320475 11.329157991543246098 94.817634831000319195 57.620451212542135977 7.545542923077459108 98.427606614668462726 29.617343875224122485 6.180952513547511629 55.213774402150441745 86.085312214993408020 18.851343608070802560 51.694642976283226687 3.581167150322666082 64.194333056229766044 24.184210824743033186 65.221955481262980925 94.549310186044039028 71.377402004146858872 54.289561654817234171 6.168321744178160593 73.195301127137440744 78.300408665620409465
93.181024907580024319 59.036480138065307699 70.168119784019097551 69.433203540002182308 45.553119634047405384 12.604488351711101046 65.175054969221775991 48.206124329015807461 91.674386178014344750 20.840496394199686137 90.037436986692043206 64.582674877600666719 49.587225324290784556 59.705536795979035958 61.729575894622897181 46.724874424880567858 82.480387474631541522 34.725767526746217584 75.186006855003952865 19.110192357496298854 8.084092431117031907 72.484142984770841167 54.287778934493147176 86.384200393112209326 24.819566456283144618 35.388890754391397309 7.204574387041962069 40.087643450036928527 76.981854389667205396 5023.477717581966317084 66.420708717102058927 74.140031759472492467 97.158143853309638871 69.829211598938414340 81.337442907324785324 84.428553186123366459 13.490168838506921389 30.658175375471685697 85.054960688020244675 99.934676290945304800 25.327176191520134552 73.629289662374503678 55.836461498334173825 91.485997233614341440 9.194142934072162987 47.149084862424700759 33.903506581539204490 43.569153357473403787 82.396962462501662117 93.235078052603455490 10.795629336829019707 58.130341224116556020 38.612938420733165401 2.243959668489770465 30.439742640528798745 1.063903821455037368 90.571257526073367217 66.165281558140719653 29.988153982558873878 90.770903332576423850 64.126107830969800716 96.026538217454302071 7.656681703099409653 29.560730192376897918 59.232411971002953521 85.096753958377703952 99.477419207459774952 69.189494313908852519 34.162779711765523416 28.067485685680452434 71.363707220134031672 31.030357612996876782 57.508204725206482522 39.502568590345632060 42.388501876243246613 25.051834680042723846 86.636546556420739762 65.928496235573476270 50.542885436860942150 77.510578584010360714 13.221603026168052608 58.842148737759586652 88.661374021520316546 21.081242937181993824 63.225527528544958500 84.159535412175571878 26.622161261715255876 49.379817417826174619 29.961635987806552350 64.535504754487931223 12.219420309216651788 40.936516720460247143 62.213645125025529126 13.106608583394960377 16.773336075889304198 35.934278687692156495 85.947444772274977254 95.555340988908369582 39.910192737564280208 7.813673673857522317
98.996022978321207120 6.916103103332290836 64.705142936779111551 20.809803906746925151 90.878113096058939391 91.279663623696592367 57.937626593746955450 77.564257835803275043 50.483577221413725056 1.272848732202653821 78.673967582984971614 6.182900160317172045 57.271963724404464813 4.254641934356271804 30.760494821936823939 56.097678927135987692 7.538394643217821489 82.759698925579655793 1.808581306897606655 22.823169635689637857 80.229652174368595752 79.412763056208035550 22.554112399276764478 17.171945314778447766 84.207137090947398406 39.455163865439409676 75.094919153040805782 2.658254172408865745 85.801245742275028761 48.367928728796101723 5058.831642309051858319 11.648275717961142917 63.005100551337513082 90.984667616214622399 36.658265064953482693 88.152282582031247671 70.321262047962321162 18.999489481412805247 74.871659519235237212 71.445322703123437691 60.522298779499983823 43.885201297353972905 48.125438267206391174 23.414976195813114401 46.773012596353140680 68.484435080521109285 47.008886025508012096 18.516696153154732940 50.516004817299915430 67.515171343143407512 57.611780275589133282 17.767350064056014247 23.397075480358036970 94.032760099010062049 3.462246202876317014 9.764766527474140645 86.811570128637058019 38.445797418561355130 61.786403517960543752 74.341046444404724980 24.787934503584104107 76.789934274966398675 58.147452586835292720 99.928740225463613456 80.049041939690908976 38.309769324585936090 32.584397773279476951 60.472470991901992932 7.793821286053460362 18.225954830672549178 15.944728001732828560 83.117010533507382775 74.601864429441306470 66.662939924195313779 76.244138640932050066 79.511424028932154329 12.027832821036701816 78.563180836100755755 29.736622616254649643 3.653699501931240601 77.607518379329604841 81.473944273714863584 27.028938572915254923 54.702603320855210711 63.301475510044298289 78.941328253440573803 49.622588838940110634 78.841776095179866957 47.083304169634139669 18.617234890290966121 31.807450457580607406 1.346792118917413239 4.168975594445738508 36.990248042645333726 50.583940966866450140 14.499473883290988852 52.894241605391187022 44.365974225039778389 36.672575245981413161 15.528213731529149300
61.146085882392419819 4.156690291648354574 20.589245303396630504 65.251372467316159032 1.387667792110212739 3.912332026731971890 26.390120415980188540 77.097527206040581405 70.340090372216394599 30.504804799790289138 26.399955465680854161 83.081687965991747546 3.494600027153634159 25.918839695806298096 60.801298484414893153 84.891131342716420249 48.211895591216062940 35.590698873382272893 26.587360520640352490 57.715430641781303223 75.519696824694591442 59.760277797995961180 30.466479647703721412 45.215292040547595320 79.127207730107357975 52.100711812884163976 59.459357105204176719 87.430923772458072563 63.149239735995571721 96.024257174741677545 99.354904565961490448 5038.372081847458503034 74.810724990966150472 21.254753578529122393 47.548199586212923862 5.349389520283310162 74.472200628480791806 24.041393315276870624 74.461913351669309691 17.400296472230710521 5.840651471433902842 25.238231745271804130 46.221056147703116324 43.496052237145406139 93.474101394502881135 77.945939411485753112 38.517322067407256725 9.173121833797566183 64.021313195001312124 5.776381908537122634 97.195936420594975402 64.147021037275663957 22.803549871673560290 52.490387676427729957 41.827624706040488434 35.106745068134067367 34.985130853250694827 96.467337952631950770 89.435457550150061934 95.746457106357880207 89.418266380910239377 78.122068495162480417 18.380407249092986177 64.945299494809148655 26.386487016570846720 16.520756806585218612 77.274474864400573892 39.632245519582461668 25.216410897111259715 60.374798235064169205 79.347608246557157941 47.099526843493841000 30.022657917557431517 17.482896362810638635 16.295383934059955777 46.077526147884746877 42.661824449965529027 80.343251463204296670 46.122635357866194283 18.868460624902720468 34.528447933501333011 46.965368787199267331 68.503933091543373735 55.495992254313996739 41.716919967308847106 50.870166935362171046 13.697449665104763028 12.588024967358672157 50.190557719897107347 13.417589311735760305 7.832921064817530699 44.843768004384791936 29.189062638124049442 81.068023627205263892 31.285512146137993028 95.426379367415208321 58.489236979579139586 41.532631017097983772 66.733119423874313725 82.951232435153244182
40.381847096121269658 28.094033181168892810 13.642013125494512948 59.432613617473258216 17.246458621097193742 18.473133469218964819 75.124181347833314248 74.519606903560486444 90.377136267921969193 67.933279398865195731 61.175985918309784495 86.572615505122911372 37.057801499282049917 64.865553583384667036 90.007646105871430109 78.497656802331349013 16.291054834154934383 66.214660047948626698 20.137897508163138838 2.580162352954934235 49.157695519276643381 2.523801451132154039 2.671863331817997178 95.818897897924273366 31.174527286407059279 31.679048117474213342 41.607461005365664164 49.184591112854995743 14.056746066798259776 10.196895664198112996 78.465168452343149852 25.747151432619418188 5048.752556397828811896 9.396594265531122758 1.160505019216103051 30.424739123108775374 97.571499191040231835 88.819638961482638706 74.464309224268532716 66.426203893180627347 67.793612147717112748 61.229988894264799626 34.118395906996205724 40.932413319432242815 78.249616232117347181 2.215546297944580356 30.999671809086589036 45.739316954790091074 2.788038038853311029 47.133331554386245443 19.079274501993683799 37.549651472385498607 35.065793191744475621 19.666665158903448685 37.209513396351937331 22.481522087798168741 13.117762749371552289 80.371433559744659192 18.872250399996794101 12.277303750608883348 60.648383969715574437 22.220306305800455959 82.736554680137629703 99.041041303990027700 72.338296610817252486 1.955370225127519568 70.864030962068071062 54.538269203732177459 7.369277310628672417 11.804593561330296581 76.138214386829844216 49.841326275759143982 22.064996110167012233 47.221798748640097187 57.980279941718343650 48.186256325864242456 48.712859907573097473 58.296295102727604842 41.865233267515272075 94.925566254770572527 98.673442388706831707 78.626190559818581960 97.020684352237566372 58.750641083380877205 21.914404777594448603 6.816505971740761893 86.320326281777482791 90.382006404724862136 57.943603193783722816 78.496191743245958605 25.167879898062942345 70.248089925646226561 49.469954227808301539 93.414593657849707142 29.351860433045708021 19.708392509880962251 80.891217671804085398 1.997777371980828498 95.929937276735444129 3.359254063915250832
28.101768542555269903 97.284022427239520425 6.630075882137156817 83.501632965875870696 93.014435873014377876 70.519821268249941681 36.387288901638910943 64.143355946270645518 86.074539006357397852 67.776222984891745682 18.976118944932384380 57.718317240521614053 99.154771691141888823 99.429728030264357130 73.526896828476679957 40.177225773963414213 34.087271690137448843 98.073316845896428617 33.393610642162869340 53.662116275403974441 59.327244587652870678 64.354705130622505749 50.751177494212385000 9.430010163450857519 75.758308885403224053 97.292861823767040619 88.931807418674168275 52.762095204694951178 83.230907809044097689 5.122996104917951321 85.539852124622001384 70.516071488754690222 78.509526491331257603 5054.650933961719601939 36.508892423658920734 89.648252912800415970 98.824333975806467834 34.402156503105622676 11.912650712956045496 49.157058387321434623 14.597409713608872295 63.006817134583990025 82.908547418907275528 92.849079194914267532 68.417081271952071120 94.980115176645753650 47.451400128299503933 3.846355551660836980 80.101985723350054514 57.542328845784034286 90.488254440018110358 69.718340926675537617 62.771003375070975494 92.312245394176329683 72.263757084580205969 49.166937706161213839 39.880489014285643634 62.171853523731975599 4.262984056206768457 16.828776172128726785 15.537907955176134323 89.312699063367688268 6.356759739374838958 80.065192429810409180 14.615442332693495686 44.282249411285469876 43.550451101535649912 81.748634141714845214 68.457320975911500227 9.301322435478663664 95.589210395630146877 38.743610504316002618 35.941289197795072141 25.460459358706810207 55.681476400166431517 91.782085986631912533 22.020101534994214632 60.824667232283253782 52.685290325236735498 11.942466906437575247 28.533407045765912358 5.089074760243645912 15.155311386828019593 91.529937138122335227 24.350339858040886298 34.933717623654338524 8.486954268829006054 91.400632861962009201 35.661135794883804806 75.710514117116048283 17.662787685799585802 17.847246638178972944 93.138062967518564506 43.426009641603336320 27.512734556947016529 56.527049049812369219 22.413074656756624137 24.825962283568518529 74.945002374939491574 81.664299752386568798
20.219220956862528737 21.914895622663610908 47.517156387716134702 79.133981957224719395 79.024085204218849299 22.838888857179004077 96.526510130996868497 71.850495825478716938 78.742518807772185596 5.729594282470370281 56.037723814559136315 77.850090165697821476 91.976886137762207341 40.614865642658571687 38.861681132137121608 12.457092356839924108 89.040859705752168907 37.644677508987768988 67.588029292399312453 3.162854558294922125 42.834286681040723010 86.639466678038544956 84.661134041362828384 7.851960526061148471 56.977277663027521726 28.098748221201066855 88.487214479932262634 10.474799863964920021 21.806997310493088094 27.192899684609557198 24.020613585044628735 19.940330700953111887 31.387940269537274673 92.390592662216207032 5096.648988943820768327 56.541308449845189443 87.634776058140957389 10.335216942104551663 33.486139099849388856 22.989886584297174466 49.666481610040094097 42.333991433944497373 74.787586868455377953 55.980600445222179928 9.846623683214376754 70.060881742552751916 46.354320672557498995 91.751655367771377314 94.571959857104729963 1.997217768190377996 43.423931776008913630 14.140450571221654386 92.815089881804553329 36.547926928418000614 65.837969085917379175 7.026535522128892097 94.889206385283472400 44.286340634849494791 49.564313516244240532 61.676615908245743469 66.647644796962026703 21.688194095223348512 81.494201790491317183 35.474248677378888317 71.050950177758252835 81.516268628433067533 82.254499780257418706 40.204168565153530324 17.690590947278405309 54.069346143780137481 93.599808117524659679 38.597524104758598185 30.741413992875408212 92.406984766936901110 99.956172833586379056 73.348864398777976703 81.724144347826026546 46.783502027831815440 24.969648176259504169 44.748060803010091036 66.642965525323290876 86.506013301710083852 36.090731772602012484 79.447569759576737169 54.525077757061524153 51.882035765595524879 68.580456497317513254 38.640521893809982146 12.250355881552305704 97.588812216199187333 67.976201434037037075 23.415668439262340428 49.181699685219214757 40.035195223214046223 39.661498807723504001 26.455451522956074939 37.767038964070984264 53.712932465914668967 75.340290620553744816 61.408291940464010850
85.062706066713275277 37.644195264567301251 91.562159259721852322 93.026742035774375950 36.216278274032355000 6.771671189498977839 92.799290122162020111 81.928117420086508105 13.914514099171229944 18.761347991027093940 36.547659043724500805 95.315339812941232367 19.893468753794095960 23.913525889097932975 86.858527399268211866 12.492285089561757871 2.844738818148222492 10.382266585168951067 13.617280035448899866 11.815416115929041396 22.692781273269858389 90.550781162456047468 93.800319477030456028 67.200604910179080775 95.050252463726792485 84.657181059897482100 45.781996641578032836 66.442164946154264271 54.646555133043150931 34.412001312107854289 32.430271291620556440 66.390707813563437867 40.569716997959893945 4.857069717084574023 84.275862777004149962 5097.595645630764920497 45.304284323509847354 14.945592736345329143 44.677515070466178315 35.831602855552944220 96.416841813886151158 7.969802149225992949 95.504079859531870511 34.230899259000132417 28.234118869192556645 40.169186923596299721 74.970007492685780903 73.351859441104622306 22.898099832465220516 11.048175714786575341 30.987269816682548651 54.038157469379953568 33.813214781621638849 8.277371645341448314 5.482079236455153826 83.932400242610000873 67.750994831350865866 95.909753946105936961 96.396684983625547716 35.493590835756535284 18.717944795449060535 70.727536516719212045 95.721124181904571060 36.640966509951539365 3.998357176974574045 10.193014882398298226 36.426823987687761530 40.263903604347632381 20.298579539639067804 39.530198192119904377 30.966041995546333965 6.062568106325259443 80.919860509876627930 89.527989723561930191 49.780865470579684029 45.100796209654141933 63.295574149651173457 70.340225746793578310 55.625121094789761855 40.231264536541146981 46.632391341634004789 73.278310136691487742 20.869824711967851272 55.153335405460694574 57.179412243284126305 92.397565631499773531 68.918746342597415833 11.443875181444708389 1.991810132634713959 86.533573731886775704 28.016621010533441449 7.651636143214764374 28.439918231709818031 82.228620151933839111 55.518220071299715812 12.900298924400432909 65.120951301762417529 90.113227922569080874 1.652527508932818634 62.663110112738330315
80.368944443805901301 80.099655348058377058 63.331887063637324786 14.098472180023707168 54.350154950003066290 19.530282712233439923 84.458448210418666235 48.654879852143260166 25.534741736298144588 95.938528316543127517 63.936151623942102162 71.763930525842923203 64.044296112575750612 61.394720021811430399 66.638159315087648338 30.359111858067134193 63.583500528416429631 72.702548956548938008 12.879381693603603409 11.205247555562868556 97.539856841538721710 37.158723860437625319 83.725561136762095771 62.806210394129628583 38.482643320448353563 92.462239104625041364 56.283189170055010209 7.579034767135530259 51.631900775532550085 21.379441094709374482 73.821251539492934057 73.922285508274043764 17.183767086377837785 1.871737831774126670 25.192255085561949812 14.471942678994723863 5094.199482696369159385 79.249730457746352386 5.016644144205802291 3.553275386553785609 23.672044134744329114 79.115703722039697254 79.339571364079034765 37.723836182066179390 46.768680776416196920 1.387542196864977928 11.129746417516503953 48.142667286627393253 86.040724046762207422 44.268106749547619927 33.175339516892456970 45.458742721905743167 90.294287446789766705 68.693948711366530802 68.305208139243617893 19.685319480254133140 31.246005435132996553 56.175433501393733593 81.502293001631727520 28.442174372445990116 5.364990612317868113 91.435207215812695836 21.279041942219333094 89.770109128270405563 41.459529491240694199 26.859750186981909081 75.535042841325306995 20.429246688268243304 72.918252284927305595 22.244479299603284517 76.949761530678472354 76.420026917140944533 44.508425147021313251 84.492208275309693022 58.625581362060700030 34.794543068943006858 44.651790722221640806 85.582270579667792276 63.681328421367020098 93.427025770544730676 6.752160094109408206 64.714097394925659046 80.148195217259171841 38.552011905933746050 92.027841442628627533 5.487701785151450018 69.989729081142058931 95.104251613096522533 10.890402045016617905 8.161465129587124778 35.391733801129355186 67.931546401572418858 88.754796713073304204 5.627769284426744179 79.212085212661378364 93.565235184306303040 81.765901154404915019 47.778419125158073655 93.235862976762646781 17.217538308979456474
4.573261852802911420 43.114212820338288168 5.867581452463519476 75.327364843934219607 38.659394719635805870 73.587829406523340481 28.085209902545134497 66.376772323748070903 16.548824707743616358 60.807928924409431204 16.845150116637626070 37.970746672902023988 15.133515495523136352 53.809061754089228202 19.532106376619964294 29.073353761552038321 15.886956886818301982 18.969079975693730944 55.008609407524950541 35.979448714438085233 15.744408509051982747 96.888471300009783249 42.764378820852428476 87.773667782040661223 73.141334825588685931 17.429289301383263933 94.760131949031958243 3.244864443296689771 37.853173328889951677 20.074379110286351136 26.682351137512590356 66.501447223708936463 29.335902465603698630 29.780602002209892731 31.092619465273632073 7.295764153402451768 57.923100934598302558 5089.401828566960830358 39.786523090240258682 60.842394967526267635 47.865124583767240551 32.702819021132739863 76.992567433925003684 61.322684108359943878 61.881985033264548690 70.582576168320358079 25.785429997687533188 34.893847777077994010 85.799012183645018581 64.869537964275821196 41.281437526907943436 54.458942209999634088 7.991833616454173672 43.057782025563156481 79.226054651215562785 57.633414915099571374 58.453759506629616283 82.396563340757154492 42.517858477379100179 71.103629855526605752 96.022980025762436185 86.542240677364816293 97.320738124215793619 45.644519255627038490 52.035306104252590842 68.025529377825378674 84.376791338529216091 93.176774770613107535 69.473116489878734114 27.646331022627606444 46.107838810553836595 82.541204534162432083 94.991451975882910119 36.654691197380273593 27.238472473686698549 83.276430814336762865 29.884747876589013771 25.056479878326161526 18.954027949938552666 61.142763993508907561 25.697016626720710519 5.760425091898433436 23.184805334279694478 24.078024571776449392 9.142858186723573866 33.124621600849145864 99.297485236754624793 35.059559519203780553 18.850662326839362493 60.058750458911760006 87.230884427630414280 4.212332221999334436 86.363000189096695181 32.056772434298416385 38.553437714003848669 16.792087345976813850 92.750609697078999716 53.709070671386434981 84.735123005938746132 13.063329623680246527
35.549222112322333089 87.875842623917080232 40.829635032787550131 89.163841853401379467 72.268792113271956623 77.439997797990045569 78.098086496933134981 73.829563248844721102 58.561841540524071092 78.457555077475177541 85.117359476538226204 55.823708914002232007 57.883710022295318254 68.729214673587335938 37.151552505842659002 69.860620614448066590 43.065913149057614362 37.212139652362637321 22.244573571197687301 36.302534350866203283 62.314597283211746515 14.909630514221955622 44.037669574826288965 68.632713900982366795 49.627120627349682991 30.398711381699868639 40.503172844163039201 59.796492712604113251 54.695182075357472229 69.334957352429285038 28.072842029296303679 97.537804661263976413 48.259690004192677293 37.392236327964695874 90.860262751311083207 51.134498011735033174 68.624976612677997423 29.068108808444762303 5074.430346322907098511 19.701339664317007561 33.491284861270592899 41.626833425902901809 29.583028558317945311 73.734921457279313017 14.718568764144558614 39.734728511787125171 70.194831644806015447 34.478574769286638002 89.848325604729495808 16.867595974388319036 64.606156170864124988 35.812301019626801235 24.110672097880307518 78.710522903763660452 16.477259104080218322 97.973677317506428608 71.906845837956751666 5.308293930206881228 24.475498262734856070 3.988775860022545139 65.238446665753372145 38.724670283701051687 45.106718591531091533 37.795088040800031592 88.612412811470647966 22.013216857735049103 12.631644203310454344 4.971603257203185855 78.217949072783099496 17.817885291564707018 32.938668900794937144 95.389933627565383745 47.953876962136163797 50.729325005498616008 76.876990494925962594 51.604425223891368546 32.968401374463013553 62.651345281139292354 36.672303320610581068 44.409214643135378253 12.863919871157273533 72.279728670053827955 68.934316123850450708 36.651622171537901806 37.674074636658957616 75.852028261737018511 49.097979596578703365 92.821663287904257800 5.733075540053709673 81.593645747914251842 9.511866672068897799 70.438848110472420672 4.204995315325197325 41.620455061970353938 35.932958538108941582 68.261118831832078513 5.161011644865065584 28.703900031822382033 64.795015694642813742 83.273975963582302029
28.077376678636493779 35.876363445782430972 45.115620955949538029 63.884858536979024279 6.449984078410301080 33.408517029498028705 3.749129698454803705 9.264506268012231871 41.988121444154067774 69.328803389024528769 32.199091660115726654 9.592538721566622684 10.940959091988395002 86.772175057630121842 50.284053321498760170 17.147387575003261162 23.724442513166874136 72.268469005782733916 25.337604243062990861 6.503359407341163134 13.721392090784400253 59.631626156976182074 79.401918330526243039 77.988057783751841612 25.095194195571256301 73.629681532645420816 51.637556143554803612 78.340955541913245952 37.298987680477999618 44.807618214521362177 37.203437438838690809 71.109828572439923278 55.207916594738506433 34.719966942571602431 11.594235497807945379 85.647418875719040443 32.385963547439772015 95.594792441856782261 41.996830929345208006 5060.107810818922189355 13.916365049217406025 73.084488483194803621 80.309166017118911896 9.393037893146891193 78.834145437741909745 73.239815417491783478 39.096160996835763513 55.273146471174136707 13.358644052369983868 52.767872141679852405 69.609571384530184446 25.968581864291362393 36.228451063956953249 2.154177059842858455 86.513915874054760025 55.726510250592561135 87.483808265486217692 22.514834020107326040 86.199981385427292935 83.096998500654976283 73.479149703394554649 95.184059639492716087 35.053241024311596163 34.071640896833024215 32.329889212980461366 58.057875599853403514 62.118525763308355181 39.092102906480228341 6.733997311764019500 2.242175089877123106 61.074702592241507659 42.816816667915361450 15.998339341014713000 15.650562592827931496 97.215125296304634617 18.750279945875991672 69.679446666817142386 99.068776137119144209 1.372180847113412483 63.524250256173957041 25.841075708147915435 36.102922074665357854 25.820384881433970037 36.380802295815591663 73.592800324600176509 46.731580985776744797 86.451411316562897014 33.507645236313912562 46.145606164943522742 68.149743903953890367 37.074291006023230466 52.878188783248482707 3.237064996076322032 88.841215616237533936 71.893531937184235403 46.495335441600907700 48.423408700523474124 56.039899212655775784 72.776880960375507357 75.676028863645299793
64.190712058214515423 46.666737649436328184 17.765424795317727558 87.278039825604182056 49.823003432580911465 16.548138960936363162 56.637126964996966194 8.187417424351412620 72.304969655120572725 25.297449819659433956 34.161477899729199237 91.819182834798837689 95.262498743567803672 51.721237630504376170 57.500181254981292511 2.843164037766526597 18.939023271093248013 68.462981592987631529 41.195020063180841419 23.496465074714009802 14.627998875379343957 99.837806359431638725 1.000096188438525324 86.306052623652703915 17.618625366807261656 49.655269855362909937 52.793277049843304383 95.326635161985947775 87.600024759640518823 38.871697645316473313 8.081326922033969851 89.799041721882915112 67.508919615561040928 40.663925307734253067 82.698731023325805722 15.229323490079865522 87.560580283729279927 88.470258425285067005 52.189111174134367843 98.527983899134866874 5030.989409203093600809 53.891438351537352958 88.233659446532286097 2.852063395382749889 82.837394693044103633 42.470851801596644748 14.810396035168729156 74.926188311750166804 94.468831968258342613 36.142625383851878951 35.340983477047608119 70.739960314215096560 27.536090585820616639 46.571032171806805877 78.572715952161956920 57.335908158498021692 88.508942473440043841 5.080999290755975117 36.115789275554107007 79.368758629303158614 30.318971538534984944 15.412171619547356372 52.320535501017310764 40.379516410937945636 28.820065065919404645 3.581479682684328480 8.630824635369814146 62.573480625246965303 49.562832150361927575 79.781457230130214953 12.755430794737650402 75.457194150095361351 43.910780582311645048 19.650256741890864021 68.477743012957489555 58.161748789938030768 33.521124112869976841 34.376437726069099199 93.189188528000826750 3.577870886828321328 58.597909093692386762 36.364104147027717318 3.546578762534910112 28.044738897975616254 8.737154502433622127 8.263671489209604815 82.302647100079710185 87.076776464773431030 51.090749610199608810 39.482168416465327709 64.817491617750505384 33.480086886052916384 73.188456630797233515 92.178855653178430885 19.777740949237252011 10.142333841813689688 88.956012100560514000 56.833437096634561669 61.665641353095175248 35.384963172586566316
58.838611075871071421 15.377997092221601605 21.172737960980033023 2.639692936661204747 5.697065224595476707 27.801128014157235668 55.329608144009746695 14.579129884050118449 36.611556616143396070 30.725506314200448088 41.226214799002597999 89.513648964631542526 44.868814670635607911 44.454587677190076533 10.214879253880694066 4.541117843185853431 63.343595077123147519 62.312382264895624928 87.504395944702480392 29.679335715193293055 60.268683316044494802 58.206287308421295279 25.480343235401491597 76.390581725429683502 65.555082929912629197 57.368424199901596694 93.113915120579818563 4.660470873983955542 63.109485957027487757 86.458095860688061407 74.483186658607706931 91.305829043837647419 45.036706730509926899 50.676060872438831950 65.260579266057462178 25.981207770836761028 18.737615297708728690 79.356458451099058493 55.691337412116951100 33.592286800455816831 56.908059379400434352 5022.710684444749858812 70.407621971137359651 27.403927005207464163 45.334232422114844496 45.971777540139157736 52.755609874599549869 19.835196280744440855 73.032982115867909556 23.922459761192691019 93.875201315072956731 30.363421424832409912 77.790855010603920050 87.957473469387650766 93.036270145706495782 96.516565381567133386 1.879951618248847378 56.892939115842715125 32.414325824580515700 42.855286825441446297 7.685288810769243639 5.576549626896838419 96.907131710088407317 12.667431333058411624 67.907893050519803069 32.519660654940793165 54.408974850275008350 90.196295727347788329 35.250085471482606181 6.522984222878833727 46.219011772148299144 67.257288466607519695 67.865202748053533810 3.727893566264999681 71.002734737397318554 49.767858618185904618 73.855405478918839890 7.593933595661946256 28.063646094126436736 92.466941268462946368 9.030856299790421815 25.023329984098761969 71.670626404201442483 68.028453657853290792 26.645771927657875722 70.447623765411819363 26.441909509723835470 21.875216614394496162 53.732914476891608047 8.821122839676714733 72.094414134231342928 68.532237102364916836 67.628372176611875943 97.307040569377505790 36.605543003847273553 38.379271342104928522 15.033932584342991845 50.460254920978769633 8.468278630046221167 12.236915983003287423
3.411852692938625253 91.355560528068721737 42.894561192873204902 76.900915411028648805 4.875931631849144132 22.579414357222699294 44.153794160725361451 83.173339447314845074 14.887753704040198599 98.276569311438279897 11.178642900593661835 84.708129467123612244 2.983722243374505201 82.410357419211905494 57.370013248700246322 91.889786258833211718 9.637529347480862540 53.106176020327623633 58.110035512424417448 6.525519164733961652 44.731993718122332382 56.022442380563454378 59.127467348556834281 86.857234889836860248 15.181700134653745238 38.586078728236905988 58.820715877898372526 66.196967171765322746 22.575579020392734009 63.908287604482438837 56.464537344571098743 88.392442185891468398 50.732489341089745949 48.145771230426063880 69.007452004692964920 44.331104668994640861 69.648269887530162237 76.004581800749946296 4.898621984055465894 33.603705527037476486 91.027366265571032500 48.280097792263866552 5024.040905448022385826 33.879107012654479547 98.739233252113251638 71.280920827679636886 48.865752586106872002 62.623745548135786976 48.147995321499372778 82.426843571485093776 85.202227411747571750 3.811465233820045651 96.400370142245549232 73.283238292551317272 12.698850775132891400 20.775918177445401369 18.184817379902572299 18.184569762802848203 7.727266768806630992 52.269030337745398640 99.857487369817619083 10.655337803089370396 25.638662837143357365 60.266649014188004685 98.595577002732568417 50.172721034730436429 45.392568429719851508 12.193837318137786596 65.145286226718084777 63.642449076309191014 23.005757393850373660 10.135551175323305628 53.604869165788841201 6.869399462303153570 85.488645793658989191 68.998192197955091842 97.845101932381638221 36.328060379980222194 46.541837264507492478 39.860480281358817933 39.232420981195524234 46.632982484304292825 49.666520936343104609 50.448952313397384728 90.911173840796749346 27.837492659884489399 89.331029511655714259 3.787503272680394772 46.592620937606660902 16.321436508396509169 27.366538436788129474 41.443263696046578559 35.423216850195039740 9.243669333735581972 65.020525667213320276 30.450862322049626840 14.251946815870448759 30.394296326736949254 76.942110784733259266 18.178656486427481553
28.485169743596717495 2.624624216500726526 59.041581820849600604 99.857774970655995617 20.651387096402050503 17.873909996365334507 84.331763664460382302 59.858687192605707139 13.221590365814870793 80.405070525368941503 56.023885508598652905 32.101829663140591720 46.978850412353963861 8.288729799668795195 57.121514246664325753 80.137563983916322741 11.907040080900726409 55.503234455251714508 34.520908726116083187 63.051027314160435822 6.843825959043082108 82.437915954243592864 72.511309139405469182 82.334183386379962144 66.120127326698451498 2.943960725277041668 22.910333611416699995 79.848378639712933591 5.561026762985724403 36.427186208759010810 18.872093559181365663 87.025895136643868000 19.560881701383443954 31.131162263557627057 52.335435227818862813 46.134625028052845153 46.121654384429440654 53.414649394770052027 44.996025526381203008 71.154469907559544595 14.980084676281421707 13.805831217572931635 68.214514722078575915 5040.110680512676481158 33.980828984740817589 11.267400166818275054 64.430223103543582397 99.415233690491831453 67.565887637522223486 3.089816579047028000 7.761775851038967389 38.244131432117505653 29.880948211091631350 96.238949445097588864 59.379321874470235798 54.321550450216491868 97.998140598221922914 85.695667764519356524 39.855321278721397960 11.701788263048545247 23.185665691864734583 3.886382695161535228 66.992887321025307301 49.007914166502651199 46.260801605552948956 10.641566380801100067 26.721225323403388074 4.157296150419749203 73.107559057620164822 15.299669845096973475 31.737801231638510302 15.762346006535763010 29.477423951807544711 82.028831499563310103 74.430267653217583756 92.578988397814384825 98.429785384424818062 71.543318817265785015 35.244957990301671202 63.243796567752639248 22.348966651029240182 89.014119449208862989 13.523341093851556138 30.447411060525944038 56.884635590188359799 42.464933939426579457 80.141485801734347660 67.947857651685893643 22.544372451049042638 95.144748509569069483 6.697314815957984280 54.267504144859714188 74.118982015120096207 96.374396595699863610 52.302699151751575357 49.443489472879143420 42.304027311070008466 36.511009641105104606 42.262659939537734033 70.124797730027026432
18.225860594390049130 58.807160483132882689 70.826374774709336180 67.113781818746247154 95.952955618062532039 88.897793075850273681 23.380922736586388311 25.408025346663780653 70.179086295446168720 54.598998388482087307 46.451534452652325058 67.400436673972237145 76.435159478004436551 46.269661898878027273 40.958465068356282757 61.317547560875752310 42.251814781987839353 23.943345342599577918 18.633921064543237378 88.564837620051548583 76.349506792644405095 71.789443460803411767 94.891950117964626088 86.801664006677626162 42.185521147548378451 30.297137571719083837 66.780037031861269270 45.969979327399279612 21.241951185615256747 95.959068885982659936 58.418566988095605552 97.202795325320025199 90.813631260710891979 16.187809243891827293 26.467887626451449989 2.895245485661566143 16.153241608603504886 69.613940158661151258 9.697365921125735255 44.266817290005597840 54.782898047344282588 56.131367119168366742 28.054036870968662498 1.992266497492046984 5063.603199702435631480 43.109366772155183867 98.675771323284010350 7.637884689501849067 80.336858252033792382 37.033003538174206426 28.954315946250787306 66.929179551234199153 52.641740265140107624 89.425746093585217977 48.386151649335012337 17.497708238219072285 57.724421499357880805 78.866228510777446559 6.910115958827408811 18.491145200696479378 51.686755339688822630 42.733357540776516714 56.498747752781916631 45.672213003969986289 46.876995856623125292 81.325273649352752159 18.273107512012888520 40.832295108551470264 37.817694874095273860 64.610108244092515406 57.525048535230332902 31.571442659891673088 19.971475146832240455 50.160227670086094065 23.745864354332887558 57.514308856136310055 78.660227404280448127 77.611492697653403638 86.038378620611311476 98.490774451927379118 61.493550074914701042 42.949757732894589424 55.753692064049211297 16.971247845073911265 17.275771416559230431 66.036412950249541609 96.645575838637483912 80.120358392127798197 4.531291535621614130 79.164080219001107253 31.321894971552694642 24.959610447088728336 79.201332194850763813 50.284523685401012472 99.917488801250243569 70.959174770462141169 79.651057239436468649 29.534872051388592951 17.245603196732503193 35.724181018869764159
30.220103599600307120 13.017197985332710886 3.368434217203513992 67.878013429047541649 35.020730653699963852 10.542698067194400835 12.617656338577694086 86.485181923036705598 63.476342753863264079 92.820405335662641733 13.001102109126827955 9.717821722881712532 64.445059504954485874 77.723912592816105871 51.288044304604106571 21.797516703260225057 71.238891414885927134 74.087988146918306143 63.588075157515717706 71.070008318414565451 55.870060636362687490 94.579912497733801047 5.710151411181567660 58.782795723824804668 36.343517888936446525 14.863633070624075572 57.823354736745912419 57.549531744761395657 26.758131212811289146 39.656189360173648595 9.547973727940920696 87.920561420629525173 45.574551833521503852 27.139926609516948020 10.618411411160488811 9.994260711891932658 84.302158596786441080 52.940351581647327350 33.560378397652435467 3.641866580507838957 51.000925091251488652 6.122492846571559788 72.357869231324215775 20.267419037993544606 94.313205050082643766 5051.137121554141231172 98.756667314202147168 74.972410381328614903 69.753328875287905930 56.964129005326086030 35.806804137005777022 79.276056833594594764 63.195020932649050849 38.557825425396778485 88.221437042678132912 45.075562842055390433 90.193150210002045242 86.122075008072101809 19.579029509658067099 8.546398315315361316 22.096973581524938623 27.402825746142109864 51.987991599014272026 62.365905120777441084 55.019325890174961557 76.507271738913445347 33.534805814327995677 70.485995998347235059 89.627460498988256177 25.642653962268312284 4.898650406148480130 58.387513679959972990 89.219323874257696616 73.467541681621213456 18.338477098844990110 86.436737945383413262 50.351904108638578350 41.799885612464628082 55.657002928289585952 94.912359922911150534 39.943706957793501999 53.056062538944743778 33.139742332736460639 49.602038488615654899 78.615590454472709325 29.736930063166411742 97.776812463233440553 67.073255808267219891 83.251766653690040698 16.313710479333462189 85.926546586823505436 36.569933287316892745 15.876593620447650324 32.782577374251118840 86.848678218347487245 17.927859246209283839 51.084972554609450412 82.719162416995729359 47.716100142775822235 93.356825681594742150
98.912117400935883893 64.364501692698269153 97.961797237788772463 57.901787698001584204 76.578714167160512716 88.232530211201734005 5.310708004871413479 21.373671178704640283 43.283216097049681537 13.031308250824313433 70.977111624914300592 76.160764207807204684 91.693079945362725880 1.702009829056886137 79.308197000822403311 6.870294830032279698 99.105977443343178379 92.186146351813022193 74.720360260808007524 68.253293922331479848 90.767692190372656569 78.875757268106937659 82.823698872321813269 20.107989492416237454 82.397356917460598424 22.074800407719198603 39.515603883283034747 13.571758492850767297 43.962644866275773836 91.826591703936387034 57.626142092844396814 90.127156835669183010 47.247964962897327723 27.350853414755452064 25.186291475396508588 84.230069668609942823 41.309453628101003630 22.847803270351366933 68.190080233627412554 57.753285910236741074 18.948970454435588806 6.536291150274001538 95.739538412813729451 83.671638517051420081 26.753287139169852793 55.816210906483362919 5072.921483556538078119 65.258841487022777983 29.286987227179359650 23.858227335312747641 42.771303885049213989 99.657480381848273510 33.645028788437024048 52.550140523711540652 57.737476733103235915 63.472571827913725429 56.357495381869590290 41.113690248389275439 82.369461890000465587 33.924177575200900492 20.907263203622779457 26.265067251198299658 24.898995532034764011 19.071788365506595397 31.259206006389671728 6.443922719471495419 95.255892817830229546 82.939878364578248693 7.976178234308157755 83.859874333518220624 55.333269190038926411 58.510245987664276868 57.636677490923588607 70.862608398869198822 75.482320601447739250 83.461722336926555954 81.589989491118430465 84.970314307777698559 49.478705819703712621 57.051608058348421082 7.635444489799037449 51.978743077754145929 1.944605922161754208 80.606012558546112245 65.863655495317601662 91.466650280843964538 49.457770583862426861 54.899349709252277307 12.085746976396285035 22.591220295609289792 56.389855674576438105 91.842470738909980810 8.743011366976578103 45.453826016848360325 93.962055940904477325 1.622862634008900740 41.507101539944059709 46.084395874290564166 81.807927087084152618 57.433065311061639591
14.103775696446405163 11.347166307309864308 14.299486255422284131 15.513752123693661744 87.068842447133235396 78.491218626511582102 88.080333563075370762 54.149529014701869301 22.130166983216980725 37.428227503058757009 55.096923675558592493 36.377878013986887140 53.497554637219778328 40.453239162226026338 14.063740817371344960 71.920703905205400019 98.320404406575036660 94.642689353829041465 9.461442560775649824 5.174406291879557251 4.617922844024409557 18.934643576500899798 95.319398700283343828 84.638635779581363749 4.060479062128303340 25.486594056043049505 22.495230303761747592 69.241788955525294114 86.119237493550855334 25.530976682212205731 56.149202030223641202 31.331763097360784798 64.707859267877950060 48.885963620947947561 53.369374375461163140 65.137630901591123234 94.299813089823317114 74.093728078400360459 5.435968019612473334 11.651257633715028206 44.066997413420509133 10.499569057186171506 21.558883723585296366 84.113719818188002364 54.206690112332502451 87.273470279857420451 11.071030245997222963 5081.269212386619983590 3.943930840876908928 8.557587432756989188 41.078177670921483866 85.048762178615163521 96.061271575760500241 18.714783019530386809 22.148530234640166015 33.685086288790891729 74.159712289878783054 54.695698568379498283 10.953202352005231290 45.230279490101466422 83.173558213787586624 39.154298678945259837 17.282672125309083810 44.300289200780639476 73.234722457872734935 89.955762068608407844 65.327520729791487497 97.260961102269490652 51.013993954082721416 64.213665694907930970 80.160549807511074505 68.308194152463414639 22.968079345066936270 33.104664174145781885 17.692295435710811091 43.334385758839481184 39.306603583953815928 84.663943524032134746 13.163324064694540638 39.379612501298623783 57.108341694163613056 49.225849869525113434 79.497551459995889900 33.199048248007997586 18.641932170631136501 70.802254047604947118 46.166688940265537155 12.181549401043804792 18.770926253080709500 35.472521658213864271 38.329421364040278775 17.535924224406461036 16.381093478472664060 5.645418550250454359 2.540902723975424937 74.771559657258620746 77.783667188705734929 12.518581169902034844 83.365615837998902293 36.669760279463503139
66.852188495903291710 26.911067628536841312 41.030806598983332378 81.490900980028371237 31.672494837940167400 92.656788789011343965 55.617670038882550898 64.839458519133785330 92.775452681362253315 3.833621001398182848 23.218450051518161104 35.800551812821019837 31.794486286442595002 26.544425091891369561 98.755318943213850957 64.580791022151800007 31.387749742306951362 13.722151836893816679 26.135634061068621747 20.444795108186895050 92.192722448812901348 64.141573855580347185 89.737134891812871729 14.007559457475984743 70.048636647216923734 77.779467917340284089 72.200265897586277219 75.029759506485106613 35.161904581030412942 46.775579312280228805 96.589463936853974246 22.665532555097239964 23.506449021884769479 95.933332536735790086 28.426381038267784618 29.125677337739968920 51.617167301122151457 96.660126733699442525 22.137130971507147592 38.845811386371622120 70.899084328142166100 69.699772107345992822 29.231210495123040261 96.264275287404203141 89.390198165279215914 82.774240583816137473 86.127208544851882266 9.659171545763520328 5031.453010653173805622 40.817774642998337242 16.205559345870899080 24.960212623395182874 74.909956862854855331 87.432610098220180816 75.583679513557086693 60.250176125519836035 85.076471461863476975 26.174188012194672837 82.761540579920520599 20.497989377857333437 78.706869848923389554 8.711982501144376556 49.007521761814558658 5.450741688281251385 10.388980659752016678 23.016127657551386676 81.367067149934740655 21.361437817185411348 12.424466197546630397 83.185478966993528616 16.135502733726276858 79.576912403701001608 99.108802583982310352 90.497516278264626521 96.862551825031815156 89.916648543717158759 7.599790938048656130 42.682704169973000319 25.279408328525494909 52.268821754845042449 95.406355216914960238 22.413697936801177946 98.093282074104095614 73.108219066370523365 75.164913658113604811 29.139131163037607308 46.600546059843416913 89.724113879712504627 34.520109953736451303 72.379050721571360327 37.040226371247079840 90.066804642713989892 59.674968234530460620 23.086920966991367976 98.383190413255221074 29.663751006970368707 11.420206350901022319 89.808573825270983093 87.325200345986459638 27.110099363464399858
25.504288126676531334 8.506824627398009042 90.579537477902576370 66.792725258758309792 95.419735532924363497 11.791754598523896291 22.925815954577451805 95.597597409115863343 96.320295611521544288 29.176948513028595045 77.960961322217457337 62.467724014739282268 13.365390949662518949 36.242894868996444302 9.314533598585812868 38.267388928462501951 34.974918663790553808 8.150999448489814725 40.570977284397471863 23.352671762619785056 7.323150060331737876 58.968938341132407288 64.005855349468916415 63.623043612983067874 75.516360684388217805 11.984594403120050643 83.454852777973641764 54.433146911314125305 66.339597216104039035 67.802197838374183902 5.630905448403193070 8.528755551926717970 15.623293778033495727 92.834158792658215020 89.638692701034315746 45.268995730758227580 75.362170604511405259 86.677868857002820846 7.768956722892320421 60.020017458691363288 56.133174071292920360 27.158979751341885134 9.550290315467076852 83.355589231301991049 21.074506451997397249 94.528442106128167666 21.969559258516763833 25.628339661240676861 76.504256455057529251 5027.763958164519863203 29.004498563866970784 84.994804556305155074 15.599640986566054579 48.110313951255228915 68.254158932547980498 10.289778726398887798 82.734346742271412722 47.730081924280682415 41.653054770605571377 5.148997863066268721 92.778788705314241270 19.245822252956621412 49.663650262017952741 9.052493870903187911 56.535405633638859513 66.994620818967604237 39.936195816287501259 34.280474986518676417 19.666223989160961594 71.173362615440481704 94.715462077491977766 83.500270078696118503 17.865977576815957661 47.659060369513802868 35.569790747892206184 31.325253701694723674 71.756029052973772764 51.374544819438568766 68.269038657081665633 60.554095060960136720 73.751505551390323490 69.482105694512085847 70.913761210887955144 14.356095178280749991 68.128986263612830498 19.793974566429227480 5.047066624898055132 45.640957713307429344 44.625023281071698023 95.220062075571405558 13.065177392100491005 22.178393361938084638 26.661729215695359585 83.689280625162950855 17.335425387243386552 54.852995329683125192 8.339796732084195696 2.478530808637304794 81.032604128079270822 4.313290622911123862
44.026125741555297566 4.108472191156808506 34.427884713555123142 2.484720365290479460 5.945050169580923694 53.942914881150166195 12.993092883798595949 35.438658774152244746 95.388124537625344601 54.537915409469484018 27.997890393325594260 88.133096752882266856 97.289358061041028236 44.573204812214342496 61.012516063896519825 59.053677734283041900 24.105570657557677805 60.047740834375581187 68.335501764585089290 73.620132843460183381 28.783005444850470411 3.384590611520988279 84.451943801333499096 18.805454687430657401 48.958967032369983485 43.233232450882482567 37.166931596151428607 24.472450772917735407 43.882922352769064389 52.336282998501062025 88.424873299265740911 5.808380837164101251 46.518921458245586109 81.616724411190190835 95.428276706979076494 55.359325156932911227 11.323499538236220019 88.684643721810317629 68.225337530800203467 52.976324218050216075 57.634399065722611510 16.228902038248421036 18.745706567273508369 27.997341161428416001 57.456613034880881230 68.480660568969113910 72.927093163903052186 77.487770267802403623 7.977289505097201250 87.456395732271943189 5028.724607444546563784 62.684993620052907204 67.147970766549747168 43.337259996739852852 19.299421570179092100 62.298686185378954860 82.309382978264636677 86.683244874683310854 94.333531191038773045 29.344259112246483312 47.791852368533362494 74.716013963830860689 86.084004571928360861 37.974902917644833167 8.909683020736160586 31.945926158700082453 95.986985585519988717 23.171328837900141195 37.596067770461047530 13.823910086032499933 15.831097471961038892 87.548738008274000322 97.255844797644670052 43.300838437299056238 97.301126499150200289 27.260988088135345464 91.474376777170647301 35.561372798745445323 8.819690467373412446 15.647900175064897610 3.249905375295871757 89.631706986334037879 36.732510065922937770 49.791382663217127913 40.740877275325708240 58.590499127352309472 80.381856414623129581 25.283055438032121742 19.474278985906259720 25.635653123585342428 14.791261655935505459 35.035984304721857541 9.432004900510104761 54.993876434878622206 77.338067195417238509 28.314899094520935563 92.867924570023987485 21.482865169978541786 81.631760440760459119 38.759461251659331538
26.301343297400418209 39.973321702782591558 10.489042262522666249 15.255137775359425945 60.692301499253829888 51.313391824117047690 1.746492911526473346 85.532530828250855848 25.199015258264648054 81.718917812611621798 79.308239004110745896 2.668013970969309590 98.993408103036713896 65.894491990722684704 28.061359949063053421 47.966119591897808050 21.009838640832036560 91.219254048185391071 59.916908404441372227 44.692472666266574777 37.340857764942086305 56.763641153346391377 3.873572720412275849 56.430119405004042221 41.138105996805023779 27.358062669904580133 3.937724658419651913 97.464776696395063027 45.570169741328875546 48.171123066988023709 27.903430633146651729 55.012147596118033732 34.181118486988935956 42.028407763607944503 87.593209538276212811 26.047561494317136521 49.191022987750713469 83.392863318713750687 51.167071585803810763 35.774106621293988439 94.795939792376429978 56.877384802976251876 93.912728532909497403 74.112000067981654183 24.967590259964563160 79.717037737315422419 93.993376781057435210 5.502598801586252364 43.353168003335824210 38.812796696861973089 77.773550437081638620 5064.161690564837044803 25.958786233862607418 28.253024647520483370 98.928005255358542058 84.367659440628372636 37.041164300538795828 93.405763846161349306 46.383070031799704225 32.749978041249974581 58.299055561452384211 36.740071324504825157 34.543357806257766640 65.872783246475137275 9.311493839627596358 59.277624138718408631 75.913759079450713330 34.782673763316779514 81.044258308449954598 7.450667827911464869 20.821371281342027970 68.629428186670509149 70.103956500962382847 85.327151759931595620 26.990193550551644819 18.152848908436823194 8.314583556982810819 6.542603335744471948 53.522024653723683230 6.670719826273076691 98.738066090175095724 60.594723641674754333 83.261070360892475151 96.298031742489229146 26.353659023869557387 93.376987566885986780 52.489115577112571032 15.459225869960343758 61.979407837872138032 99.026012010962475074 21.511973335744343672 26.176550136161544913 1.106887165506425852 87.781285126671818375 6.210297604035212693 81.722362531733594437 23.948838437332401696 83.674867189029598080 16.066418070437791243 88.438081847474649066
71.442494978699897956 36.970744359161727743 24.492234045582080171 51.381725981288859373 32.486705746364151537 12.201144781869627920 77.944096045652784710 81.461939525525153272 89.108605338790880523 86.914587151158258393 83.607533509647055325 13.218573948912093030 81.883296162728242962 82.282333420374570210 26.093018475256055666 25.723819877240948983 61.566930997203186848 82.364678183702423553 44.489763494879127848 60.272142214352847134 59.631300973281383904 88.438268356618749522 34.699561994365026862 5.154958541836519359 43.083342033465193310 99.393661892886655096 85.963428945116348245 51.650698810139083150 12.497198956040184825 42.975583624692767160 32.528151801416662181 58.964087081928532541 22.053542357781882544 4.716842224812435092 38.397322872231995916 68.994455028387136508 93.414293739136596173 70.549984143199409914 15.352258882521327976 90.885106779435304247 81.950335714371135509 50.614618044241552752 19.208217846610729396 49.729412884470740153 50.598178446008759579 86.839284487691898562 40.225003093158591128 71.517960389818682643 77.273685390798448225 67.197213265346860567 84.312915820847948112 92.306636725023309964 5099.712574280010812799 81.244430958883484095 64.835299179339017428 25.498785907931949879 90.817173749202837030 83.183813292812970985 93.384410620937501335 15.792917855716851250 73.942265141441396281 27.424747327815921949 3.338827724047289891 86.865736203924612369 89.583522355129048265 64.708481884168577380 79.443099432535092319 60.749283577029515868 4.237597243382959178 19.017048608327726811 17.649938061514269805 77.941848710989788174 91.500803015750406644 41.202579954271634222 52.572326063698596954 79.545768674196651205 32.570537274481154100 1.813767901778926550 38.380904690218649478 79.264059167316332832 85.128752958254011673 28.803967184684609038 47.767097480174321333 93.350995480384980851 38.818476502178867804 58.496221134600517644 75.269083025660236785 53.412922179507731357 84.110460197850329678 21.805778858913910767 62.322862927906577113 6.658939575116067822 14.943994812509080461 79.134588515012779908 14.462373680373655560 72.403612318138641513 68.930919902183362069 15.741822847884666459 11.220165528775837060 80.630895626738123383
35.616858720226005630 1.440719648728802316 35.739978793651900446 50.744844244533773292 3.569301540461029987 12.429186854767683812 10.243049911681444186 60.921505718667638973 12.012083960247100123 45.482069503078108141 86.854282700452486665 58.337030057186936460 90.790221725066473368 69.339113723076920337 95.944331588444740078 54.232046894987966823 92.271714622578258513 12.712275741330339329 53.544064738193412722 18.222925217441577672 35.381832110493562027 38.005640800366030874 28.570103231931472720 82.759570452424313203 98.608195739405374525 68.977417597453765552 99.859892311249708996 22.037829079497132767 52.157215510655071000 49.332065680499056270 52.139515751669151200 55.045694490811754918 75.286025523034311391 82.808067364299660085 63.855466717100959784 87.382019455110324202 52.164067682374785306 2.234465856081603086 21.171982136119343210 89.718177453028602031 77.415763106088547829 9.355328815180216750 13.591821933346077245 92.899130505985823447 60.207697028037692633 44.632769385471675605 46.293813264919180028 70.678377403497819387 30.958827516757615683 59.620489580257363116 25.789408215779527467 20.785038508783763689 91.030166151198827151 5040.428482160842577287 98.491902937623166281 80.815361930491135922 27.388248447495815441 20.713747005347308061 32.616863667079044831 40.153933984795550316 98.379468320748728161 36.162981088698082033 2.316239980216931560 75.581334244208406403 84.067668605146252503 88.126071543008961839 35.183751382133756636 10.851987747777410931 17.072257128421757244 94.801895941948970403 28.645010359837616676 79.581354526534440197 26.711190795487052441 78.861951209400473317 54.143839273052236649 29.991109203547370754 59.635138479087167696 34.879505710200049862 25.270465786068129432 62.608012983280239894 17.977708364834548149 61.225622817453832170 70.335373456382299651 54.151008597762576358 67.714529355483378481 95.182116657149791195 47.176519053693660055 67.341786505048148115 74.749179202575575687 19.028859516161009680 57.507946921264526452 42.834890927914585745 33.454370095717735012 17.971009027780997513 17.965411056450353300 93.338793603273998656 74.757897280156910824 89.693856261858329049 97.708960542914013558 43.766842631228037419
60.315595311042748961 98.264495862831793715 15.538944975045215102 5.814260089310845814 50.210288116866294672 12.283626093159702108 41.661279203643850622 99.380761944124699880 29.673621733710188408 90.207669430262512833 21.498799398905013902 89.014430247925432127 79.784075450054487533 1.136198969895144462 46.771783118667514145 81.002103420269435219 19.611321985374647880 77.207625312763624947 67.456182855467787363 7.484887768844843414 88.302114119479170995 7.435324269812740638 93.579720802452570183 61.427301202291353377 2.221791456646654783 1.154973238560250026 56.174496214677986927 47.917245322938782692 66.138538686370935693 67.606112542488801864 45.024537088794481576 78.333102780793183229 9.750813874890468469 64.091784824357660000 4.630471802180766261 37.467070673162290007 89.943075501810156425 23.849503553388689880 47.998011436775669836 7.484973132697520626 87.857557250194943776 33.496919557781183130 33.788234716088780374 41.579198492905021567 97.884380066432996159 26.142395560852538239 32.972492084075611274 47.639500770703889998 96.882953274470708038 55.977666628797877024 10.294467071113530210 16.612266372462414665 75.001497171025292232 21.823487362728172911 5039.535544480725548055 97.796997006223321591 57.470676465482718243 18.785021045462098499 57.183696495033977669 63.190387193333258153 35.280752471073192567 28.971406931610633961 83.657582139179964997 58.889768488968968541 27.348804679914696436 95.496888330109200638 42.711479330668616683 80.657423832608330372 30.717799601464715664 16.700179638155368878 70.933897289771408623 92.591835054491156143 57.024727943163000532 80.333232392471614958 84.994880253126481762 3.484148384616250205 77.230153596655085835 93.215589441870307041 14.363007274084669262 51.593337352869589552 6.864435207073260159 96.928035379237314828 79.995349187856533035 82.385661839635076831 31.141010094849256973 48.740431962010468681 34.757097448512048743 40.071641043636823554 38.909217650292475810 67.505665025741578233 39.486421969675035371 70.499472317985592440 95.824195553223205479 41.064430491954681202 76.583533838116991888 41.510245015223638632 82.300285755607745841 11.810999802600003150 45.156247512191633575 89.412188108263606523
57.145876768942294177 94.125215085885770350 58.283536235457859220 24.646600681911234432 30.762211915574013688 10.231121279295560811 41.262960810721807547 69.219829523006879413 91.143460677718948659 39.829627478492596993 38.581183447880562198 73.167272982793164715 3.462612333577613999 1.984890799864492017 25.829208465148546736 73.700514122554551477 61.823173115494860497 28.454312672801325590 29.831903752339226088 95.844983229187619145 97.234524085841329111 36.608988213169666892 46.761707510302578328 29.656906068455608505 64.836777261260124305 52.110476087512601850 31.527218618814828233 19.160031589948033570 28.173877192228257371 77.453346753724858331 53.044194447535780057 22.298252001661669652 25.026575356240385872 58.778124897302639340 2.653251769531161930 83.278982208586242564 83.095080989711235020 40.916818193013014593 97.391437555221031630 43.173564118507954390 96.273121794929920725 23.536581626874554019 50.694524290308635273 10.127271554738294768 78.785854936305412366 5.383900516272646541 32.634095285765056360 93.770787315669707596 21.161512114758256331 97.769067106314665239 31.582731224563005412 16.978754898298667797 52.536401572476854938 46.825066540815043936 15.328044729347949371 5022.558723492194076243 3.218909866135320819 21.162849997215730014 69.182511361934615479 96.365473881918504162 67.881729863524384427 25.441139172067718022 24.179033339350688436 29.076712195085022472 54.765814506280641183 27.215176717008493057 7.835118277090941774 48.599135404863361032 60.151073299018236185 25.717235226277971094 77.878925091211556264 93.504093229346977978 39.601764286930318804 17.019438007950476788 11.667502684326525042 44.351947867947266957 97.580748762960155318 88.496762006225949904 54.782236114986083919 59.383885845164499528 41.925017672299240701 21.201895950773820942 1.185694609400825605 20.057012769832965660 2.418228744560535048 52.613776770762669344 32.998268257730131836 26.838486723216142593 39.480378591743637173 82.578441020555473528 73.426078195398488901 76.923384155059238765 51.781651803645978305 16.641360680645938430 22.183746358576470925 32.044230370754590353 33.713690431652352686 60.908489651046131996 46.267629239686044684 31.575414728965718325
23.072847704467005059 7.577601850585442556 98.106481787544964845 73.636704953687612374 27.175639563805269461 30.227898318575537218 12.877622653957363497 76.477895867836664934 19.798158490678996912 83.282474810072628202 29.540619859641982003 37.089012740934798273 57.876874945204967560 79.436132614490375659 84.850817439007158782 48.791007649332527762 14.923916530005305603 93.409053365692969351 99.855428408355308534 42.462099617245648631 9.257905908541831153 82.405878637362135919 55.736478609166574927 11.785623168813151196 77.470569021219546357 56.422061606927904620 40.357175416206032992 88.107738549058183253 3.797359234957202734 21.670786876166157953 92.118543355404725048 31.694103762907726463 9.263486900766928045 13.609023413134575975 32.519296468854705040 85.395838572540867517 31.124666812278562134 18.186458440978306328 79.380455479553035048 65.958447049988450317 11.689447013780045026 44.717062434770319612 20.565913536214285529 9.323725314158904709 65.507297163673840146 46.258484188138680793 29.623592297365775039 2.779706369097186158 67.235512939156976131 12.282332774144272491 5.913018595399700317 13.054997968738170755 12.191309509264804944 27.457788956647579681 79.930512220209465113 30.735728832479466632 5058.718926246504452138 98.052230178310878728 55.308382210295178538 80.060589559538868798 87.110859482094340933 81.841250373655327621 14.761656428395871998 42.589422556036439005 50.177428617539156619 80.320453525352917268 36.468396631037649058 83.311352055413820494 62.493698120390163808 87.060880907691355901 30.403969645380755082 17.100701248200380178 32.964389609146103055 23.369515578364339348 59.600857081192614828 20.891252711227792815 76.900514212340510767 86.402484064000276476 98.195540032883656067 99.931130681982509145 41.659139653150027982 28.453182928858186784 65.236825960533636248 48.770883441138337844 8.007976502213121961 51.523540848684383775 7.220151579596125302 68.641877625135620633 79.335600150334443015 38.011824199312698624 66.198661112048512223 53.769307581414999220 8.513030370841963901 79.323330325114639550 67.017067552617177739 28.688163710671446438 16.174018115590378386 46.053067737098871248 66.537364158651840285 57.912526050343338113
37.707236172985815870 44.291359723326735320 1.907236843389332304 46.478596987279686914 50.922355809034968388 65.925222861787077022 77.876060861469710517 36.859986761199039051 19.341130514713054112 91.261117911122809687 91.091303969249352690 89.975400726390716954 14.417591300419831057 88.977055159732032052 45.377777297432956516 67.070599340727412141 94.025259866265258779 44.722521706081728610 6.861844151232180167 64.146231309524935682 99.511179130733339093 75.771508214560441274 12.831746324864139908 35.876802618728987682 54.663183215258420944 78.856257608340953880 3.086571149992432872 62.437557749547963226 84.000308363987528537 43.729658370268133183 89.012227642503162883 16.475098665640750539 12.516331516638377508 81.633083562896246121 13.373494568626117740 62.690498276147430090 52.513956335661603703 59.508756201264397134 93.234938517598649810 55.472704346571980238 98.713139140400983251 87.388425034007568115 76.832973599109990914 41.661307048437485889 44.873628440252211647 31.261024837603610393 97.365861831518586200 28.908709640502170402 16.376990966361724134 1.179350336596479476 46.954796911700455553 53.260761897084300642 45.370653612690865941 2.172031948995116757 33.790092150152439388 18.779306893836523074 89.723604604036125920 5066.707959046343603404 90.178083825375111360 26.140972292817991729 25.854281023866239053 5.488466652516616584 45.731492276043880452 91.701203113792985278 18.083731074509618253 78.205414065917096877 32.669708194043025173 57.382317424782343096 59.944740928252308265 21.331848077465373592 43.464136573631300564 4.604663854949403223 78.241334274955391948 14.694692318064346281 62.572602507141532158 43.569704779414635709 69.519094383907756196 37.261990435594690041 94.208306818763674073 17.141518220085735891 22.781450378172465321 97.975598054052142061 98.456450902935557679 43.890541354745209901 4.624615068096590953 42.175354356248334398 92.639645601451334755 57.672925493197084279 89.483505442946835728 6.401294723954903176 39.400555349813622286 90.602222268070619293 8.014099393310804231 42.490940121143481178 77.985861505237053848 94.584886305033364806 53.334814147782374505 9.334654048493252532 88.538000245201644134 60.283505481608791854
79.988757485283372262 62.629463802141231099 48.141087007484841820 79.657973118592465767 4.331022698867945664 91.775111100735585978 66.783201323959033857 36.963694840374934358 34.939528649007591810 21.525559998753664104 61.101583764405077659 90.862141291560845957 19.502418970512380270 19.456437868379936162 68.874338050266729283 49.471273061383975289 20.397388033231791837 95.628273726774978059 64.449839479623705074 69.845112269741903788 31.017595789060404599 92.749693586039910542 12.562629662459091406 56.698956810875358769 42.291502236089371536 24.885654033895825421 17.338010355830608233 7.237622270303883276 82.557220274828665652 44.903059998046494172 42.162777622824094692 68.731441514265029014 90.194205243019140994 32.296288593592571203 10.502848861368349276 90.117443825601455387 73.791544222548338894 27.340402852381789245 57.537090600828214804 45.085116827083709268 22.414895142900849834 29.820179876376752048 22.793059275866799140 41.690253787993007961 53.574452693580468576 91.937177165760616049 32.104166303822481154 39.886561205208963088 44.034732286952603886 92.655326989785990577 9.794782231654286520 30.730095100994063273 58.472954599904390705 45.621950619533151894 33.907614051654974219 29.023528780112023640 7.454786204911623138 47.460324042856889548 5064.930921061776643910 14.196859813005129780 11.711994969194426730 49.501275028668729306 31.188133460090856630 74.689226405598873271 5.882287065380818802 4.430464785529476757 12.967038382109327799 37.567715155802318350 57.532695688076287865 64.585799975588543020 13.654357307207501293 94.597220822132612739 95.686439435633459993 18.408720178713753768 41.447226908386177513 49.325298306233655410 53.857384574138009725 14.028286669840165146 17.711722406873274593 8.007339492849805396 81.442737126385083002 71.470544676305749476 71.593538331775690153 72.218241844599376122 11.370584247250274501 78.682214174269020646 89.423885427952441773 5.767139056885175030 93.344146905248834400 61.622237179451147426 88.626277544171657041 60.265097262840917836 26.797037340785852422 71.428556286226964289 86.773886087963504110 11.053695693570777081 85.147990108322858305 42.348670134379446495 64.510715041109094159 12.883022279066931759
32.683090177537607701 5.453239344083402607 28.558294789007970138 1.202521887134976986 10.807314194562865239 69.183510460884036775 85.306414832920708591 90.150293964091844146 86.243957830178530344 11.401665771899182289 9.211797488041696624 35.425027133366249643 10.071222358040266442 94.804200493255933679 30.448327653532793136 58.805368126100496795 73.789388199257658130 53.397521068581376369 75.974851306456713473 28.531909471147486101 56.808083630782320483 57.620391799698595037 70.263802568334639886 13.793883129603836224 43.581763620275992821 38.286391212777161286 83.295155555924424107 55.591539231403835686 39.586034544100201060 71.525285393644651322 57.727017009218442922 65.087614644564098398 74.106394180709898478 81.371881420871304158 3.775587135289784069 32.336209962682232799 61.182357178096573591 40.726962677459482620 87.502037474854517995 33.775392717206749182 83.560426760790193157 78.673928139704756290 41.705562315900685633 60.791597196272476822 81.974367584414181920 36.971288465452630589 24.247226607392551756 60.270019632398074805 33.835140315002519174 32.837285631318053447 71.529674564599673658 28.483185817601878398 18.991496534164877374 43.666348553785027775 82.280332564678090534 62.325340143125167458 50.903101525077850908 99.250905995204021792 2.914565790387912081 5034.252811669744005485 96.040538602261250389 75.207962393113064081 43.969999045457306863 34.291045382517403084 88.370258377659681059 86.745873263154777533 55.673638200461546433 9.161347994874429190 79.048447430824907656 42.798452777712306272 59.817003265431992531 6.148171414250665379 44.452745413590427859 34.214754291634314143 44.529313479710680213 4.551162560909662425 97.823514171173414411 91.491734055198847386 23.959815214822889118 12.365726995856132220 86.583371265663302552 56.239510900419965367 45.133695156427961592 28.855121864807475873 53.102525250697780734 55.163739144296599193 81.535285887814822559 93.069888308301429447 37.459115154819102145 61.085375553710846930 74.298942736792596975 11.951559557246596910 56.124547869872515093 71.733349591296573067 97.714788751921659582 55.730139841021554048 58.475903564755853381 89.455608271775631124 41.694280000504534200 23.546760789731926877
67.800756527049244937 91.010617805557018301 56.196773008387417292 37.600217108326084769 42.185822879819539821 18.897549954762592250 39.154008360782064813 77.310735534364624755 53.165253542613847060 87.225493816982947237 8.029382684416580318 86.670033125161268117 78.091898100926556481 44.711159162166758563 33.480370759103976752 17.664991902716195682 53.580440840820195092 31.899530503476587029 86.740564947722788247 64.644831882113152233 81.976340949099196109 1.357106948911613431 52.776873624664112583 51.175107390947758290 17.354425993121314065 50.190068232785904456 15.433090506872922276 57.675312902194434628 24.396338226152682438 45.581150309003369614 39.190092551611385829 70.906176275565769629 97.504449636353470510 56.654679893287138270 69.623600024473759618 81.944249271330619422 56.272304899052159044 66.545049855397365945 49.905026558845470674 1.767317682011053215 78.863832329143747302 6.784875997116662560 52.163257357097961631 8.100887552826183224 73.708092965966997667 24.382919936789420490 58.194248036895729115 73.447131094165882814 24.415575441903389020 75.436988611177525854 59.722841254439487102 4.313009506670590021 24.773735702758489907 24.074983912877826242 29.855169725351007770 35.655722493414899077 26.895798114630384390 20.870549947651387157 62.119843133236571475 30.449952193431631287 5092.560699135325194220 88.247241083206588996 32.949973647896733553 44.087868088105906850 60.522073743749565722 95.582448012115492020 72.395596381968360333 34.301639546365535693 20.035496961008380623 36.913138141971735706 13.752214951368372908 80.980284452834183639 85.020803661762016645 38.668786529395845264 29.922729315915709947 24.628468681490112147 50.652588344910569162 40.504780462626079895 73.877111526120771146 35.529823499275117626 12.086894658418630755 94.580332389228757961 80.243432504816041728 29.141180445553274581 17.009745121517966027 63.930724813457999289 87.187698824518136576 77.328959630415226911 76.607286472126730814 10.557141587618534828 62.363130923205147838 54.939221254895905133 66.020504535173216709 19.141485863096072251 27.062702393452671146 52.304447752486851186 98.983229869430033432 12.168846390444391758 70.713951563157550595 37.269786116675462040
25.164309707259285176 76.696809846508131159 3.082661434840214376 85.216065966625421879 47.635693988758823991 58.480591979650100143 55.583129224028894555 82.475366442650752674 34.316549606331186340 88.854349824614146769 4.909509804744743633 36.841471465993549828 93.181597742329955736 24.896398872823588988 95.454641272913562489 66.727505271355795458 97.376176884094348907 2.149979925369140510 89.951278707138030200 50.766127839014238532 8.873151439002612051 91.280302813040208321 79.890844671498385310 50.060277447136428464 88.508420966033312993 32.171287373945176569 30.257999611996510225 62.984605284084246080 31.374824305393236301 61.061415803065727914 38.039388605346566408 25.093252329607256712 92.938663828010788848 29.696693719883523244 1.415444547386991658 35.967699309129081087 91.211946844499010467 41.918726714886496154 88.688938844136202988 99.049367325510516480 19.517694074508671775 70.011927682589202959 32.682404022320028503 23.540644059535097199 3.508374500273493624 25.822426754588718723 58.136104001234215843 89.264742525412003715 16.228492498785278997 95.739283839704299339 19.626192736289695517 20.344142064172526574 23.316754556806106535 83.919288486245477543 57.031486542566696585 41.227735624211959475 72.801210893849614081 63.195972751961619451 64.371929692303382353 24.805158756634533290 11.157370007179213900 5048.187932574131082220 63.353675182479804562 49.642420088875233830 29.510405806226682301 5.032357047121610805 16.153007977497185976 71.506592159113665730 94.221525624828927903 49.073322411584285874 79.130181152141418011 64.657172864226424736 62.773256451157372737 79.533104063940939454 73.403215451679088233 15.118862224859862309 18.862918306368833044 38.311516350808233256 77.295694794699954855 35.922361700902037285 70.150406132036934537 44.694466164808950737 22.359858216410426479 17.216818269606378067 60.620777014086975498 30.662847107845024652 50.371450414198882584 21.278543866291407483 47.951910660645161499 34.750883702628087235 24.197906985484134879 75.735169395058846931 35.771398385606303805 26.025193430838069020 83.346443044305758008 25.843568110227078449 17.774731801809757314 92.594216626087003874 2.085977930866184771 85.000348209365100161
36.553928685429646350 61.124257715789262591 36.744105614369530599 72.881436402691932130 72.606256023525631349 7.785742056966496349 27.313455554568438544 47.517943975423591496 23.514019032340623738 90.922611250089019563 49.891480502193715552 38.375269735447076869 29.432414565030867948 29.298680423120934790 15.072871499623254010 59.727411978389092440 76.054510462472165955 44.251128716917115469 63.474995109053132580 15.831817692618233906 23.410287298166203129 93.533684667166426152 78.850390125356526028 12.441727121023447467 19.424846899474733419 64.306854371668407566 3.619977391968255187 64.345061757947689784 31.461822484023564073 12.110434732634685062 83.652913697453129771 44.472497585907056816 67.624997247567975478 30.472132440393252750 62.846881501955564886 29.642457329728490123 47.311059182140418500 58.541482570164632193 57.947964621994756840 65.401629165141343947 68.154092178715472983 26.586585813890316388 4.583789851643671476 64.081714460673026679 26.561273270863168250 55.943171297364983729 55.592283679282914477 13.718956124566339838 14.700536672390668969 49.556551870558678274 6.783753764282196563 10.863471357612732859 4.981134766903178246 23.041135776637563737 40.853851168495488366 55.037170995224407477 70.396893381808354206 9.913199509081325189 49.234966029733541859 81.855360797308335918 42.805592977633232010 30.297473373801185659 5090.328444672670229920 84.985032443980543349 10.386597733606420135 15.784703094117439548 21.238102767606036991 27.821219285071965288 38.346537066021447515 18.865600157350268518 11.503312111385993077 97.189463901844675320 8.746332501192682685 54.888719629550138279 73.013290520167231534 22.315169420307316983 25.461655834177189917 21.813314636355951137 6.653350398176018032 73.122998143137735383 40.254405699333837276 61.208983988097976692 93.980165603143774433 84.272436310313224794 97.233477234738018069 84.624805761160487805 84.289796876000977477 47.788799229480133590 57.981041616197721567 6.237972194025334538 96.176903353871054492 31.222089384341149554 67.821548999678299197 48.507411325742467056 2.595973697382750967 57.212443570435446816 26.461975410028443889 9.834883541810974350 17.795938651312219747 6.426667170503820081
92.784728318603370667 58.576396731885758129 5.844984780166035954 50.911892080968243590 96.630076462861126174 75.155542350105577043 12.988004054034238521 44.736334946784253930 12.460862869394722097 21.242840161987285086 29.322013922859213153 43.349866271608178181 15.683910765823389610 61.716140230902638564 2.280782226921889144 22.609831127827558106 55.463161027060998265 68.513184682245110935 37.446783011583043788 97.285241043190026744 6.200457193026519320 18.028317072467903159 33.314936366887067720 97.517655610994310678 8.753318966762989817 31.584977517309479111 56.098432797083837897 36.613461648660162950 95.120022962611344042 56.630231029553129929 10.819592313834352382 71.472016443881173586 78.543033221091747009 11.324274245403206152 47.154140547896844282 29.485697813797237643 28.256720048852322691 91.257102506225209027 16.686672703479768387 33.852223655278372405 94.404295024723225538 57.166545617419465941 59.244869476433080990 36.838236060113942472 65.522342033618997448 72.190109300333134001 48.877435753091326376 63.922280726757627178 89.759096205974827853 77.748526443700782806 3.094334420129751351 3.275464015675008334 2.888279901840482999 90.295127309784277259 29.010568879843486201 4.918405420311126264 33.075435008281139915 69.975958383327693468 58.706371417547806857 8.321519928023297652 11.519977306215110957 26.822407018390766353 48.054025858332124699 5021.460728172874951269 46.533888908868256351 96.574547911199971395 1.404291935963216442 31.723135569788880161 80.326165890613836496 86.950025732881741192 38.596143266972418928 82.847434884821950618 97.029589657425162841 33.491671012704550492 70.943622237840017419 97.442304922617310581 1.661918934979711882 86.898018107582601033 4.978004429077452997 23.973056407021132941 79.185455108377468036 6.142615775571506731 89.408103993366964346 40.334823121653961664 97.585642390995872120 72.329544051524820247 83.051060032802766386 24.472324223714501557 68.587156714681626113 43.458409692714774053 53.443551012986098669 10.360676731391691874 2.172307210410469924 52.860760963929394052 94.762995084380179378 66.009336756320408313 87.785233962972682775 11.489847526426517632 9.508124205200195078 44.821675160933075688
5.779679530636996354 78.319812012187867367 77.470285682611574885 21.588752232441777323 44.306594033687964895 21.004865735914123093 58.630883028393256495 63.189578387061409614 15.282168741295915737 43.378006901502622839 23.355937712225824043 85.911497895425071647 83.730862454259309402 97.078553352560859935 45.596602549164913398 74.580072039869477862 31.083891540586375157 41.828410211694055931 99.720005079733297748 67.859920344656089242 43.851374555649293541 77.166131655085024477 45.504622054339463944 69.382173266565530412 64.480045094665371153 23.449682930068405540 8.844688854042409787 41.557860883880138658 77.466201632349893202 73.789630514862011523 68.930075001049402772 79.904492175855537539 24.358690291516513327 5.391199275181223882 86.541079062267954214 18.373718550108236514 75.054158484820064245 6.537092896301462730 41.867053710920131948 62.574992889125347517 51.574967367576974198 12.863017750806040596 11.323448694403449366 40.084203256075035426 6.524338867190582647 46.200544098307908314 56.968572372047304953 19.637194471344937341 84.759426795933833887 97.952171585100245466 99.031330954392487342 73.377771959319204598 11.234193645005886353 75.715300553318144239 80.576229139653378297 64.731309169770497647 57.482703822451938436 20.565673785335199852 14.225567829600418435 99.463854467647479396 69.855534812106867548 40.243402015417558459 39.753744547914266150 17.246713509490469107 5023.812597263608950016 80.867365514303799046 27.421032169264478284 10.273015626902200381 4.407845657945740570 19.080494078243766864 98.395762459467135841 95.798586643092733084 80.085483405299754622 46.239930533823020653 65.553284483234904201 87.078504771552431407 33.749620677398709745 97.755264031459688567 55.287965942494430749 10.160798250443592750 31.172331943457447068 38.737735181450020150 10.083714966089440068 95.193591507928815076 8.966508523932503749 4.849038315543147348 71.448898553418516144 35.881030032697651677 40.000727382574673641 92.568174096465355660 66.799787578799552534 96.511188045221985021 50.958825360803004401 98.783815890180250108 6.795962323083458045 17.609655620304920376 11.013449174781484885 51.612283107439687058 4.085212288556594018 24.580054529911222971
67.036989486961289231 38.935536232536463785 79.382984478040327758 66.271991487651220609 89.763770311333686891 64.755804867375843514 92.574848368184433411 19.662288530808687881 56.327965913685332566 34.978731323284847576 37.021778122311673087 58.756120624712345091 72.830404185698341735 30.169891576659349397 54.108995628234218600 24.662333324512250243 97.758300074954291858 16.106808992787968293 44.126260774860362801 25.026688004556376654 10.978449153282749506 25.271401879202414875 47.954162639394859013 19.978181094188901312 24.744582041866440392 90.414573796375563575 30.884994630394178472 88.176695017295784851 64.077325988920321720 23.866654272818774274 77.578318241927306076 60.112186252018773303 34.337080513161581052 89.093136442590989077 71.897643484480227016 58.749573686977264231 47.172636363088230382 2.414848789690812403 39.617057891225634592 46.257709115118586851 67.584862644490357297 74.129946798276606046 11.040648056974456281 84.867659847157725039 77.288031373271977031 20.043713223782159361 88.087969668766618270 34.731528087063018972 28.888009145444488723 70.427474325755355267 3.243286276282525638 55.927213338486076566 42.532813790066199999 42.909400499038412136 71.218793331412570069 56.468340091797607272 96.568094895030071712 28.821651959881421590 30.439384473081155136 32.308576395761818389 55.154330044698248514 23.820454049389294227 76.293034488580218522 4.925543084941148564 56.124076839265072181 5059.297302081632551563 28.255313548379348276 76.234636715780524696 41.575211574862471764 92.970622590425108456 89.059606480504470483 19.082576272741757606 90.348761468908975303 86.216146007037494314 9.534187341580523167 77.418109465967503979 51.431514779975813667 22.324440047568881340 63.223048534125148024 80.689370088141757265 95.016878516089846585 41.423352075284704199 29.291070880146985900 15.277555593116007415 23.032827604871318528 12.922679638339253927 43.675402523518016551 30.590029471622013801 53.066294877392842011 84.321080500335938268 5.577796866174276502 46.044485045430832315 87.163930750791422497 53.452447063186276921 27.847726487772401782 1.873960088976371452 9.836407497680575318 17.462890810201457725 99.460981733372022973 1.894363180837177474
20.119809474628002732 86.647462694494237212 69.571050539482342856 43.737938618684133019 17.095870990477621376 36.860563528086260021 4.776185697822768361 6.326050734288911848 54.911334964399983960 77.751768395957810753 53.520830780953154715 57.929550847994534024 88.759420551980610981 21.243228528431611579 19.916889183461368162 87.385569162961999723 75.463741969558668643 55.717329137538712303 42.266113833334884475 99.598230273571545013 61.466302702642977351 29.119784020235755406 82.873919694198860952 86.181204107820136073 60.791700221888511635 77.135392095287485859 92.366465601906796223 49.642839859703720151 2.315652071723612870 30.921600261586267067 27.958921719175151566 19.578096679772677646 38.840639824245556611 5.955662340603308458 42.728924725485335046 45.198170858810193806 15.929600792245761198 6.467603584657074300 52.277296391679996646 38.421203767566822762 69.355892849461270089 95.734132530590272836 16.135664530545820838 22.999650878679311461 71.725653124704194852 38.704795789898824410 34.190876693796141694 84.097782740087055231 99.209689884009591765 11.756591166208316679 60.803861161641641786 9.404803030656797347 83.828369660166757171 65.135191538187740434 71.200962545438130746 68.039350165260117365 89.713961591630507542 82.024381674355126393 36.337300214954957767 48.664092449574738453 41.384733495786953483 55.495503751195272457 56.728027046993290128 70.911933899261427428 98.587365629642761178 4.077409990461813294 5001.300534529692413344 63.578310546726115149 73.341290334085755376 30.423818600777135401 73.689871196907461126 25.899896942946025291 1.203836528234140779 21.538631397861571770 17.392028015718391742 74.979529376489580272 22.269246744638611091 73.310949405121874634 57.251369504432304325 83.052946225789085588 57.662444300684889242 29.682408108455568652 11.526648491984248679 93.841447993588062104 59.970144259440864687 36.543503781841202738 71.220534302654655789 39.630050822359621066 75.977819197029063503 34.789924615272269648 44.401526412288284007 15.585385715960130781 87.018103957428493800 30.866917383938613284 29.483626819114050477 23.054152835746371863 58.106957815358747155 94.741339090779220555 25.707917187137208970 90.978575092168455285
82.458098153578049505 1.521340614384387502 86.505478996341807374 23.990549869405736416 4.083056946229303819 82.829027996270426115 37.400859236996652157 52.394468180593008810 22.889233985872650123 30.303411939322014490 79.071651843083969879 43.030360136754993050 32.771062182212702396 96.140943344413628324 27.221294711356694762 90.202607350630131577 10.403488077877186768 59.145783820693388577 60.187640588477819392 52.765301117450860602 45.051553025615454828 62.686875626079917367 36.707969592685685711 42.803768124419981689 65.635921592769676636 29.723878708075652355 46.150333003265139098 47.452137838650784829 6.707835497480125753 6.952434944376735260 16.161758187953846999 99.689040834608405817 49.803329624014693877 23.549141422694066961 35.748518283854103572 9.298729491448979090 31.056990987757775002 78.722226688103972947 37.246309800556197445 83.563072486571314812 92.478776137632451082 18.612067874902177067 29.093688885738256289 93.713818513298150492 82.186662993621695250 23.066982411768702121 19.670178366123643343 90.577545790823378979 39.129727034795422469 45.272336929339857647 48.598903954535096261 26.715406226993728467 47.945301025103091774 12.466797342407758720 67.338378083377094185 30.431277873836265258 18.811968350120750415 75.702516092223177679 91.910178493171741820 54.117964147671337116 4.395930124380427628 77.482709847889793764 44.856709574937248419 6.752484347580029578 35.518033268196404606 15.816387676628361092 18.945241849864469685 5060.802221261667909857 73.168948346902766389 84.063627521562935385 96.021010542344086502 84.090647812752891355 98.349907913362784484 81.436676320465096524 80.351585925708505442 90.815721233850567273 17.421997601977960102 5.924619588990303498 22.379330618183956858 30.195052855856420848 27.470076270994400858 28.658889776997249044 53.369978441301789474 30.374582523728005157 64.475874058875973560 44.201710850244786855 31.241041574654015989 33.467353471567832912 91.836390495924064226 85.199325903568336571 21.018112267569936336 76.123766162167498806 58.531990315689604643 79.221297261352802366 54.223672271838303516 84.046683106343209602 43.913505813075154549 55.610378913259900457 91.526394909851703119 86.182609170989692871
6.579388906213350374 56.762055028826111425 50.177418692405105105 97.008567365445045994 55.291106427358144515 80.185357827126097163 45.034031526029593806 17.439325800555533164 33.580189838498597510 99.321478710452396399 92.268460894655632387 36.485222644147903281 69.743320691836800052 39.991315611811984354 91.687266370619255440 79.888223132697206097 32.656087227961961617 82.176091365914459175 87.814362261431412549 78.912065083065840554 20.941959165842135349 32.296797985598630021 67.363889734933650288 11.022199653011997000 87.418352460853995467 64.524255365640740933 13.367903706862488633 97.755120110760941543 58.001723787504317897 76.151963240245464704 59.563274007060307724 41.813947642160769647 64.743578165806923153 77.668486008984828572 32.581585670780611963 96.886671881014166274 32.801024737290333633 30.245871740770393643 54.725169695020397853 30.100179255296676928 29.711008941719850185 14.179081084467462404 71.053572710182109518 43.740024246248104589 64.212050864820298557 16.041054360406210577 20.202593460747639398 69.537623327272584106 41.669680404377835714 2.098242792293852688 22.041864184472085952 96.583220258942731107 54.751899646050972592 75.964006560549535152 37.280561580665420252 49.691401470895002035 4.957985167279106875 91.852284529959902670 60.536232957263848675 8.449716014185391089 70.428032227161750711 39.666441072443056726 23.730941266382448163 80.503701762460863733 98.122631418937700687 89.548193397970848650 80.296740857792002544 33.109388693005534776 5038.459147960503287322 18.913272014503625940 84.008642514685618607 39.910608600842493843 18.059892138957110319 49.941833904788786924 6.983838497701555070 48.699234774857899311 83.648921288745484048 28.070338840644286194 38.086438327787888625 84.481990655023992076 74.828811848438050447 44.891580750038038161 34.811306828434361194 84.873856624538234428 58.337605430048022015 44.210821227973553960 60.176460202632782170 3.308769369936030103 21.949337677699396920 6.164383417001381815 16.845484013390116473 92.478455960951066572 7.481446881551253369 16.695454151271150067 14.209931112113832086 50.756053770101715372 68.120047157194491660 53.044934798850512436 41.669969492826645308 56.721867071747347211
97.235067921752147413 70.313053798272250106 36.269036176956561235 76.225155731662880498 48.225494897504944447 16.736896407212604743 3.052530316513729414 76.196554823822097546 64.079547181661936861 97.226311482949782317 15.554961517278568905 37.815532430147698051 4.933037142534058894 20.014746488696101068 44.361657107131705402 79.716005161671688484 93.187769265547217401 3.548450060814624329 42.777845960689418803 83.265614691168451600 51.437348272394039839 66.631715537948736028 27.082249928285698104 69.241301312012978997 68.714085026880724172 61.432920297521057762 39.765034195048180266 51.849857573823058488 86.403586310868647047 88.461981987220809742 55.335931891825644868 33.576197824991332652 16.236582294847739405 77.950600244402650674 20.670921773846171021 89.973689458115956086 29.636343857135571511 24.659009871515948475 72.433612992370726147 85.681233989730316125 26.552585846437683159 90.485752403025827562 18.460653327272254387 27.204113049727212115 73.639355012273497891 36.836101742051454266 54.786354037050990939 5.445467013916204024 8.669767734216080157 60.821834063490079814 22.028175181938699723 41.529162541920861429 86.487676816358955989 70.866804076329088957 89.738890926999189901 77.407021776812456437 30.638975713115193855 95.480150227098917526 11.661126860185868637 1.359953376866658292 64.536130279835361989 10.228927235154680275 15.350755099264677739 55.153954901170685332 80.850039749689855739 42.899274503203983500 3.393832003699068789 69.712944019165945519 75.198194103772337371 5023.272969642589487194 66.075088301488975162 42.194880958622526634 40.286787235519085471 55.225506759114232125 29.471653588201078833 90.127910938971410815 13.067670521796795668 15.233113711861454576 89.926093299619978438 62.704870828380947501 8.832017504202827496 99.436527291408239648 23.700165743204436808 4.838434062730036622 98.056878234837142827 35.034974425567597223 80.919730814359880355 61.082755729970983793 81.526694130117107306 50.548802892735047010 32.612174030011551906 14.179380521875886600 38.789533257431457969 9.417989243389309095 28.635160678226448283 26.988901694717810642 88.559035034009170317 8.847023665985634722 55.510700024729622726 14.251724204242536942
1.545271996729606689 41.347270940494574631 73.987915525799266447 11.427618361975785177 2.698505668104571598 37.794060422975768176 26.999589709254241399 17.047004080693263006 42.061383722050429412 67.113102359451261236 99.045368724525417292 75.582278219032588140 6.083724653691922057 43.564549719383961701 51.647939810847084630 41.864105405822726880 1.019044251819787084 23.099315070187270038 40.007111989910491445 11.783780992161968726 67.383261857907953640 97.006227086314979147 98.043726192591080348 73.749801233303657000 91.667343292733477256 1.490529215845274091 7.873476840500610585 3.716761871469881129 12.344002729855484191 63.932135835894072784 24.961603539487690284 15.279228038289424774 66.923909760659057611 73.265436498860296410 5.798327277270606928 62.904533088315837119 45.801175880262761098 27.930965419281140072 52.600557252245287998 88.420737787915783201 70.234257706027165113 95.844443948570201997 56.067800401641846975 90.951213246735903795 53.322886812980534899 52.870253061911093084 29.930075339246155153 47.881874132294541369 2.926489500923012077 75.466417535848208331 74.848681526009158915 48.407422247487183142 24.081801015622065876 77.793747235251629490 97.183705817084160117 62.165902163263439206 62.208408822369328561 77.785817158063963461 49.461118802645756887 54.157550921886084438 67.404186699009898120 63.982929105353676391 90.647401203183449070 16.221116046700380764 28.148482190220022403 89.057589743988302189 33.140757424005570897 73.975254071935552247 44.062793075131303056 63.751950819164186157 5049.948048318691689929 86.180511565544804853 67.580196919438378700 84.137648633586394453 34.618542830540881994 49.152407122026431807 36.020077689204136107 83.964043472585842665 81.004858318096424341 31.587522423555519424 60.735552837257998249 79.315602203161702732 22.826398344219615666 29.666133074543878934 37.526894573479374628 10.274795641879423513 79.457188205844403228 12.528436534330914753 86.191995795073154341 22.669459656087777688 33.264993137686772684 65.570347188431298946 90.149097787587095354 71.632923504313481544 4.396106658957378954 28.289033900385135212 33.914300152112907938 93.956723563360938556 55.731518024503380104 53.816371021328471613
9.663530633646320922 81.642863391297510134 60.834646216950027053 32.416924836162550605 77.903879470248597272 96.407416842682707170 87.120025663595569654 36.309100404493079850 61.626524330985624545 36.823300096726541142 93.012981358007863264 17.733256606306543546 90.129390446955966354 58.740163688600553371 37.728261156378920305 65.122456583380625261 49.632555280597145497 55.428983505984206204 78.868145632039855286 71.111688628281527258 9.759767669388178746 93.799457794992903814 48.817597707874121227 76.502336105251018239 95.900231188818665373 5.401963248369291648 53.130563700156038465 64.077897517664098359 58.640478532679090051 4.579551444104557056 96.031662304381015360 25.103783177007592542 99.157378740274751294 55.182002064036893785 30.353989138346214816 68.177548229454899342 46.297925446334915023 98.591290646406747555 76.699341039956749455 62.431105734246770567 95.341305617697955199 52.529571930278237346 94.403355365241026220 52.521655824920458144 65.596672517481508180 11.816247486520474297 62.584470522477971599 86.901555232313597799 40.000245084837807497 12.087522098129641179 24.091262635361644584 88.584147352166823453 42.571765287119397669 1.769173705202812474 10.118320063707097134 48.023089668586273149 25.082739478071612638 17.483141708787591995 38.210730031722391686 43.545223924098955592 54.038426949299712021 4.269337897711030116 26.194923825726004196 68.816111057474529389 91.684566453676040965 39.482433415185752779 40.753538486098406679 77.857263789462990644 15.339670379886122475 96.346029540868528329 92.552062839591158649 5083.279388029547590122 89.284834020081817130 19.918260090198895540 47.370339355702185458 2.075655240414681746 33.816239722054291406 24.559171308234368780 66.277163931332040647 25.298276928782808426 20.983397222572634178 18.218340863893882187 19.996392881647309991 4.600507275462374146 62.968823480722512898 79.112365061844570846 9.092258830550425941 7.284231195391217994 63.053354698251197874 74.591502664053962235 62.601432095080014051 3.830674994341855211 69.140194486008638819 19.543349754240470162 18.761429040674173052 42.101439452901274763 82.506147795327308359 42.576148232382969638 42.303196541376465234 86.100798783764005861
9.580442974535001710 34.062172076070119431 66.555785426892100531 8.565964681406006420 85.715525775470197800 57.922204252057987617 75.939078131434541774 79.562179046372847324 26.613600086377214637 86.471924625682731858 87.893311800261614053 38.565577312991827341 3.126330211229141121 22.059945408485475582 20.797500897549145549 45.374643683425652796 93.618457421702728993 90.078731465913804755 40.923112738502609886 93.623584800023024854 16.074569368943159020 66.006148364018088159 70.215159543913259199 89.500760468570334183 68.797560431906617850 99.242976230794383241 33.031020265513710399 65.423565331258046740 69.003311333351476264 71.692383377811182754 82.800212927814484942 70.858043735578078781 17.589580409051585264 50.770682656958747714 88.996106546011262139 73.492130292622604770 42.146336241377724718 34.746257632365363577 90.933296737926767150 16.586315906319832436 35.153970259312728786 30.963564423011771254 99.986881870283028206 58.684068135703483904 73.624685254594638195 92.129526359411812564 93.638475674291669293 51.264466902929392234 20.121932403261943989 98.602300495494588972 47.466499847683635949 33.542414622659450174 14.928923055814166787 81.732322438024226585 37.365414078104720375 50.328787942702689406 86.902466980289602816 79.473019638451376068 23.529821687355806148 92.610080655914785552 69.708838933257496251 29.426960250872632230 68.277447059176935795 72.344851367181007618 88.195952260414898660 81.867572207400542084 64.937553851866212540 56.321672258415055978 91.021445879585598959 18.216204919692760456 25.582771720461231268 71.081115577069752476 5070.481968791491453885 42.916856255852280810 15.176663009815582583 80.434627798676373800 71.901334090416028744 60.316743782189519152 13.149536007493288992 82.958598218247132650 60.863674557916027652 25.816380929758246054 26.877448617473390868 31.501289751619609092 72.823738762375541000 80.027844235255699346 46.188871835956511802 54.615366410429132316 71.421972781568598521 10.686917808563720200 90.590122841973780510 22.382767106057649187 98.516439637723919986 18.299270365849704234 45.623831440750855393 8.360248773205057660 7.841048175795860331 51.588610651469771540 66.492747812662102547 68.623411373066872443
87.328367821094417423 96.537973018638496114 17.974695084874142026 56.725475579641596369 15.371969029855673483 15.631766132001507330 84.086219357744070635 51.433515477729834231 36.400503345890967921 45.450406036756234585 35.163650443520950262 94.992712977125933094 28.821325062018154028 79.491275978754813991 90.401138695574914550 93.445316440433245475 24.127810886412522251 74.131552554203935301 39.162399617749670711 63.319887227917398320 5.210279034221230177 36.807266700213951083 73.603532122535099802 71.314938254772812343 51.656723302190265201 72.304768282986813688 77.990695796483990421 60.254195511676812202 2.279271323859365594 75.927756155202601462 77.410509625624158048 32.198777092278390910 7.717574879487579587 33.881928485105120785 39.292662517517300103 60.902434804531090151 13.916725660393465702 13.245404724078161607 45.811441751441435599 58.700702508673856528 26.106785964533052891 50.146253830927193462 95.761454412826353177 82.173538289749387786 66.486065112430651425 94.314163121056466821 1.529819017901151490 65.127777467626273733 97.820149009206673441 60.389699291962536165 64.871798018957122167 61.021182506013950331 28.776327719849767561 6.626916632277431773 83.389777858069592753 68.588142306969444917 45.396444044959935127 86.133941172260250596 49.966076830096461947 52.358011448377403951 23.716205990971079842 46.087796598669214632 72.628251611474311744 94.439324374604254331 18.751868688313312106 36.347412394522763179 53.889936057281190074 71.365408340386323971 76.125745906745805769 79.083808690731956403 67.987962190738628010 73.722656525083252177 78.547370749562617220 5044.386372972123353975 30.791310920412129803 28.884408151495453154 28.911534269806189457 82.042365376607506278 98.800578734138795767 52.714969543848710032 49.846340667908016542 68.467568610631857950 88.460643046249145982 65.570896632356323153 18.764898935811494596 64.426631953582671031 61.494167002036043357 91.890328495472999748 33.429056995938132957 67.381160294717673764 79.059041810424517394 20.661079690540411491 6.733212212323663515 47.850591980296798056 97.006662916692945942 69.614697602599250104 74.327261979616451981 19.672279939422818273 46.953780406907306144 58.317844187201885120
86.685560273701923961 7.668804352312668549 41.598145639318268252 92.266597665150982266 44.841294570262739683 90.732747533489416014 54.844191741266833162 21.820739487822859104 36.071018894112292230 48.057764045923207163 54.611001790018200097 94.795055952707301117 65.021262482712472774 60.611153130931747057 36.045022570585963706 93.195962569436403555 42.977948120254403364 44.360370511052103382 15.381534069189866543 11.090916373380801829 47.377475911305353407 10.361338186277469831 31.132746315129246284 93.164351249942200184 36.194515578295465730 86.214202587997903038 46.362595026811639798 12.721560298411358048 25.324645717885797325 99.014253649198039398 29.806997510963146425 80.247400782409243902 41.775095316548203073 59.332623915235139123 2.531823566605433395 7.686064063944026969 76.418703519375426936 59.267065755993385778 80.505981923603400219 70.345082027605627673 24.704840514298531673 4.652704569836332738 2.194296216685749368 58.802531882862524526 69.303399372024927061 77.395260434349935963 56.161244488676160813 23.104315265485407593 9.923619570576615700 2.537376334630116137 82.121510965005541038 56.234512724152779128 23.776668439746956096 66.179002442470874712 57.903958002203637534 3.829933418914898358 8.593034107103747488 12.053406569341456489 95.387832351516181006 32.746533829252200576 75.438285656761848941 48.847950092075834050 60.159516535518804403 81.563935652754793182 2.579786770567318754 90.532946789377547248 28.043265675319112518 79.219277844603340100 66.130870320868666568 26.463575569771997209 8.195417469336760519 17.125972762832400775 38.591570902474643390 69.418434098621730755 5091.958249960192006256 94.618092151892582820 24.512443006220404840 55.304896464620817653 65.628852875003673262 14.895791537718883646 30.653557064098304608 75.322857297885505545 96.161771584715538097 11.520660650957957216 29.746722433091633775 46.982611879523574316 55.349309672455099474 49.353415259593390374 29.986928975768922356 6.931856656110115367 58.877504325990138057 5.626677505492800435 76.576255268313957458 70.459988163456642951 38.758946347458419268 92.734962406290279091 87.327201207030668684 7.030065349922091755 37.059768251624220170 97.244333462271129065
65.027513226326760787 35.404562697308293195 1.124130958497535193 57.183473406699377506 85.198485442502956744 55.734778859004890705 84.196816163175654424 3.731816680443937884 58.017566625381874701 39.962899777735458429 88.502764538337970635 58.463326355073078844 96.995270158531425864 62.051930853262170729 28.657349049622904857 99.478622637115492466 83.818476695708241664 1.904943347693025979 12.686229174498674155 80.543499464293219603 28.883345363108038129 56.593904537939373256 38.869236603297693478 14.493640926178709805 87.081364739790359408 70.483181304103993625 1.492123452486932900 3.780712493278828745 12.526607483382797170 15.538616557723573308 42.584615796500166596 42.291239197378267534 70.034942959498209802 7.576892524706839716 54.211854947665500504 17.402488378788028456 92.646610671156537364 56.546608506065922484 13.974191087710051917 12.823944865096674306 88.559312602857929164 2.004619295254994604 54.868192571178610706 60.965182797848754603 76.060737193079560825 38.580221189756365163 33.915545270243363518 20.050950065346064832 84.011321816606653101 81.918625070703882329 48.969371867492043293 55.479235963595819214 25.904306570250639652 62.106901052734691859 51.579928762715539392 56.778727129829512421 64.049185592533405043 86.247386965318014518 93.493757068129909271 64.794123916099863436 83.072237034934786948 80.007987549607534561 13.232702662583854192 41.188324329377955735 5.423166614541563568 36.249925613068235464 99.081972258557158284 53.099279081944729342 6.890215314234418464 79.395735219745887434 68.906195492960065963 30.181437019265853650 10.555525567196395897 52.019694141787788055 5.424805931831635064 5094.586295457084816007 16.622051523014992114 76.635312596853779610 73.111569104945530739 3.113832873576544813 81.585097360067692307 86.414018041083181743 66.177038827172793845 67.817840705470857188 70.789762451149343292 60.382926263202087114 71.258676426769952172 71.770440698801536428 25.437225866615410297 3.959609426182586933 43.815023743615284957 51.291149293076678362 99.500340667948336204 10.618038530616848547 68.571091462478634071 47.192666249028583536 81.763262190707493460 95.901438599627027770 37.104855684428827090 40.764552335676079053
86.651099891347143966 59.320599640288953935 32.346790580524960035 46.370153675314767838 66.239965950032470232 11.955731326418016280 36.390530623635285679 91.244085124950444765 70.466216987768120816 31.110983323291744540 55.775512719284364493 43.630626765229905573 52.388165922637810468 65.570502577225468599 82.126744515464238816 70.465730078514638990 19.979326575402208022 68.606656544408309628 15.546079830711596159 67.248493524994245263 71.370215271734366524 58.608008917251922298 85.313487521884923126 36.762683486483879847 52.119777178758440073 3.913321345594577672 48.279766396629959502 48.643416728409995642 3.553172823659741741 59.161196790658962641 57.374505322189286005 96.149070613567047872 28.480880358441751810 34.836665858025284592 81.758448455733073956 85.475277924311328093 86.441543410106518763 79.416770635489299934 97.549753650462562860 87.412977938265967737 74.037687077026433258 98.036594742814301640 53.532760424524362008 28.927981717094688463 5.475835454317572015 4.018435660194249692 78.783962877856836826 5.371021117801748623 76.848031455364250064 32.369946608604308835 84.568204714086888885 91.155768199924679607 20.233220470689314396 24.796868287217673554 27.948033071461829024 68.950397793273381808 38.411374906318911826 25.024416623363062939 1.632149675688591817 92.564942397679359942 35.626194372841894165 26.553943704418482952 1.221561092182528174 92.430403081643845553 10.881915798860452682 77.487509727831238138 35.071007797060140376 27.871670682276551645 61.224487224858393120 99.390682844779647098 18.961757865524340616 87.261176939711987188 72.923065229891349759 50.491096887594991927 52.879717981005619265 45.254606904331787121 5015.147387543184777314 43.879058137912203108 20.196929448689019182 7.666778063856185987 71.952332710713577058 82.787023396003846187 45.112009607591211591 34.057981687954487882 21.910214839882456772 16.895947557250448057 91.230287429581579772 5.421051529928047508 14.515332620870326608 18.239014288568757394 44.365770236700939222 79.395937126268819384 87.206555700926799091 99.287379753558965945 36.301688006127058372 79.779921255604392627 7.507086421122657782 57.200181313584387510 39.894990893221859096 93.039850543914255354
16.804992984177715698 94.156038316836003332 99.242805497217801758 12.849268765956884053 46.385571732917490806 50.436758216871297122 79.819721714881282537 87.702415554291121680 78.879807495810666751 12.071339980708733819 64.094699365705537275 8.985508469875631121 74.927520204151790040 95.260056834776577261 68.767309206168633295 12.363195551966079222 74.245495234257020911 26.051833143167808515 48.458748781965162777 68.604177454252692314 42.466051046605990393 82.133992149936361216 30.044752843928044683 74.513959306060527865 50.903804522794196430 97.047313459880243158 90.585594313221889706 95.820540805722117739 25.463387823219619577 32.692819658921081327 76.137837769111456510 17.957319251048645015 33.754244679737816170 56.354769431591215323 56.241644038645873138 90.576847008282598495 16.512292731175683969 6.507324014453402583 58.831759814406062503 33.315473608483522128 10.950018593446944948 24.299516476992014447 29.655367493499998233 56.000252980466221686 74.311432682818505668 83.756966392500785901 24.581670308918273093 10.679578245896420796 11.218026034092286380 56.941320229761814176 54.523890325563336035 69.757268838154573132 28.571286791374728153 64.802500504763230538 78.064865443943020296 9.273498954316178100 58.707777575955233829 22.168364964920396432 22.782704929087330470 14.176097521119547906 44.236778327293215796 96.828057494436990282 28.304253396578726409 49.776588003100386004 12.417970428900886759 45.464323624646141297 46.152744171448766508 4.580496169454121080 88.860141279657298696 44.336946365312805085 57.155691404852404958 4.230178771551659445 98.633313016793863426 63.182345467014897622 53.481210882746637481 68.831194666679451188 52.473180795377238894 5098.261517482941599155 61.663343584112197959 8.777333073685174014 3.321189352531660699 84.265475348416572388 34.841017571213185988 84.860673571695798501 68.477199975768911600 9.725572034001238819 53.220043807842415617 32.376070267198826969 25.103048657506192853 84.951530486434052136 64.470236274458784465 89.403472153812728607 37.621929999900487473 41.891390641681717000 20.846670184572033691 9.833803733999513241 95.359105689233558678 16.910796842181177624 3.486233344404635837 59.321032557415684039
42.445906400112676238 40.243613264056044443 4.405619831176340817 75.839368652298460916 71.297488626063341144 79.654170130022947660 60.229758116444536142 28.456685901215070800 30.574168766468524439 36.544805842740125001 96.273013348896611774 97.123977161535364644 7.124037252056080405 51.394234586382026464 53.882490588880628479 35.731393352063740565 72.804712247340077624 32.839342772087462663 6.768711244315623432 15.504325929991276567 20.378011514391303649 92.902766251411094345 46.564525321076281728 42.042492841989492547 19.818432085005216692 88.823940581079980916 55.203021514038844941 52.870786509259211527 90.764539674026252669 13.825454665370214613 69.381563457839760645 48.841069027333581687 41.747975714126937419 97.027167575100776276 19.528984355366635128 99.011005295506521406 45.405821923467499346 28.605609454617905385 42.874801589232099275 28.493651973570798930 82.599247466581957156 39.170942503988982253 1.123816031284446737 56.041339124324537124 68.698239284715711506 86.410931416849052766 88.840034673742479754 24.052686065445517016 64.929348713736018794 40.816298709607764295 7.150043777481866591 22.083765679983194730 40.667373317236616970 37.470673272921452224 22.302432615212520517 92.069931194917131734 88.516284875062851256 7.271797303884532937 42.255385221810314533 42.969352048114650700 2.540727611259768093 91.374554980058917408 93.675795176534165876 93.808363727420740474 10.823919009640595945 31.010411534065600137 26.141865034707862492 31.118771483648774989 67.073330701920752972 82.368829378381306583 67.494395727293934328 97.447820605475541811 81.960859379550129233 41.129227398151478212 43.104085588659707184 82.877480778061311639 93.626647548451998659 40.938616795305499352 5061.163084615146544820 65.609410868524818738 79.085914781930739537 87.391816605854671707 51.176508187398084715 97.609508722776865852 31.824053368473261827 78.232148681318861350 39.835745107624248362 42.316468078510297346 70.346116037416095423 4.371675645179829317 23.144654959383572645 69.908255663395607371 35.478658360917258108 52.900951636846407666 75.734429755546685215 82.783981353114043600 7.352944270125883364 34.628149275302497756 21.677532487962185570 49.353771353430815338
7.875681637878571451 9.474730598647827406 73.548998249806203376 4.825117052131981055 99.809037801249473887 27.927870975581356561 57.651855163576307461 46.161650453144417838 7.013532293194168155 57.901988253977705767 46.128139047834146425 7.390443433275764029 68.422862588682534124 79.429306629377748550 98.203101639091414654 85.494114748445028340 58.666249180766079974 76.069095922909724550 61.362175656239244859 70.975071056196142649 45.223864136562447413 31.993008250137510373 42.829574827843075013 27.824833392523494524 11.805544885984266656 43.044755877782840514 29.636029283010003610 15.391222537403338677 54.573099016491319446 41.242419043112803934 92.373995622785230353 83.591596370459242848 64.790850165910200076 83.824099616655146860 98.733717038562957669 27.090249297673949513 6.997110064121909723 14.718234958447817817 95.641087990930415685 9.807581866441852370 2.904547388362831661 45.404740829309275796 97.238047657286344361 64.061695945503231542 77.814363214834884275 19.600185300185209769 93.197348145869995051 16.976500672793317648 75.583645541306225368 7.290622513320421660 46.876389615558011315 42.604502170380420978 58.480630704659681385 52.001674453179354884 40.470776279940295694 73.268183828406193925 32.551307621809314696 39.654034689095595922 77.436629485460201749 22.087630111863752802 85.070534821984452378 32.127742570613214923 44.211677745216768187 32.151275621891670653 96.907603309268935732 46.961548931536931661 75.339269595744468688 48.770225169168057278 63.930821692592935790 47.484790062078310768 49.687918988696125666 94.721533022623333409 28.941500092830231949 77.418632080922265004 46.569130168707758344 20.415948345924245899 58.196084508413228775 7.274030692839956735 91.507804649891426152 5045.800151116858614841 85.747682787580416175 27.718578501788130097 65.743932049546728535 63.232438070771394223 21.319863321155079205 24.657407622554522675 36.319738390542646300 61.129755931323778384 98.984359878555338241 87.396856004393214334 69.055946894588160490 1.378840526241877029 61.734803006758966148 4.491489523525674876 25.492110785250122973 39.271110066193386956 93.863320826232708782 65.191535788641260751 79.977526189811243285 83.719955370735362976
42.020945423801514096 22.474158747247898305 32.073492444600297802 83.432624094330577691 93.822932315327506103 7.807311103598432389 24.004520817100178931 84.383933165890638861 66.928120539386839027 33.979298452638531103 77.857898581965983453 14.268721578280047169 86.317893875480550037 88.022274399627477237 72.469200968417794684 46.463506479699148599 20.373091889444381763 62.408999982220727532 11.762510126754532891 89.254742206252643655 72.898875954304301672 78.112503049498556607 69.136892191912821204 35.279216724185232579 7.473802749604590900 6.474646755978596069 99.864336720105441714 55.419694610713776228 39.689171095925580346 42.041701252287701607 60.808188839041321216 88.408682329385143817 24.051856654165572280 2.193062350728344434 95.566189383529902557 95.733005403455422311 25.622990223748526972 94.769980063061879605 82.721214845161668450 73.850724701636920599 41.236119108131333633 13.515197214633904110 28.156488878330559800 45.154294030920766545 47.015051608816442297 28.208662292012999018 90.088618876735594654 36.107298064458397846 83.851924074133705744 38.131930839324127192 50.024558517497254684 83.842836141880198397 42.616258267788609260 60.620647387053132604 11.776929486554491788 22.663330879283961394 82.115881126792629630 34.871585425980462958 96.429892526956081156 88.268631206306451986 34.327830189652225101 34.676014910959999327 62.076328356830323685 64.831106899536905530 66.961576259539512535 54.755798942621964898 62.751193228164005689 8.382382500649132595 55.403488840834803852 71.237315311687140706 7.616518425628052924 43.443371214249552281 39.769076371758245614 7.137706519568125074 77.812149896061356458 46.858550285213780739 30.230216734359316888 79.990440099597506673 61.692526173369742537 55.045251072917629642 5088.482111820330828778 50.998947256890446056 37.869216338952462308 31.017242536320303259 8.784673748555267281 42.541535576570474575 82.054007634087881229 80.971444600735651420 79.171819101688669207 8.329505427607454493 76.991576158877535363 1.064081154982915445 20.825403320228396353 34.372064536468840856 12.728843493757956651 24.074244703002062096 59.989612162102233128 95.680406404405076159 73.350154804987099055 68.127560346460327878
99.352235163632300896 88.516039767875113853 53.073755968815035544 16.454793283511691016 76.092423241240851439 63.398334008511589843 28.356765599811414091 9.162694336969112285 24.973785983614423145 55.838161974021389256 52.122606372710365008 34.662402550937244428 93.719075976388396043 2.567076474249503804 95.719903754042647392 70.066405932084293795 76.440404257806136457 94.996228699374256621 73.034893308689376568 28.940543443556872916 87.248501986671442410 98.735333449618877921 23.910871894714524899 96.789300557234810185 89.538310412848943542 77.124503563583701293 75.903411302473017486 76.911827117682236121 76.524457695221627773 19.264092862430118203 71.414652879021872423 16.072173474075697186 18.848431367115104251 8.160092548839593007 62.197979540272477550 40.108709966110673406 95.762532162535535463 42.873705385420151970 68.439821080471133996 58.625386867133791213 93.444673600278008507 74.129690228108984229 16.290891364009063125 87.060647034281032575 45.752227955923451930 37.070332188723511990 91.683543068943151866 9.685108908534981964 28.011298414866917739 76.061741209173518996 3.447999623062270036 10.184579274019892381 96.704832585885924345 77.303390753609633634 32.678607633599526139 35.272258223903634189 84.127114486776960689 39.659530201777791092 49.372072273619956206 31.769004543954473263 21.309520328080406415 64.598262214137392334 93.496085882101723996 1.117752834201370504 50.874636848272302814 74.492937823979701761 59.808757957078938716 62.936188763812388913 47.822938731777504984 71.257794357357454373 97.655938409891973606 26.108779732843821364 17.504272167216182510 36.317350302847401622 41.291423668874998043 51.269678070538283521 22.139206579878322856 20.745861105604195274 8.854492537691371012 4.636776665131558062 46.355898331329292716 5009.704005171577591682 25.964507012300583000 93.948727388987123277 91.062292431069266740 43.758111727129396229 64.112727960282626327 90.322429350256641101 93.738720075170405721 40.588177469896372429 4.812401467560409429 63.433776714160373444 70.029257092209604707 55.185773204597801112 72.794801989225817351 71.035748663274659975 81.883680379770169111 14.946319040980695192 46.589645168921990148 9.530840950926526389
74.057039533938407772 58.584316410110425011 87.403011161696596787 96.734217478106373278 3.300433308245680930 25.597088316326026103 96.432566716534736884 42.563506663175736833 54.329162736011532786 91.745977785995435738 75.021484881241832454 76.876642881520069750 31.085053996895911865 36.006125890078727991 63.166597067097939089 92.717946226272204058 9.555328237775320588 42.976659187548897023 41.249557723773307316 89.601655396178159663 85.528354415372362496 71.393788166249194660 54.993433272461331285 16.002355009637518890 32.252186423234306289 10.403295184113215299 16.472273035792483142 23.255790492104683409 99.939351112609770666 22.917398573413400698 61.619038671176603827 95.500971731166814038 31.911292113484130084 65.837595612529824507 82.514356255181041888 14.689642181371281637 89.596026674128680156 43.841696327200580185 67.243959491482698354 51.597548449517127267 56.548833209421026424 66.498115126028096711 37.519081473542996719 81.290329483469193406 24.302324164420568309 15.130564753563986002 75.202507159881719190 76.592225917710166527 93.958709617923673818 32.521539900622975949 69.516673680474156072 15.188247730927145085 55.155021808458471355 85.903669467184755604 43.122849738209289683 75.140336141435938089 10.225908099369794613 94.438796056558047098 66.200074735962317618 24.522954349600471602 5.404390448534585722 14.180420360961536019 94.243310814543974629 93.960346126741626449 36.142204829705931957 48.775336860811194128 24.757491848254119304 39.128544023608469615 16.955576452170220136 98.267667209189326627 82.995799396817929505 95.293395806997978070 64.450014411244779922 23.886468127240988224 13.824138382988140350 87.071124880830112147 96.264142322631371940 45.795174077079543906 74.416127685010920345 62.297278663992706527 60.050598985070116953 46.022985547230916836 5057.338664836107454903 18.544442041973230317 93.189359330572045792 50.935087914599748160 27.094370885767862234 1.942163226577795054 46.948305386501090197 83.738278739718325028 70.242843723259028366 99.320075739972551787 77.715523387328317995 39.305370991291553651 52.955200542041524159 54.633259074700930569 3.956035592935568612 86.757833672449592655 61.806121965078219205 78.271949032044318528
83.849115160301778360 51.405068532536880355 57.736317364359372561 14.563620074099642210 42.670287535125822842 68.500383275486825596 63.546833007765968659 80.470168401372106359 99.483296898615350301 28.994445587072775083 74.071787438770257950 70.123342098483519180 2.266767900031378513 56.488200109600747112 99.487304366243620279 33.719261709704937857 88.408687996681734944 61.841964467356966395 41.252787514047028594 70.272994287015180248 49.316027566746157618 12.086303648573535341 92.157072256705561131 74.022017107409880055 21.646749377234201006 75.567133328942603043 56.385720491071936067 42.256271147309924174 78.982846290212634699 88.403429894443888770 71.867979707698012248 67.112703362979672761 81.562880059259740051 31.870947448449552297 49.486414232429389415 11.555509436458526906 98.591805128210623366 18.285644738794498920 60.677653408793553069 89.382164302899596464 20.054819005418075051 77.950004413082368160 34.424023657517423658 78.267394404792156593 62.808212557412197441 77.612451073375424926 44.652749871768463663 92.035699222661691010 54.862035526827931164 59.768415254389083202 14.694030127349643422 80.452242958037700760 71.624487037643234544 68.492217965063915130 45.162572217812744668 40.691510830494927120 70.904256647359304111 97.406520097187879514 92.290633827952689217 24.823475276626407293 71.448590413586671843 16.984241151674943637 47.817458961559779596 56.584059065378674802 56.683450524804705140 55.306967981951522972 79.967397923083098021 29.750978939888039321 93.832415956140835078 36.487449672021988079 85.163966916163445831 7.513567257247261821 80.628901802532965348 97.863011976437988437 70.419215856752046534 65.666937676914784561 75.086702653350826608 23.194886775601450069 60.115566960635767657 13.232003712012581076 89.637203011527091689 12.559105526169679123 42.594625133644179016 5074.812474079397361493 29.163375177587777642 65.303372238971036268 33.615670392806734412 1.792642192462010842 57.855665064236305284 11.279236631774166355 37.729836965234980539 80.352705445777971249 82.475368122325988907 2.359152386274246282 46.699964316362269301 38.221388632551906994 34.965346560128473641 11.950498294979380987 86.967972775391700679 69.195613476491828919
94.582784279172599895 54.449699926607792122 67.101447159219077321 4.621739119017348685 9.122263777373778026 9.275198396251095545 3.023728856900997020 20.817489401865575616 16.993304140576551475 49.477118562737459229 9.060091754372997741 69.695123125141279274 89.127125942145042359 86.634190840778174447 51.282411638321775627 53.235046134853497790 18.958713691358894948 23.160648476460259815 87.052544082573149353 53.670114608498053599 90.976853989294482972 88.575948010028682233 68.879469051737231666 72.404375021914361810 17.627715247981321056 4.372046163933849705 34.319624492250021319 59.259942002908019276 56.590312715271664956 12.469126444407200083 27.876980401110621699 29.782160312050496742 6.982286102239474879 11.834040324683986256 75.915119812905572871 5.690162127802845582 82.049234390001288375 96.554889651983202725 73.672254433880681290 23.911466091238381182 4.307221089167424743 63.765338571785740385 56.577399657102340313 87.086832097075259185 88.544852655725804880 92.381941910167398646 2.028675692893866511 87.706303330853359057 61.863125270627229213 63.800363260908362406 88.705804174256570604 95.657707284945232118 77.519195496050400607 71.829103684464826074 31.044846256015233621 95.405240378135388823 33.928006346322682418 64.374173662825029396 56.903504859487533452 68.226610138956814922 30.484386967393771073 90.886195754383862777 94.461274275597503447 77.567056504662190264 87.262702857774499421 84.685397320820925415 14.238161619188307583 20.054191451250758860 92.389846181270840475 19.679813900660644066 86.809658508655232367 51.245049226629539874 57.987642529274751269 85.268816927873956502 79.772972741337000002 9.355034049938975471 41.922260394785702431 81.626334675540149988 98.934556599335294891 50.711226779484988469 17.436089349071028920 40.300511213217966144 11.887793008052797816 42.350908026910374815 5020.988357738440754474 25.269869902881474388 21.432880561057135793 87.814497353356713916 65.871850705859287700 99.905782093746196892 49.332187859099228433 49.922541367167134752 6.673115964490914820 93.831980471964101298 60.988361196313540802 32.951180105984462898 27.652916629138108107 61.187302748818169107 19.588383699055604836 97.225091411152448018
19.903591417543744058 12.407037562978043610 6.562001127462485428 2.289341387259309801 8.873948521070673223 88.898904048575772663 88.351865083489286690 14.795427821783595945 15.316926812784480205 14.520377088497363971 72.514807811355012745 80.836458921638282504 5.587832675411881667 52.791685241790140992 91.695261734077220694 84.415220740355891849 72.004587340200174594 41.635824492423189724 21.115545887797917857 6.780311919624422146 22.463919794427976484 80.507130928391902103 51.252532504408769398 55.364973541083756459 55.191457400302745384 29.618901199485591746 76.096933100298471686 21.710426876852181977 6.482673673467408193 19.737276182405970815 81.690146715057778692 9.163081364654932059 28.790396459774832749 12.201073735119210895 47.742907113602633729 25.586740619364995553 98.811256027748569863 18.892044519560744931 89.741891257373211488 26.346605223416389663 82.900631910014539017 50.547162805700658339 51.923041077870685456 88.197946691049722290 32.085756578493565883 21.912352823833874282 45.763723953028630831 97.574337817858790345 13.030638537273823374 39.885402233679116080 87.292938868810296071 85.963860263858592248 13.723140664358190577 80.586315185696221874 31.703718697955054040 50.396509654227777730 58.526167827720215087 32.014919231681105316 75.493330012008641461 48.731351695869783214 28.645766684758307008 84.156228893606737529 32.797605341369859389 12.485279569835125102 91.793294161432967826 39.226613950798785879 43.588724846575360061 33.552447367682397328 36.958801807564313435 53.647890366843704157 20.044012223839736464 61.364669126509362229 78.587538763436810996 13.615016572267768069 23.602221984205218774 83.310712643846954961 85.065372172943540363 1.522728237853227640 58.260905800372022156 34.045665599483484698 45.524531593068530810 65.668716657843404505 93.391398556776749729 22.424727540726284047 19.987289618434751048 5097.885954741671412194 31.641825202550272422 10.076714562892744809 24.024258988144918447 81.280826508592284085 56.257282538607853439 89.250244596122655594 65.551409801296159685 94.091675561920723680 82.526686912570212939 79.435648372144882501 66.420368646888746866 11.915447003889170219 22.517920481857895965 51.843876349524478542
89.037811296555446461 59.286915313708341557 74.523450394630870619 81.970331196496900361 45.327384987297293151 5.943745483499400351 53.546340521287731917 38.711860655420572641 54.492877775332488000 5.469055215764271338 74.658968042174350899 79.414062595037677283 98.238055542739260773 39.591169894419081743 49.944606498767392111 62.430684629966073373 40.032828057557452439 76.642830751679611012 81.905956230204452595 98.369487698330928538 12.031169725470586940 93.825666481324020651 72.049936618295703283 97.765296751870010894 27.616796756327417484 37.803832482285443461 17.583716103306578304 38.706938515400835854 67.836797152906143538 53.021194187596989877 37.542056155562114839 6.133550586046624176 65.219235205041641734 37.840171118824997620 29.698251205261769314 86.076138100680324783 98.912113135294930544 96.093777564681701620 28.191329491887895387 79.318107965400400872 58.494470922736908847 47.577697612842378305 68.268122756369194803 54.330235779991269851 86.679230498593511811 99.749333399756366703 5.152654475155429736 51.703567140469353092 92.324943645944301807 99.563886407278133106 76.397258713170032252 59.577476495619571040 73.996842309404343041 97.678928714448929327 18.115283097733783535 61.298673212861636728 40.872776136488923271 18.078241291283699610 36.384762638207917007 14.280249435969306404 76.662406427154920152 34.332703412371053275 38.275643003076261550 2.658376458343351345 68.024415807067441619 67.442156625469465325 7.898462986485399462 61.133171494247804389 90.759227865829643633 4.291815636750952123 47.888920464171796709 88.363574117859513990 70.532881281515145133 88.827527715897261373 24.274813715059639918 22.142338165173899966 64.057286017006333623 95.075197143483237028 92.622930252718404631 63.735947467109831166 91.134101086133469494 44.967189732360800747 22.689464977139177648 36.033461419531064962 53.923907035567310686 84.966129139066040921 5030.009129559314715152 22.203625918968782571 57.112037519139967401 8.550932698461163994 71.718359562179671229 81.434716497358962783 84.149347939243384076 15.259104209422522658 57.250089103988095474 34.976167400613938696 95.265426932187452280 5.260189895128139170 14.482813990050050990 58.998510831301175017
60.285181745099755801 40.065766105747570691 24.610595056364839905 11.068505122575775346 42.829715114232421058 3.377289211864010099 82.848406288516372342 88.818596386298310108 33.958768565189451749 35.177311326232775457 18.359242072637297127 4.312328131747236171 99.046634773459388157 37.563090249745016536 23.398010501753240931 83.532825451790259308 67.536522646243270174 66.817133075633705630 91.326334433724227324 30.836430410028047078 43.310403427845777458 29.681745821295564269 57.810577041914292806 23.301976468683559318 68.897717923314019117 22.344396490370463937 95.734660020662303737 93.832310037189827767 88.475948700759232679 85.891775100833228862 10.639835371362773131 25.642291956564267963 66.584171322667032200 69.696074126700906959 45.624361518046164576 97.394904141266096076 36.731747469451548227 48.309373537646393970 27.661377947750452222 58.496077640896778860 17.007804156839899434 74.220907234720343126 28.158839574260753125 47.044983585213458355 22.317696980579157184 10.183739491919867604 26.363797711465679185 76.732956391174795385 84.669433795853947800 96.061950055555755057 92.694318241817143189 46.674986782239201943 90.055716529148341465 67.755347918795692408 46.470380336342522298 83.868250515952425417 3.456689384408327292 18.432918239950826234 9.897231493160992599 47.872041856279260230 95.597970483554163934 26.362927278652048102 72.184791688169667623 28.921585451831170133 62.245875152527467833 91.238202263102252232 55.312232942803042590 69.737485508135719670 92.707284674231559052 20.231481742199509455 93.531630350584876510 8.893022871165911170 37.225932116204432987 77.968626860295799474 50.993026481916544412 38.785060873615911703 93.979240473378609977 80.488864603428893929 40.690513981778011043 18.578627492811737199 80.935935226797269593 25.956918476262075046 77.395255353918415153 99.627462771207831338 7.642960513674204037 70.398249444974879907 91.367170936208310650 5054.581485946495376993 73.375827650654017020 69.685938669626835917 32.661066626798522350 42.763382508917587188 80.556604022865101911 77.138284856207718576 3.477685466055929542 27.276256154289001188 67.809560418247500024 71.302939755702780644 37.681114357772138135 90.448823935920202644
35.948798127351501819 5.350225673614422917 7.766293464531254465 32.732547370077895721 88.615997198174710547 1.814247551745610476 12.008364019682513657 35.808648583820321676 5.578430162420557004 46.411919110375151831 5.468052836974714559 97.562350344070580377 16.991451751256363423 12.964324336930822312 14.927394132321348152 95.897197979433656201 50.350913632566083322 33.491154558877425984 75.085988691242420145 2.808244870664447390 68.669806130274494649 9.332044912581977769 1.211083530870885605 47.540071397482712712 33.884530064063724808 6.929011892039531162 82.756658656978146382 91.484896181281939676 7.724179598421780035 35.711316407697296427 68.582092335148459483 11.887336047370611780 75.708631697487405177 16.536414675905071192 45.571772486596593410 59.466752998138687758 83.172509758780066136 30.016469197930629065 7.304570233479999786 51.083441287392993502 60.509158063918874859 17.347722835810600372 85.270659552138639015 55.418737449495019121 69.996967773066330665 50.281800897500644965 95.568825221832426564 2.910050712615625645 26.430411572319350455 8.267166179214065380 32.275474193911833254 92.348481289518417725 9.415362272026031931 44.966126232701945753 9.447815436981821691 97.467690522003408660 40.278520728904801729 98.337627456596933939 50.602709326238688448 36.444968013324235301 27.635622710359115217 53.570084859865922056 12.446655247658686250 85.951759546667560130 67.817639435782680835 38.986425113520915886 67.780594855509590957 1.527472928252387785 78.995589361299664688 95.483301616184675709 88.814844723856765540 48.356292447374734422 76.916463022972322960 76.167943070544041007 27.027725648041613482 18.216224270970418075 86.114998612744471984 33.306304567776798820 19.169594090585057700 56.217265508737632729 23.193150214631511830 84.017365784612152879 79.350161544740572594 71.215809770760316155 81.326240780055371715 50.581297866983653932 16.598190721685668336 52.245358327077930483 5014.551475538372869778 83.748208718938343509 30.837402074006764252 49.505476058204109790 48.060592397348969484 63.389571359543246842 72.609401065116216500 21.777517421600698810 1.729366704381206210 81.808939393729190215 5.139892366230665033 20.568969881767536378
2.082392937549767176 4.622926701308791131 74.178239619780896419 30.369655154580780021 64.837199221103247737 94.385082337106950945 27.848797493238027556 61.396790536441933739 3.737598057710594723 11.472128818233825243 11.127315469229717593 23.633678929370518063 88.371860348966308152 25.870831536180521226 95.037379360490547242 54.431948900596772489 3.069733182686387618 69.584246054087572020 43.343516821943495643 67.592753916941191505 21.437594492817751757 69.972095423231593259 12.702190851363136304 94.010813986306189349 74.065473307213878229 73.232856221854618184 14.123522611180817421 66.490956512284299151 69.668909116946124982 27.220631886702342683 92.414679478678891655 53.775309219348343959 17.380443230804285548 82.307170623607433413 90.757225808042534254 69.816759170672455070 37.221633549322163503 74.858944109329527805 74.415491602621301581 67.596526141256703113 95.642205370096633033 30.078178829754694590 62.057025282319216331 89.519396861530822207 83.381486524926671677 56.460382586893153700 44.861784955640807482 63.651717693642993368 82.824972278310497131 44.994354420057376842 99.849212656818309597 69.808213443594468117 63.850800386527566843 44.963709382415572691 54.049973146111327083 91.985270814544819018 49.311886321020367063 34.597652156424040015 77.139340585462335298 87.941583036551847385 36.736217220555239749 98.300358355313107950 17.285010324680033733 79.822459743143937771 72.286074771216419776 82.158361002113679206 13.356511208680897695 74.772291353956831017 80.374003882663728859 79.930118324500696758 18.530668255611256967 77.307343751179431024 20.756297833745882997 32.142365642631901324 10.683328219965673611 71.862523409684612830 59.056930385035308007 40.149371376829662950 41.690586966638171873 17.450242385052877836 21.732531959306434999 45.493588496896776974 74.431834872549259785 71.727239088778190990 63.006476460023527864 71.327286888467071435 1.347765587974946833 94.773824184325462738 16.029776457272561174 5030.770372638315166114 51.431441514635501733 46.812477438239895378 49.322596161506048418 78.629633475576284241 64.160734660831565179 94.669978827811931410 53.170362241018210625 75.933338964005500316 68.918175634953428244 26.248330580034867410
98.222103397607881448 50.487814993919378992 78.142579427005898651 85.022456320310098477 23.786576692915723186 63.396249485791976497 10.351086887752609655 21.465760417295413731 86.003928508125198960 77.432775478895266019 29.874703937648813934 9.773378741834122252 98.994795192574940756 31.653906089021049297 19.197081944571280587 43.360643671170478797 6.147698782059769940 56.422190129787253454 34.874034146810679147 98.685139815058789736 77.763765201107673875 74.467618967000447583 27.947698241305779732 78.006839213073064343 49.666358995729325443 35.524219343984221098 70.034197435806305521 3.272111843004791965 46.076244764341772964 15.598011799647563791 58.651068921714170301 30.100405286479396949 31.260712939503669361 86.597508610971047460 1.001117208881208143 30.123315319771489129 83.237769864342752157 60.810843225659198197 57.026956117272142421 56.816489173968307114 26.366780453876831558 99.219880129689343562 20.209831471434377193 15.594678086429681230 60.864317442694286342 92.768687057567333909 18.080348913807306133 41.234565963848446302 12.154675843297514604 71.915521296985204458 88.651597228154187746 32.386321869436287102 66.060556276014509081 42.426025852464640309 91.724443721336768931 44.290251592178947249 36.492074543237180251 33.906745362387539444 20.898750539331068410 63.236393050402824656 58.961199174742269236 37.309837683406911424 91.210062394776940664 51.783743930364664720 93.600514631823017453 98.340626723292217548 66.493752085277350261 60.114648272007670471 13.262721353667590307 95.917301348434932606 14.183245769322638807 1.500713435412416530 74.022429845077155619 89.162797476922307283 99.737957157123290131 57.047105264171513284 51.207815521526946156 55.204912082199918189 5.128349287453946914 28.870497528999713666 83.971566918820812475 91.366197052775675047 29.096991321063605085 78.184238507609862268 58.996351909524975099 17.987780154310438974 4.985589196717379323 25.946734666263207458 81.758250317502600524 70.781649651269617607 5057.077779726266271609 10.518808452855562763 38.136347779982536110 1.223751201507631503 92.329549241281881677 93.207784728015113274 45.084777418930613635 66.127651409644670366 99.067560720352361159 6.222835067645192453
71.890655889033908466 16.528383442994659447 19.515108200504922564 71.527307053848588225 3.588619138596517821 72.964120141288219656 29.903885535855813771 77.387799635357723105 73.576703567400770112 76.299736957632049439 74.707876918778822528 32.078001974362258863 1.060056677799078528 1.135740667751965693 48.242243320032734744 50.250440259059736547 47.279304954515353643 91.695999151851708575 15.874971707956841982 85.492363049038644363 74.623515042678036480 53.813041079418290735 75.880524363771399976 84.678619310777619944 8.664229491494097601 15.326243657098780560 17.206167079793065255 20.819741168824052124 81.706984230325403473 75.026510058390329050 69.815386942810576443 5.768499954218060388 38.179697628190673697 46.236292785214743617 16.866479840812331759 97.057071937383383897 99.656711262655605310 14.237207119267413447 10.258346349679225540 70.599623915416913178 28.453923110263271923 20.750918998782438507 13.498487334511981572 70.872237050691026639 91.709265061958603837 22.922196315499213881 60.979167376437210635 43.408375235167405037 79.075567092497692556 99.813527221532339695 42.784895247100678262 55.389538891995719894 50.097017008941008953 6.550204896251369036 90.761607053411964330 30.459282030071811675 1.209945035536120539 61.518266471938865436 32.700216762636792112 8.147211545285252043 47.027094397138995419 72.256906114635128802 94.809435459827682280 66.652921975904121155 46.457332796394751995 98.047697738228293929 8.820359952352587740 27.911708831787230167 92.905194216756640913 48.834339847299709447 77.085424441273460161 45.250776554806378726 95.363366482490391718 47.221342776847990308 21.073587264975749633 88.552015829422998650 86.878916347948347720 75.039855281390217101 74.053963175921666107 13.714663946381865145 51.192129598175228011 55.338611265366992598 1.871757804911415857 34.043314062343526416 19.213279744833439366 71.347203218180908380 61.872452126554797758 79.639271241886888220 13.329649870100404030 78.096481287949700345 9.365584782069259262 5073.554521578697858786 43.687315508542688747 89.248232355160965312 28.005988058218154180 83.439796829657183252 21.201452895597952875 92.473045313755292796 29.636997846052668848 52.123316675162641332
43.631310739014359967 25.463809074091948048 66.461130559429648201 45.320697309237459649 57.579333789384172348 49.103107231134920596 33.779365140256658151 60.065147886666082400 91.888001550563956243 16.162996151545133472 32.100300746028601395 77.920286938820908063 27.225993154463470347 15.748002609161570575 10.505854571737954117 83.812114381749580616 73.474224984175194209 19.268978611100912701 8.865954457114105125 12.315611449836737279 4.381521516557276286 85.689748946393436313 26.411996968579494194 42.732955646255547322 16.742669660731365866 88.856843997159316473 61.893420492567408076 84.964671008642284278 34.308577416461247367 69.778443632448386325 39.723654451364410534 40.000857284839590022 4.452014219548098062 17.237392275759965798 14.258353294363869779 49.811055845118936247 84.141541075001200056 56.055455315906996816 96.488243224710728896 12.984299775842645275 55.790905880521314941 52.564081742189408430 71.486536445680044949 38.460548800659822177 96.507642670024992526 9.381368164419605193 63.582336377706660357 96.398515019057313680 48.225199274850702125 65.947853397034592149 48.667423361968502604 95.094618338297109972 70.312296530752604440 84.454188797867388416 92.457770222603429033 5.023913851334183001 19.658604373127822385 1.424279197048968992 67.317345578436729170 1.720305167186296558 36.054283963404017754 36.608570743213967091 58.464998829180139239 92.779916098101807620 47.783508404371481504 52.554732436746363078 41.019291928167085359 30.733076792153617873 58.415814331911001034 41.843704523121644456 71.764062094357313981 90.401449102570538230 26.190966127732846047 46.623046762080711858 32.656485504107742202 31.898881108692759057 98.470405747148291198 79.939923647986063315 13.372354827211514916 45.403987683850672852 25.143379878044292752 73.543487239128012334 26.747116790235544670 72.495135789076286414 82.829927088288911818 62.631135270820763594 80.991503788190215118 49.727576691749547422 38.580819486290558018 80.971888157198350200 46.570250274467241525 77.405325569404780595 5045.978904456788768584 55.536006727627089674 56.403253634702920749 92.186444442996332782 55.961074814689112600 56.292009700610535106 60.190597213511651375 10.173762441148593183
27.684247507936287747 22.600521265029414053 65.817607689665877047 43.052433178120153912 15.794470473674856237 50.896038501691883482 35.636552791631991965 20.641528378875062089 18.990844132371076824 39.566438959953750043 65.398729805986050678 59.941697691548853300 43.845945149111415162 52.552936466281728656 93.924398320951041796 28.546144361641136555 52.834761859357378455 50.902350897727721701 17.657098354332962487 58.958722235408536960 28.685925793323875155 81.595023407810032268 70.446367363979163656 82.635654818025486179 60.934248417422146815 38.348015002785466265 39.861011860837557208 54.162353115926975988 12.471653780310324677 56.909810787413526612 94.988374574283682250 41.164839528472647601 76.565675075439315833 93.056348842547819800 90.090359360958103707 70.724760423961797073 44.639298793423058953 20.128998526647848166 26.754331746403362757 1.705336249408829996 84.917592551043966864 72.810805329563834221 79.916289677167583250 53.579327530575888261 87.750394827660571195 9.541699357634506384 9.012383854073316769 59.908807901306666110 38.887703900112022382 91.460725664366805177 67.409585391200579352 88.950550565068922992 36.764088303497210575 30.543104159554093968 55.645234738387735263 61.514666788575247836 13.445555231095143611 1.973610705551745337 47.300001299669993671 61.418268492939837699 80.502463806746177966 16.255403254698833848 36.446210312427432143 83.160365149407468266 70.671043435867602511 30.992051965102323408 93.357622514615442810 64.733304404140454835 5.844794055742876360 85.279801817316311485 50.006876384338724506 91.639427936965844879 37.469797537584526026 16.533301478903446480 69.317385027820748178 65.598956402948928712 33.016243500444772963 14.634211990704461215 69.586699117851409824 51.999670584722331057 4.028141163234506550 90.042941902414185051 70.718548933261459410 17.970327276250817050 84.660653443752863723 73.501046969435606115 76.971837519019373985 43.384569564280788256 52.445427221044198518 65.962759132742306178 11.726363568423488815 55.871995839997694588 33.956969987510234432 5001.939461206898158707 51.078118635280731041 4.144194875664735989 47.232121148644814923 21.434349241102008676 20.990003956296369836 9.742138797125814875
53.159056502527093357 2.968378634173346686 16.079292237036344915 26.870630890187698014 18.240255768481468124 21.236016005989473143 78.351885061573113944 38.066743797013451456 84.436602596414516597 80.734970685547565949 88.344991885397007536 81.309059494109646948 27.966049181360812526 68.882941900856295092 5.167893905162286750 69.331622703051010603 14.809936873615548336 68.432108183517698308 50.840874741810829107 72.572615597090432971 62.614074766934535887 34.046674555327250289 98.649051849916574497 61.392349021362441874 37.070642975386135731 37.747529553775791555 35.568232131002609719 51.984058107236641888 29.536849230834683055 24.321723719371842520 4.145233933015699535 65.994191946037645380 7.548154285219049520 82.911616580597936377 62.692181851248271585 53.563945942654463295 72.266120507731002931 78.781932783924744967 41.331330337784983442 36.190656701286691543 21.365339217751902368 35.953298922623240230 56.443138021579514430 48.118647786397744426 33.930864149352871095 90.965798860185699937 24.436313120342372684 71.591488957017020311 18.388254100114171052 91.214351538129491814 30.078039603467132679 54.653408380973274916 76.805506844837069025 94.325443454713209235 31.694294202711457586 23.476771943074226101 12.047150911565852383 2.687739358886241270 60.038817700486795559 24.162451229386398666 28.661867840919121875 45.298987440569547402 10.098701572508586466 85.228612310724770396 59.831716213466918930 71.820541664430891160 8.305843908808416387 99.417319971959315694 60.639435949549849170 29.108096950554603666 34.004987357875322118 32.595753444789593800 41.882626361873924736 5.361394396126189399 85.316080181569276419 67.491823031246426012 36.473403662793586477 69.341436005352548477 43.624636766070224780 35.311982396301111464 45.953734418649645477 20.838579424303940613 79.564967038875181515 13.901125326819268935 63.529089175804614342 44.200389738659147554 49.745573726306361095 15.937783130821319588 96.959945000582223429 14.310164155846118561 79.014074183232182236 62.422058892231781613 55.527268261656246295 21.466303058208691112 5059.016431977909633133 39.419491854987803947 90.631372132953771370 20.654584027159696547 56.398321636037621829 79.967314099874457156
32.614036153742318902 35.512139517342937722 81.026228367288325671 55.178722221798281566 47.943223391479861561 47.977174017222765201 45.860545979436992070 22.411104587657970200 28.562801483099292454 29.949106711358783883 10.769828239875680609 61.222950956639913045 46.265095891297022490 97.996849238707824270 88.468988774069416081 16.214153175665085627 94.344530535436490482 54.507710382875345090 42.856112462341997116 91.298309792911368277 88.133364915438420439 86.138498046308001221 16.791583959985779018 46.792328809988276817 1.740664540717895781 55.137626362860622464 5.994223462861581808 4.587120950737673120 76.273659830301411944 3.685603614712260612 78.436221235988298872 28.457363862181594527 16.707186520617113956 69.063717299957929185 51.944443858625135135 67.209188159297113430 15.884922769513032392 41.112227099887689974 46.483622646804086287 63.147346165576102806 93.039547665433147472 32.356124649980579022 18.241288913749023948 98.368256504968471177 5.601170486502491386 72.871396201372348855 75.352070397189436335 83.197038458906419578 19.389564224210939614 81.227783118797276529 80.932608306332838310 64.704915503281114297 15.445770570521908382 44.323232587077391997 52.111658713436703749 2.075810999775065113 89.727791909284974281 91.751178005346318400 30.617256589560600588 21.169730308990573064 21.305446102870149616 48.871254140630995266 24.844677584301763318 94.396316733225248186 26.405664858089021862 35.517622088305643047 74.795329333964076568 97.659279014768884508 94.063938602132552091 6.912919350426353304 12.773859636679203433 10.334090437234454640 44.325212619531065172 54.166525583912509489 85.323661919916219176 65.352677242067073848 85.626718984758880993 13.638444317307611087 72.000144918832191365 81.202220650055679130 83.564394236051825260 83.845715823168447400 81.659617534458192267 95.609350731866726392 76.638317026998961978 39.199386127160657622 34.654713041072660928 42.206080381003445723 96.210086914010304326 76.689818265218377746 68.706214329238093796 9.811488962938678782 98.426121976664859403 53.495213400306170115 90.685225652973642241 5039.822535281387899886 30.260415219795326891 69.210484564514743511 98.966098668258723592 82.047948537254711709
87.426761554779318431 50.863906029521622543 87.062391324571734685 70.462592956606087569 82.249624683490878851 78.564086413334010217 76.449814849549042606 66.486764329030663134 52.522701367237985437 25.584047657674194198 41.027344066903921771 27.479669812239340132 7.577398194092503481 32.709209392242257763 51.901469837969024468 71.313519116947034604 50.532227230517506200 38.214861036893331914 96.102330111331369267 26.847792074550920205 87.619389081759251781 85.812549487837941342 91.465342828512760320 19.948806569450070469 68.136839300033628319 65.192271751839953708 61.916848593914501464 80.773819818358475686 24.670031134564613495 18.955124856931220734 19.983939712190149862 38.382938539128936384 8.969932043540357114 84.647855121441878623 44.615914278390555125 5.081415004008065672 17.004668487886966943 17.623147924365433425 47.744556126673607821 58.417822361243004536 91.109078380213162518 67.194736608725165183 56.428189821701685958 60.271549020624249238 21.783240646805047902 34.850636379686449118 20.674911679127092157 41.807469704135201027 68.102881908904322472 59.207546549931159063 32.883870684684666230 81.123437117539111796 90.792141225128531801 24.208843990391542889 2.765731006896172239 13.703807369390382576 99.569129939296757925 78.412214573230812675 35.070482294069087459 19.585296257719221558 75.034308411509300640 52.431412258411370431 90.307264216260776379 28.148178940118562252 92.251873353516231191 56.294467326571869137 8.189462163189151767 21.985194460650909321 97.672928800245173875 33.222568686090319545 65.424139513941497626 38.438208247289075814 50.438586056863414342 34.526136530497524291 86.791071404314365623 69.246330969505081043 79.979830845544611861 28.642706170590138015 83.499432198325351351 6.007844293770272515 52.572566794593846851 83.361805804035640222 68.456096553371665436 28.381717395706974827 17.361445305927144744 87.174508247103247527 30.730373390616595231 14.272294215570793696 84.240538175189783487 10.978484804517922413 22.491081972383980769 48.180333250530019029 96.028661788507093888 53.238952355384626003 29.070168025376514009 65.514925474060348165 5009.413112501017167233 59.733910887340122997 49.631538258781056072 31.115098673382689753
39.715392884335180668 93.986936272014759197 28.513987382334370579 57.967280431623272818 47.774000424122270658 63.817527832844625379 24.386381135098584849 65.726018357095014721 66.550176982287624128 24.559377966648845870 76.740508619595402706 53.203185439318119165 31.215825320743100235 42.432234975711310199 6.155131445663609036 74.895683941558530705 8.785527786257699034 9.685038785620719182 54.234007221066498516 14.963073199973527139 89.595431877848909608 73.078508130158311928 69.722037056083735251 57.013686204495719778 23.521661029652651820 22.942602263873769886 80.044568756188027692 74.924490547191425094 72.659042224099536611 69.188270953729684720 1.978993918572794941 8.468395177355564130 39.722984725233899894 67.052984197030497171 4.641714536572661309 7.925708750981078410 67.642087589856316754 89.482456192708852427 50.539832036391906911 97.932722192822197371 53.571196401374791662 18.113045164071611026 97.750080767636660539 45.851921656939438776 34.741886870222387529 60.734984565726598760 10.570845434450669487 17.496791584748816462 74.605439681257252005 23.212087687500879696 30.508127062017205589 5.298998800050331859 71.754905641334175925 44.473068411867124894 79.039919283044582698 80.929871398482148948 46.205175010748284592 27.101059644215940381 56.210374946775864657 23.497265317081410529 99.614353025751199766 77.804602849192789904 40.627632262628893045 33.820841323078624896 22.080836886535450958 22.278601025062222618 4.329711126509225849 57.709783946019165057 35.401013106313733658 35.850034789004155300 71.870117286377350752 80.477881427432933492 66.754418152828122857 74.042203690537320426 67.444825959335048537 69.208500704620135480 10.989488108899603702 52.660574972132302207 94.766518614773971763 16.628787575222546025 5.571792531717658647 29.955502938181794548 20.161787534884449968 10.459325325715258970 89.764511933861086845 83.688499050224592679 22.208382113894074905 39.381421572442071977 72.961497633887404390 97.344590379603687325 50.354390475620988354 84.655057381266743732 23.469633331166971146 5.231119594277271467 92.379645404080307003 96.221348139575596292 42.522186497783273751 5022.054393754732700472 42.168257663939250790 12.645262090275359412
95.535782233586473922 4.518084925504014748 40.296363529659629421 71.978703042974288451 61.933617069920217091 96.460843965679117673 49.051031294746216815 28.318674051140739323 49.226952814924835877 1.462519872485944283 43.436278753483904325 40.679572042533600040 74.855733406911909356 54.016602687967143481 90.683707794087695220 3.178819207242210787 10.752754495793652723 73.258883368414316806 1.603902737545759516 19.107428929100723991 42.508373418167387570 20.842690873918478189 47.575613560330928919 13.273037319724947380 62.345568870021139674 56.594445709093001540 30.953221262939763392 62.226746364572306902 57.661031204378829784 96.308540882980054221 23.146499504227048050 29.702729714370761371 74.400228319434930313 23.637078111134400160 84.770030287407706737 11.494676252997951593 79.809999760651379574 29.163228019483373288 15.871675484766850417 81.576394394030032231 8.009896459254001400 74.106400435981157671 80.580013547914205674 34.767136480174244184 88.010067317305427537 50.301182198913515720 95.456122562159023914 73.765539563461317130 99.007889178696061094 72.564742462081099461 44.266877966595799876 72.235206368507974162 81.782680754599923034 84.564337613878805655 21.759281344195517960 13.168886585648117205 39.782949030387150913 89.147222590563814038 16.357299612565224578 71.842866094086119233 41.804372066651438899 42.691722987859726857 38.037494062169685094 62.642958034464015782 77.046655947491743177 22.342872533214443109 5.736299851148295659 76.754082589643061851 59.371211204978749265 10.785316121388344612 40.270245693340754656 34.402954978576595124 69.639636301240145144 91.364496191731277008 46.359834056920234957 88.173359641890712624 75.466070678749986200 66.580611671756756209 11.765146354745084523 25.086863621235217181 37.595008201910843582 28.462715726559466134 34.863210014639591350 5.563944532618235961 57.022589659379619320 87.281918961952243308 63.201495270093971612 22.868401804687657375 57.589792267474457788 26.617275805647111042 22.170070822434745139 94.886750287603007337 23.246911417929158716 29.119071100528831408 88.670135451010935412 82.943058074328533280 15.420439931008370849 85.078139232647515655 5074.227992085603546002 10.913502856846138300
1.460417143543423446 98.205365428699138874 49.611614161731225181 57.933915188906723870 60.590203718214510786 61.099496495549892927 36.582757194630538322 37.509320899125462745 99.616968070681764402 68.290880078192088831 66.702030678672628028 98.789441975042876720 88.707291160912404848 20.830411430574827136 49.845162387304142726 78.923187762221687080 38.685401136829057123 8.678973589751958428 88.408139678610226042 27.186044058245716570 23.913941024028645188 29.255407799279215197 60.384993418837574097 41.084082629256876373 85.804234301945058405 58.784630331424764904 36.194313202063781887 57.234486160616704353 62.161879880931444120 50.291221289255432225 54.242434820873668855 38.701711322957500272 48.571345593629118298 20.955869789070305842 75.714642518615278277 18.440519276853368780 31.023203851548661447 84.658404390163411790 11.067762855823447765 33.853300528212443510 38.739851486245790113 99.429058693658305401 9.863784328709567006 74.608841653914694803 12.167794074416727668 35.505164414196762834 7.366891817462345671 52.964508268735706054 12.000112177241529565 8.455479744272874854 83.797666256505678462 19.165500655853698220 91.719735669875390727 26.385251405861048113 39.394210197217070402 57.941655098475962404 86.636858163766007124 98.564046950266103408 12.170140672185397079 2.964283388718448542 51.191009530941464334 38.149942557546907551 5.432634487060186146 69.644177254500434060 68.251778978949957377 13.467704396587020454 48.906629671038373885 79.158513274054683961 1.467499240444305908 96.371950917071728782 71.425008890184244592 93.207000989965578697 14.610545099088520615 26.320641126798868470 64.616633595264673318 73.506813552158263292 2.394687474030071872 73.040179179495638095 27.412490424271513945 3.566274127640289393 70.952683723677751004 93.175610944687150550 31.975631459876353802 27.796002790362301482 89.917548234848950983 10.767620876274840214 38.640543531205288730 48.350641979563469874 16.483416956328703407 27.789869609279222118 16.086481395039694320 29.554876005762739766 15.620020483333824757 79.507984524147701677 54.045370154823920927 33.360931663486447007 30.158712768052691189 4.634621060736092701 72.879607369550981844 5052.461964720200739976
