5035.220401230486459099 96.522569413890394685 66.073080319303912233 13.134226473990720407 19.867231422965382137 82.550848397374110732 64.015894414991777239 21.416765147332959884 99.378468592050637653 42.410324051792706257 27.694302998882029954 96.843562608478791276 51.123241466974924663 14.438230102311640835 55.168575653229865452 28.028678145989751158 84.789305296864668549 86.919454004527821667 34.183509354282733739 98.846000665626846171 63.494213880307334819 26.669976958418420310 22.325929158550209763 5.033870422449957971 45.843080735627161459 53.943955951645818914 46.669325300311960802 87.931876078217371173 43.537063751174045478 91.225893062245262399 96.476730387967293723 19.884580850291683873 50.264071152282312482 74.919651626027061297 70.706791787542798033 78.525434756716862239 33.744639983886109746 3.663716338940929518 24.002354547209598934 26.165604784994325627 25.742042849223867762 29.043253442405859488 68.409398400255895467 73.844337651301344749 14.728923736328297878 72.927134538887059989 85.883898502576414558 87.081513458371190950 57.178835719106473334 11.478191951158517981 34.342425977341989096 81.222817917233101070 59.606130225558501934 58.023761079091279669 83.692052185002339115 14.228746865508080433 17.039846490173989224 45.938065331436234828 12.876679661445120217 34.675831539112827784 19.926592884347055445 68.145445693763178951 72.323267309453896701 37.299128008534019330 93.827048804402807036 89.252356067284196683 26.174748459980495596 62.372147734759494142 69.028852466298886270 91.844401820097630207 65.012576589772919533 38.553901435839790679 41.189432923779271789 94.084511761262120899 63.238414020477350164 83.997965488904711151 5.724331309446001548 61.733139858579242798 84.617865520985773742 16.530313453316455963 76.043260141034991761 21.322230554398338143 33.254150206601480022 92.387422591814441830 77.656808515895917822 37.429703059214382677 54.365716991505891542 91.276979042736925862 12.873113050122807266 75.937367707200422728 75.041834201263981186 21.662930650579557579 90.094848836183103913 21.161561845614617283 87.899452524734655867 94.993345283394688749 11.217022447188906398 62.447204981377019806 95.810821663579105234 46.195388200849535565
24.400703991039609519 5072.738330993921408663 35.247203808019150983 12.438258602191861968 15.138835865688136550 91.839680801293155810 99.577971731142341127 96.015231349616485090 80.037003038129427068 69.777791477978681201 82.611836675188584422 23.069435323970292728 18.601920975153156235 10.553664614051232462 20.503338848834992802 7.870225619847175835 66.071723159962658656 85.207185130747760127 24.440989870482972890 44.632093583698072337 8.901700780193760210 39.442292789030602762 3.528516660116434167 39.444514035152941744 99.741029547199687499 69.987679839814887828 51.927368795684763825 3.317061936893569207 72.683839272975518497 27.646717265229234783 62.444567916753058512 58.982699475565439684 23.547477437147374957 43.475326910966934690 67.669500975575815005 27.658076331853251872 57.379752952196838578 61.274889774266988240 87.127307226407339158 91.962515925508796499 1.359123713834185843 69.624896655941853396 5.218207193761993601 88.941492714103674189 73.157087246280539716 70.411804999352028744 21.476009044792238711 61.229897868325849686 82.443197976726338538 68.389522077334845562 50.668662523416323040 25.320990978009035643 94.081669264006350772 39.538708491962403002 8.025964357694814311 11.993166677115196350 55.601137251800217598 66.342542288707932130 16.430314679719909776 13.648379193236404916 35.351110884511157906 81.585622532085281478 99.813404293259537781 97.066617431836903052 57.208399910886512885 92.865643749171397303 41.381809273902220525 36.106990956026571382 89.709894685030533878 40.119395930599644373 23.506751667325556099 17.257042518548384891 94.188128308540427724 96.720563486654256735 25.535045953774606176 4.979171660037407854 10.609478263350062832 28.313266841864127343 83.685700780889092698 54.017005468072589736 34.525207902016269657 29.856894519190856130 2.776683269436011514 94.073209153049461406 25.687189094113900723 90.757360660098854055 29.905933597463796758 58.822877852113990116 58.494729322260859306 92.798270713783765018 59.727011220128630953 54.177305235428001140 33.854626805805729362 94.265258732513203199 52.425125897807539843 3.290739555941382122 59.728575536159603132 66.941587131624203266 87.649407914570517164 26.223797207181902991
72.546377292768767120 60.299952303874704285 5041.902914175820114906 5.237492444622714238 80.639806878106682575 48.160403234149057994 45.583922614664260209 17.605736799511287671 76.355214776673022925 53.229028109949148018 74.348406744525888712 25.820777374293854223 91.593347522397365879 83.771819463006465867 50.833049565035331341 25.696161385618967898 80.397433589550061583 47.818798920115803242 83.086485527376623850 46.570691505578601266 60.060223995290918708 35.579121895433090117 88.356153070894890789 66.409530545181468142 89.606980983583170541 67.537820782874504744 90.345921569067385803 69.343845112778851103 1.970090168629258010 6.429253394768712049 26.834740295738935600 12.313350641352133863 29.402329404990233286 39.624075418104162338 17.586958948094217448 72.927387619990625467 16.167855002429554645 50.673904473863174758 57.339255493682088627 19.602144405152575501 87.183652560030992618 17.708645961331377805 16.592891731391766541 67.227924997459041379 14.549186352787128129 73.091469488547133437 52.614870047732587466 80.723320124624834193 70.297934820862991501 53.135979058224485527 10.216517989111498110 61.472282783311150922 88.555916572669062248 80.259850579542472815 21.867292758711013079 25.050025024858982192 35.203248251915660205 48.721934183260998452 47.518654206272984197 83.346776833847130206 21.585445274776255076 24.635670126668454571 18.135442978677168924 10.222823007092662451 82.927777934688407413 66.500818849070867600 71.381053436960158365 70.471355124630207456 31.314285558240758434 48.595632592863189814 5.730232388204491656 83.514455715924057699 76.657468098235639786 98.646024195329673034 57.383789055937477031 61.518777640940413676 19.589519301101688598 14.695770688072348875 62.569907088390593231 1.386502480504585799 73.887502176493796924 24.326024505320599900 90.945554069734313885 44.747684351748041820 31.293943188689272716 12.730351672661980089 26.808846840011401724 84.880028443553584339 66.027837373086811112 24.258167801157778598 93.100359243713313617 48.763603331888695891 79.297667581333385556 51.515562067618851927 38.710722803272894055 13.965403238021613319 78.339321581539692829 97.714566737624664938 17.352004355365806987 7.945283481823498306
26.993526775111238436 18.132161736529301521 24.338044537056795491 5087.305553362220962299 69.257791598658585031 10.248164016777437269 90.678188429961508632 69.509335586632943205 52.686378402827884315 54.904832118423733789 31.058190999098957974 73.564916679029849433 67.575531957101446778 63.077561119073443763 43.009337254788889027 83.415480250925284622 99.708398979731484246 26.884851988692116009 41.111315279005864909 18.780049326702350498 74.801838460294163724 58.592839377767397480 90.030922025421872945 89.180451073305960108 58.851304042759487345 68.523120534025167672 46.655451240883827779 5.810896859175408657 74.874841662160690703 14.625758209753591643 46.352163589142634237 8.746855236402623746 53.203913114486745428 75.840025409826836267 11.043739493921812311 70.014605171363513136 50.925848759687376344 19.162499953582532441 14.143112633514986598 96.707850529377836324 53.803584829436154280 70.139764430915761295 89.899050532248992340 52.156834750482758523 30.877985290309382549 37.705707158768319687 2.772199714425081396 41.612147058060543259 63.604919209237550604 16.506454423236569085 97.443525354156406593 54.321934621144350785 27.650279109806593425 14.186496969882343322 69.447365104912577749 14.494250326892341718 78.260078654948301846 77.985257858945971066 39.317791330785745174 97.834497787656346190 86.710364923406842763 96.933789521022362123 45.241089767818088774 81.846722275960587467 29.072373528150571076 26.434924677231052215 62.644835678258466771 57.361877908982783936 53.963928601569634225 82.044496386308154001 79.818523368929078288 86.043805046194250963 42.418546724989724339 30.670770128067008642 77.152932328829223252 68.523959785178519155 84.147371573083418639 56.182671233385569565 20.731734916667061697 21.920868226239008436 60.816138487153459380 3.298154547765340894 51.843268261185080803 80.148706193867582215 83.357170470839179188 21.572054874190651930 37.365785631230274078 59.890885581670005422 95.220993101219292498 90.244000539837003316 39.005105328404816589 38.419679326705178823 1.316144948882267851 93.160570831525632229 79.082874428533386890 65.579916445798460245 57.589074959111250962 15.767067334043233018 16.041160484704644063 44.115525384040338963
10.084432586795005093 54.496041244965574890 4.141621215215916862 58.788147449494168484 5090.320765195793683233 33.083017456207329587 26.189484887505020794 2.907143864263740163 81.120190332128885302 69.106204966407730694 74.262584074299923032 52.903925362082894424 24.294694398660404033 32.817132450935609711 42.837508895434368128 92.572679925469742557 29.040391332900362897 6.609629116292446760 54.871270643486639074 44.645241643802734188 52.511223605349556465 96.635700187734414612 11.463433981383163385 31.971746915244313669 15.557776015846188855 78.335542084536299967 15.882698749202855737 45.992516273186502929 93.259925193446534308 58.004939131481854986 91.403879458689658577 74.118512196228749644 52.264962872273081018 12.306817624773547237 32.800404167369556774 90.223790220284584507 46.236909816620823221 68.431593658940201408 26.590455120491863994 69.674000352212871690 75.992127574723241423 89.844451942461390104 8.582208218703545555 44.813817961213700869 66.446799737134796260 84.929484193759208210 68.463523163609380617 98.109493339327897843 2.296740604733201518 92.567567844214849515 8.247721512424337931 43.035312323309746319 91.014751983423380466 10.200398355671632444 13.603457060342112328 70.168761521072227083 11.800613799356408862 64.815563136750029116 41.738273967795834096 72.453838243160973320 58.515510382548626467 84.897881770880246677 25.186820123921485504 17.482005213830912993 40.132771318281790229 22.335326282662190778 46.141551773794155622 45.945010904566828458 77.299878216104843887 74.769484156765798843 26.647111855334525643 5.070793952180053132 16.208359840729361423 5.160800498647795109 29.146918328266302467 67.323523308236190132 47.699680681402021776 40.228299838357813201 21.221145510591302497 28.317003372929221428 69.302728608822903311 72.234602715333409151 39.244548497160934630 37.776180771909473322 53.984788810676029414 41.283332422552014407 3.017878837866990516 17.000936234188078089 69.575123553602139737 30.609926740645988730 78.842225492456520897 3.426075084106522173 10.905859349104300549 74.072469458441418055 30.614289545039184759 53.664568512644706288 1.884155644947214547 38.077687238349604115 61.798388433852707635 18.835139161140432407
36.302609534355319454 52.625217595525612069 38.980382826394013307 72.837748845688949473 44.440095861759800755 5022.994058165266324067 95.816554444165873861 18.810346895531417033 3.760932284685751359 18.434664545944286829 79.809003842077601121 21.254317908803230353 43.960742196090677680 63.901680473666957027 46.629675056617358564 87.768474557746642972 38.654857760114296639 57.081926478611123343 95.206832997430737464 68.385329842100773590 49.448695065346534250 40.629888456948712872 33.444664568539259619 83.660178491059994599 10.980790260569712302 67.681961849543426979 3.196833837198466366 71.218139607837940730 75.058189631109229367 83.558050018602017417 62.785240554381495315 44.730949053586861908 58.158377868781023778 95.368710235266860309 9.778711385425282288 24.696796255558545852 78.757832475309413667 61.228692139885531276 88.476835987512401971 11.031580464188444068 89.838632285340551675 53.608081245275215565 19.206790563656230830 99.726170360300073980 70.085379674550736695 77.188013722592145882 68.863993640528534002 89.567105670180112043 1.405404668319006234 8.187271070188165467 86.694949298665420656 24.960248970840414273 67.326088419295430754 90.017725857144512247 80.548815376717342929 37.632203528561760209 30.012879470866113962 30.801927591672829010 99.888297046582948724 36.846612162150456982 74.627195828404339295 78.683237295564254055 7.256276001209362114 41.812267376416734521 60.242560604695270854 89.776370696201098554 10.220551082822083799 42.507123791510004196 31.835889577476411461 17.066016617006155798 39.052591604403581016 80.343020197035528440 91.880129467575784474 10.364146188800146930 17.871102418311018312 71.750798394335433272 84.107047430873677740 3.086126461985476244 44.390009061428102655 29.593733121615628079 36.945012323455912906 79.448813885722287864 3.759243621734072338 72.393790853730649815 37.291200770323534641 95.553609075620741464 6.517156338352268818 26.082035425076679047 21.016112276072043130 84.223674028083777898 1.693571989775879416 92.188016217385410300 11.413633977229350691 45.535291306771007669 27.882765030340202372 46.475592161857505857 26.203211992121065776 30.996816487204700508 10.791581025682400963 76.310553942478691170
77.357582225211402260 47.544946023649274025 35.979858837621407019 28.415419549056238679 31.142697292251867225 86.379107748353149532 5057.934089133977067831 35.718359943964316017 97.259669419921067401 34.513151798664566172 82.616404302865944942 84.851994550063096767 9.497735948255101590 11.511545589922699051 66.628139490802098521 95.458093036888641336 96.025591670712216796 45.394376853907317582 99.741117448828362058 22.871527325098121253 94.090399084322783096 88.930997192356912251 22.568262027824911087 74.107779034464769552 19.847663478622951772 67.587032183066710900 25.194455667139308730 56.711570114851554081 57.764751420821689010 79.655007615778657737 32.068518217116846358 70.561642393908272197 20.435232956046114339 4.171532918460326478 26.991748629200213117 26.078931448684944172 42.992939778562465847 83.483499880077488342 88.288618460821766121 71.584662100816032648 73.944474139297668103 13.103783480811031836 34.858132826052823816 24.378059201798073730 35.238126120934268215 98.593177289373585381 53.581942540265032449 49.175332520526254143 49.384371511808993205 15.607819596405061446 40.418703154542193090 81.726766748816075392 41.031573931929237631 3.575594027465839542 23.378194901323126942 94.763565475419156314 66.606310670861091694 7.930175027445212521 28.280429139149234175 9.493773066655336379 60.927076668110530022 40.366239386406668643 62.545793511808454923 56.244412259325450520 84.848516778407969241 50.636852577444045664 6.104276521193691352 15.530965808266646633 87.035449283247814378 55.687045884395146800 40.988083365196665397 68.567360524414070255 46.965791566938861479 18.873749114387088355 53.516593332374498004 2.731475174297563591 14.176990628373339121 31.175443495107938219 45.703134140809815733 55.079658675624663999 18.084634762002206543 90.512317200835312292 16.678759328788956395 58.720282197322184459 36.582085960582318762 88.538898435150628075 27.665968451490716262 98.434159458415535937 1.332463533402805211 51.069954829676042607 96.396621121488749395 11.048594710377386718 81.475133862847428645 36.989065284894330432 20.348570621093408306 32.267036430699157279 98.933787301828999716 91.333573003522488420 52.905372052470724498 77.748202486634994557
17.835239115721542191 51.698798448681770878 77.825910102307588545 46.418950954101909190 36.462444802137184752 74.079625225571092528 38.299358624762028569 5050.027049371648899978 23.503723313794882444 30.468855971751604983 32.268225480146668360 28.634963162240143930 74.485562730052890856 21.547608911775157026 70.089576190403235501 97.582444018112155959 59.891501206810495717 1.409335624230318107 28.354596026503880779 50.565845336845974600 41.094419991507926682 37.499583005894642440 94.103982717934144375 22.399036442789778789 31.258449862423614007 25.754237348072674507 79.239193165600013913 74.793419139158373810 23.371045593371629678 22.415074909785310808 75.899083603526293018 32.254379347423707713 49.735085997647786371 40.900769244851794326 14.889288564727475972 9.495288349880016909 18.137913210157247335 36.424643061159336810 18.471139884697407751 23.628940100246531131 93.512103182641922672 22.978964594633541907 50.252240512001435491 41.674114905913910434 2.481471813460716547 59.618360479025405141 6.669424421204768194 57.133162165180323200 60.581160887464136522 52.676722189567890098 26.170353630836217462 56.677295037855735416 69.865280815812965898 84.562859164463276329 76.435454672122958186 79.535547153673803678 40.454843121310595677 93.828289916120525049 83.165573674261963788 96.134241232112117359 68.961427126135816934 52.032939956875694065 65.551802755436114012 10.503861986114223726 28.068960009259942723 79.365621619383148300 12.176176576197603296 82.958751856967012372 16.233582576717090262 36.880559854207525916 7.712651918773183013 45.823840759786968135 76.441292827967771473 62.426304660323133078 1.124745531961286904 37.841841104117683869 17.619386994798833967 30.769307629181984254 30.574461566953122116 91.458048047086379029 16.057964885187153925 81.464750910932806960 27.143041138630465525 44.930486727886616904 59.115734387250512327 20.620272206393416070 37.132010234487950129 93.540261811332285902 72.922051726782271430 24.608686868217603205 19.529590942483896043 65.619026529098434253 81.548413269330524145 68.898207580949588191 67.820608442932467597 17.746104351327719684 65.260441323935452829 32.349347690047011383 84.266458484523894867 29.930154762486857578
14.537157926269607344 36.016183761369788385 55.916453625141173234 87.279423723155275638 84.752387244512405573 15.446247444114433733 96.801125547411956518 22.410825512893776335 5017.214038275558777968 61.714734194052660143 42.213021482986960109 43.086254443522015833 76.836009387404004656 96.468322190052930409 63.867380663554101261 15.992627773923389967 12.015267688495162801 3.924109256362095621 48.970426671628942472 71.800465107976904733 80.423806254125437931 85.995391988104529446 73.194710322155032145 46.857620485214525274 55.172335996665474056 40.200404014685041432 47.045484503353556249 49.787666728965440655 40.241545991093722989 7.764361849434524565 41.906988007601214008 7.730411799573047915 41.856802182091563225 35.979258912032989315 28.550145366595163665 63.661001536628965880 76.320637954133530911 11.422299630254302727 93.053959818417652627 69.205226534438480712 18.140899083385338741 81.589250175747153548 97.800393538690002515 47.800930198689641770 27.124063745346546739 99.713411361307592529 75.981584500671729643 78.306708535061929410 90.561469716915567574 17.935745722815539693 46.494193003293943889 57.602856677489810977 47.203309107972849290 42.088027128019092515 55.374264237787571119 28.986231654255242063 12.874047674331599467 1.553155668975426895 86.181221485568087814 19.652468919571624895 55.168753014297919890 2.767483741162612976 7.626951969201861914 79.059711298269590429 8.865346186192653022 72.633666578127233038 82.879725846493087715 97.844397308459235774 65.885074582314601344 84.153598710512198977 91.443039413561081119 97.994871807575748335 89.660238080969946850 12.604334576710774840 77.676306642108286837 17.882654771767683144 20.790729495921414838 69.020197653446800246 52.062502670178140818 18.061894727928986981 74.588944032029871778 96.961452302942333858 6.480716934905563775 67.804640305138278222 92.377474986398610213 64.760077359922746609 63.499425468625894098 14.010360505865913083 3.450561901786428187 17.869602411849516699 44.501180727372982915 24.669078752513275532 78.104699865342482212 16.980012532961051619 44.931874050563145317 66.574608041847795903 72.522711192997633134 96.876951196345856943 65.508997642725972810 77.493461735575110083
56.065408074631122304 66.148471546569282964 63.097776427897024121 67.025561958998764567 19.868475772969357962 47.480791561025569081 98.801593404644762586 1.855060060578636261 85.077769126221369334 5065.608252010673822952 6.633669838892586768 24.244093287232576728 12.727004279526395791 56.672847681994895197 82.768847735099882357 48.192230822783940880 14.417617811277438022 3.683946334452203875 43.204626498383028377 27.826073196836048851 13.149960657495189054 43.466027684773123951 19.743785890160442165 91.619448937077990536 7.416690920548609789 33.014519022394310355 39.278802275126906807 22.875332654248822450 43.169943379467987654 88.235526924513891345 17.475656359708310106 71.832317491585158109 90.240787841141056447 25.073358384344018646 35.590240034342755848 58.404389805613043052 61.299262601013779772 23.898732014144691504 25.369782984030265993 99.792759201808394209 82.936258980509478533 77.423815702141951078 32.305399949440740670 48.455492818370629493 33.548858675182664513 34.274237570354799232 42.769841362693142628 56.895021436843784102 62.517333776731518924 91.399770666566695354 6.661811873829598163 28.735117112547346352 54.142622141447553474 86.969475761439738903 90.064448373776215817 91.341496776670751956 87.735722476265323166 74.948706124533785555 48.318409329764961058 11.830091430205039060 99.731791862549130201 59.441080082277849783 4.118074855745041063 8.896171789202028890 30.154561277927914631 51.517754408075447259 12.853218950819702115 52.446852402331067822 47.168967919837818670 43.427516660613825650 71.245480959316381586 65.343875072626659062 91.244489687240388776 30.581565595507559152 87.738092215111393557 9.957398711241843614 62.967734287436570639 62.515556077289701875 99.341380399261993261 92.525639350015069340 17.096997743363104405 78.900579932877363376 89.458388506027745279 26.584218545151784951 26.899649081290750274 72.019999558117817173 19.634464420215060443 67.059227066407217421 29.824059605945528517 70.241284438158530179 65.310827813108986106 59.000479308198883643 48.489295559215705111 55.645959250613515223 18.251901998993687926 81.070987029677695546 14.624659110565893627 50.217600868225083843 98.708948849475873999 44.387747934604661282
22.828804105882024800 84.109690491698628989 98.967777746591536925 52.256975662360616752 7.429788251050267078 62.852725357516810334 68.876450842158106980 82.931302784430172892 52.884590286108526413 34.980499316827696532 5041.414735143341204093 40.300035720859241906 48.992054816717910626 12.500493648498659738 5.430524353831191142 98.976167115766898519 96.426314590328843224 5.324412337977724619 26.045617643167311428 79.103224684571458170 79.749171541347649850 55.571595301611623086 14.208805097242070303 78.028253583914860769 54.755434976204163888 29.725424070558652545 40.821129186355186391 15.588658245281880710 59.390617847724065825 81.663576387363121967 56.198756191346319611 69.262081404940616380 67.747281124939163988 48.614443274517682880 58.468755647345531656 53.513103910079159675 76.944428100475008137 67.566048275496584097 35.771257907663027709 41.007278425587365689 23.065526070710223649 24.982558164491948105 96.882298674135938654 30.580829712109924401 96.834705127975922778 58.372973165434096643 32.784548743779630797 32.002342794783430691 30.830905649219921827 47.963296118863432582 89.376897055269964198 46.184170958960024223 62.840052205029238053 8.408214396437458049 4.510775399794953344 79.472804395401368538 76.205649605858127416 94.185966850212693657 91.984800148815935472 28.918526656729369506 90.464790037490431018 56.017174043723422017 98.944812535605720427 19.124580608479103461 19.987035651905387112 28.500753739184602864 60.535817802411422406 96.964498554247754214 63.803290631803236010 7.970112449229532992 3.042996337275613250 71.435603117179141464 96.638742839074694757 18.835303145114842494 38.409715483840919603 97.427546750258372299 44.436385123482921244 96.705008321273140837 52.095837640449147443 4.583598678181152408 96.317826193922442712 32.739527478842362029 52.468719346104954582 80.024463571863066136 75.553861077054946804 10.461822023034978102 86.945708350906173223 9.494529550929712514 89.856659980009922606 35.436245386903792109 47.300820933422663472 66.081228329150420109 91.743649837398436375 99.184416482056477093 24.308932737715814199 97.973807544424431626 16.443676010057878045 61.068840106507607857 34.344650027768075518 6.419540967998057290
26.429122524620716206 53.697665723658460024 43.929771617101735615 74.976884642397450875 45.238029216650360809 33.128974430330821122 91.386879619290652954 16.530916018342715290 1.732022277088282269 6.572503744852025598 55.301921031348292956 5040.703937238296930445 42.621799668781271464 74.875269319908028365 74.996121990993984241 38.585654251971305939 82.830527671766333242 64.060462935737746193 12.840668842302967789 20.693844174169839789 42.135021379457697321 14.034520721153610268 43.025465842903443558 31.942046069562906041 74.946564176649928868 13.500137028850401677 10.769703347277618022 72.074227780053959691 98.454692598773164036 44.415892876593233041 42.529472993806912484 88.591823710383422963 56.557884679068848754 78.639482663859425315 95.572806133480213475 94.493924527899693544 72.541746466578814534 92.867969095208607655 40.036623571662666166 4.406265530088054660 93.552074240749604428 1.491947274386422606 27.637011138034857538 91.239953422627465329 81.891155797218729617 23.191957183386541885 80.153451310147900699 18.548209493112544521 41.934998688270560763 20.218205175047362587 38.508197128834176226 87.573032327678262732 87.633524632336488480 97.504230515027117576 80.149229440265244762 35.337276118787528389 78.529412671746740671 75.311380004761545592 28.641440783183384156 35.653926285772961080 47.237067245770134605 37.220376444244500647 77.743646600353727649 70.724381980679453363 45.044977785798202774 7.816170585218058520 4.435213796534779540 72.851045774901237451 23.933635555686102236 37.429266466029950777 51.695015953050514668 60.487570094134724741 16.103749799131218623 91.175257053106506078 89.694623389431924920 87.703298959647185029 50.206302753861393739 38.260896733721985186 11.155786330703318043 46.030256662636396925 60.797950673225749085 18.566904702816145800 9.379699506673130571 11.219818991678055298 12.298720859002740369 75.886844574583875556 26.011959652387258046 70.006184958337243529 70.724969187578125229 97.472164049010999065 68.449745550430918684 77.808484506625447352 44.691463283738244172 1.872080664690825014 37.815894199542199772 12.992993219936305849 51.335358741018524142 84.893543315127658389 8.394607045392952216 25.212787446990059692
7.333352265067468068 43.889448579216065127 44.913078263090589815 60.472913761664798926 59.749346651808664888 18.183718705433143725 13.083320359718616288 61.706635540490218261 38.692416729021879007 98.135870950841436411 8.784407247750834813 58.727420566768195442 5051.571043119369278429 12.600018246906813602 46.967913533031953932 80.925609223294756589 79.118385078568280733 82.081796073989593765 26.160861792294308970 20.287537429192507688 58.226603441490865976 9.372718161869157072 47.142332507549063791 23.143025684677809295 3.040742714707736383 64.740140844811762122 99.624458910818532331 65.154043778570695622 13.580552917535754887 93.356969703212328682 51.233695877080059233 54.903013298856038205 75.306306248501201139 63.818764986394228345 40.859477797221892104 5.929725740347205232 97.268115982310106915 54.306324722948765782 6.740132302816396859 87.390821324391026792 95.551159928069637317 94.196058544330725226 78.693501808158487165 15.677701273883855038 55.668139981207310996 31.187182646114564477 47.211808574205790023 49.188924629764784413 97.451748144680252040 62.261777330027548771 49.279745091918030653 62.407905464123075490 33.580989050199178791 47.602843937759189430 43.709256631209441935 61.208062808629541962 34.913951664392435248 49.815708834440819430 59.951119834105696782 45.077893655230155900 84.574533848997191399 67.305967676139474065 24.058659691476702136 69.833778097678845143 2.253575042026481512 73.279716832881618416 85.875742543050876066 63.737489627892436772 33.873059204516806631 23.495921358859913397 72.368247341332590850 16.230527280958067848 90.431638313032266296 31.493339507901541907 64.102531154995403995 88.229049630598836984 16.329252888870897209 36.683817977877140493 3.184567298614420672 83.048987253432969169 78.574918212343632717 92.495941539833609113 98.804785086099869318 40.135310985598565026 68.029011671705276854 79.319334388497026112 32.724833742622315924 18.799681123289719409 8.484773350854020180 89.933014491103875798 41.580967283375017018 70.207588765009589338 82.867661357161097158 43.348211094698839929 3.730021996952948449 19.231155398349667252 15.303034507990112445 47.624158252733955976 58.916318745980525762 45.210043038790239223
97.328930847285548111 82.849436660715127800 36.950903433500570827 69.943720928280342264 36.912558741483273650 76.499852249468673904 5.014016348377465349 5.304043387176253788 67.799069015186560705 55.055704661691116542 63.986231076732373424 76.377645397043892217 9.955781570242919543 5059.048963246731545951 80.006930317456848911 62.680841328983625260 54.481852990618989452 52.059822590810924225 45.711032112892858947 88.793783869274022891 29.896159550242696668 5.228784807876361462 91.158448160727374443 31.081889743701864859 91.383673497029391797 40.153226537967462662 4.906340308659578042 41.259197140315485797 71.872707279012189474 88.843022027312144928 97.277870446712512376 52.081273447129419196 23.975150148514806858 11.626948074596070271 77.952791152301287525 45.219999883589707679 8.351999833376099858 47.480373241615176028 13.849838167439445513 46.672354645585798494 49.438726847726734093 92.443431194302945642 88.733297438326530937 82.857187987282614472 12.168464588938208593 37.224269808745880539 45.028962595922536138 15.326445250014222310 75.204035402644549890 29.621553948447459703 62.688484682794772596 83.268962837234994367 44.249983583199941961 46.872550969065486015 75.466160618643741032 58.982796608324250087 9.744745185738830529 82.180439519595495312 85.669745174133453247 91.475590238561636625 98.621257026461464079 30.502129590953419580 40.277802888122636205 33.766950556229161862 2.030969209254204877 19.169797137163229195 85.138672617995069913 29.068486936777862439 22.474583040026846703 89.269760436750416943 15.183582646430021867 84.498651492936062368 20.795169664995931669 86.234286187548107705 15.157214568255675147 28.839589338606408830 64.404256148472114774 27.625933951867875038 91.443387073945928023 91.509399796777344704 84.663196618410310634 86.176799514491847276 96.666209076282029855 5.066729175718034384 37.299312556949857367 19.007570383512494061 60.240980851772668814 13.738057430896480682 72.793105414601257053 24.853071607914856145 47.376086065630509836 15.001895436788261762 39.192861939854473974 32.075306154023905947 6.543663152566911556 73.920009605828411736 48.405221790248965874 76.161568882642654899 71.442702840381599572 26.702523205658867056
27.331896681944154892 72.793596383705150288 16.422964934720525321 22.459577518291535370 68.260783399093952539 80.977675229953916869 62.769859676766095902 15.544101324096425643 32.238787350004393772 50.196029999421213574 57.621216443341815250 75.119404203480684146 43.601207081922638054 89.551807381592766433 5043.616517468263737101 22.524665976607799678 27.479969741795809313 7.634429082301934955 41.823595679577657336 6.505458345482868943 6.361012735678492902 39.736207119402024546 3.268657517354983000 22.351135226337710549 31.858843758688426107 96.892786963744384821 68.138114065559676646 23.698245594606113684 64.911720753862283573 54.526749361142627492 85.725665478857081325 15.978313339363447554 87.395174897399385827 11.508974173621973947 55.443657324817259280 93.634691989317460070 90.635120834704878234 57.058135415298629312 78.238514855871727605 93.163140370121197975 72.633216006292158795 39.162447848598844757 10.367124207563946925 63.874934560644177850 97.143207915970862132 85.416904458930332567 97.281084294351742869 81.348194039505784758 49.438760410777035759 71.340403446858189795 57.034190754854876104 2.290711689855827515 32.845739649092550394 17.948777018850879728 69.162446479631697116 39.617916119133816721 21.852520765452052132 59.918053707113394069 25.344944062779440230 84.445423022975305116 54.188289492363267641 59.959063592601047787 48.872559351745898937 27.607692083645613224 48.165715194355314566 60.072473878781622147 81.425403165442332920 42.780219611968917093 94.795855028274203846 80.718524447928174936 15.771650734475359812 30.253825721735626786 50.241363350626812689 39.251194246325106008 12.445563021620131394 88.453489360617822967 45.721415854204472851 71.578354859464212723 75.437463748392772800 71.569913847259812201 9.728701625461141589 44.653409761434261327 9.978053868339264554 99.342678511741368652 75.545596891076172597 39.913894616678220473 7.325012831032648997 78.298559113085204331 65.761771644385376590 7.460870665962761272 14.643513804131321976 61.893207851621660609 48.909809867887197754 93.721635674152878437 42.074744555873976992 26.307927104921574823 45.366071166731970266 90.420519836852321305 14.764608490270651586 16.110544079286874819
64.785067001219744043 68.119986923561810954 10.717159167542858356 95.838019749160480387 37.680664431350663790 74.169700042348750912 95.738972747734564450 4.042207087576873192 1.044849341740659909 71.821826701376821234 13.213215737690958917 34.760755162171676602 1.260912473100858744 48.779078187464214977 44.864649196827443234 5058.902201862078072736 74.898213077085699751 46.701962442905177397 47.821223828597197780 40.980441027569156631 57.822658426291361877 43.648588060223971752 69.925553129965095422 18.705612958679868285 15.582347105368816287 75.816074692956604508 97.906155586065310104 29.770638163127916442 56.216804292668413723 47.755815167574354518 51.371266777082048804 1.245662808294096813 53.958138487985252141 26.659743045831973518 73.509545930642119060 14.398196105485277840 78.091489435141994591 13.651428637566132451 32.756437611016799849 69.017180985936946058 59.836107592714320447 71.533878675212420717 28.868325550335313778 59.677329495341119525 78.542734589950569557 84.209794717372957962 55.580405207370333187 33.147993790536311565 22.107753415736002722 61.569338004289953403 97.850592288326978974 50.474523773773526614 32.579328496909539581 1.414094448647968072 57.552855721056388916 69.785634094786431092 3.256743756400886536 48.510768576667885554 41.625496083328982877 67.428510839515524822 82.207823725591438802 57.947694211506153295 45.141227352809302431 30.175613786056580068 95.186635225413652961 90.922012472843007913 15.125139071239125599 55.971716889454697252 34.701541844615832133 82.186503029452353530 12.676676273457632149 7.847740784622772026 30.382471715476466301 93.449504848138445823 48.706165111924377698 82.923722897105491825 72.044880724732365707 77.428921667987154365 31.675529007903467260 51.689585880043033228 24.196758909417553696 48.489415404184612157 6.113512358677142267 50.447530604606690474 27.793123965846010748 97.854389645221843352 75.495990767005707767 92.121180072790266991 76.436756810777708893 91.562214589990517766 76.775529426236175823 68.100576679068382191 49.793136430538808668 74.434336250716839345 81.060160002679708668 53.708670819049636691 55.698866584298301063 83.446819609593134714 23.424356101936954389 22.630605141488068455
13.464596375447360543 55.799462030332378504 62.228199812783046241 48.613774709054069945 20.861195100968171090 44.134527086235813442 16.671994444959903348 68.996176815455328324 71.539014586270241125 66.467118516657976102 52.108227579781534189 49.999250624207547844 16.066742968833398919 11.125575176882390949 2.621700394817238600 88.746466122274171084 5010.969994551635863900 7.799864506577255163 58.571713689194673691 97.201277525930862566 80.303873680242915611 47.094314855773596662 20.773648383003681772 26.404859666750507330 62.109941075890681361 94.286238381612605508 94.869079489379842585 22.584480161778930807 84.471425253638926733 3.884635012046469882 1.562146980057324885 22.348496123304574468 79.910057549990511916 16.872432750733082685 42.509744354815680367 61.522878629349897039 87.122627086619743864 46.362911560804136002 85.545002475481098259 25.865536113432721521 13.948359295359027854 84.816470254828558950 58.146245346001286691 41.996939855185409840 5.332131022329061665 24.702515430235372662 39.934443400179368666 18.545415779020306246 33.846892699295118234 20.198057200299057712 52.637388416962657800 38.635479617327391111 15.064058724218522656 15.121496391488712163 53.348128841485610963 78.396264944067439728 26.913022479906093309 99.320843985074375837 12.044341617902317054 58.021303893336437341 31.816954458848023535 99.878660410349965559 59.224393993063983999 56.018050888322960645 22.089135369971373279 20.404108859387072528 60.000754028561054554 46.126215220208997891 79.503575667048067999 87.476730600984055286 5.131371048031131643 84.097448945185519165 91.474797387401665105 71.311925183693816166 52.924879973884770834 95.144708247755218622 45.010408706482188279 29.352017877615356412 57.066836751273093853 53.293397422393262275 92.915702359077727124 59.425418889834666913 61.865207581042774621 58.500960034003561816 71.495917886483169923 68.975859433490654737 66.854242940156311192 67.396446643087628559 23.810972494458717108 67.526773283998963393 27.440583113089342504 39.863628434298604475 39.261737597129418020 4.238403679239155508 82.233972356352907696 43.653486193363526979 94.542760118165702465 44.213304690002480868 6.205066825620512816 47.049510282869462685
84.731905605865307507 42.451760356942642716 47.528645902985566352 11.313302417339871297 78.962033731950242554 11.635418169516825060 88.280144693101973985 63.630867800379668608 99.743547396030876939 96.850222414833979201 74.047558866358599516 68.404829390702403202 60.257120737577949399 80.118665790939644467 18.810490349217587891 95.278452741397302361 50.597137616014990158 5010.536860627536952961 3.155809718521740859 25.163129405249033965 82.738617181963491021 89.661739712556155268 83.513973521135838496 76.156971465098791896 78.292278973666924458 34.114432814410719175 28.167489150744081883 2.900603644290307592 29.601449899544356015 91.236758332611856304 44.378059135273737468 51.729001915119155797 54.256004481319209276 3.058747746456199401 30.757976361806804277 47.183591314696798236 34.768786276880611297 94.613755668360042250 88.236417860287190251 16.941013447746879450 64.825241739385432993 54.893078662736755291 41.700743209543375656 21.348945984393470354 5.355732955523516026 53.098013272093922410 47.035765124061626352 52.715662415725240919 79.161811217885414749 79.275182567014212509 66.055782541005896746 82.813734521126889376 83.813586991257821524 17.352833325336121106 40.790920331371282259 80.426363250612951106 93.720942424703025608 70.690746651014293889 28.850357609657830693 80.907965943454016156 97.532289374124985670 64.933244008730014230 51.572591731676666882 75.137362300794066527 7.423696373520295211 22.246607791238758978 59.556392431587255487 44.404162422213040884 41.412512354391807889 68.565965592915702587 86.007936038335074613 32.713751876033356325 5.992746287980503794 94.545713978937016009 65.891896560212970257 82.465796848634823846 15.487115345930570598 12.785603800893566628 57.163302909436751520 65.072863867314609365 11.931835947696406208 87.576840355830626095 23.104296492826644993 35.219978296140482144 22.083301448260396427 12.810252813239525693 10.892182292486511486 79.008139812674741620 69.039442969312503351 60.678497065857008863 36.483838667041887049 84.313898425512633139 52.458970413851396586 41.692510844001319015 62.899693001167584328 57.357608513032175779 39.364821907299912596 44.582082319601738618 69.562982269189888029 36.547155447768304271
83.476846434787731255 38.283443391814010681 36.910427652909490348 28.637153755125069665 26.501773096009646480 37.778498819685694343 99.717876856501263205 87.610002438055431639 31.361083774668344404 77.578905841071843952 7.142055575367695752 96.077701873788925013 28.782016258279064402 52.217318869752844535 13.889691671267868855 84.003101947622724310 14.477719924443489319 41.201244741737063748 5087.405162762183863379 40.291169429352557074 30.158415082465950263 18.325787881509558730 45.483815755479668042 86.985132855594358148 96.232245502519631941 85.949297149414618957 11.869149100562587762 48.526608107762648103 24.162147972746485181 31.958717682389313097 19.412008788426618366 93.456645947792310380 93.506148038522056254 7.938433734869666303 75.994761266983417158 38.949206952964082973 58.612030671629156586 26.709646410650872639 94.106308654955554971 48.579293644926515583 49.637519804153164671 42.640233175620629424 52.040896224174971962 18.134316273185209667 14.234753825198207977 46.689043194889755739 38.342078558999688198 27.746026179396142908 49.031653029046893266 42.287212390175803023 8.891417261764029689 86.269652798267827620 77.285368115509200493 58.406009827829521441 5.710196051057074840 88.720474782458467189 58.239036595731604962 4.852421962874347017 14.031494782644999830 38.854372466447173906 10.584941363435033779 77.243394071642470067 19.734914101141082909 73.952524295389679310 27.226142844903769458 81.147332452548582182 67.951834595091796132 72.421646816677480274 71.441358192657276049 5.031600202449164172 10.235761135690017554 1.336643040899807122 87.241536060899846916 25.123863389691099002 57.856921947085652391 20.287691570332491153 38.651769950621066130 41.063829046612895013 49.679895123575725790 12.558264829825418474 31.760310803071270414 88.290420946253249213 53.871628082666227044 4.127530382416664700 68.108048692166889282 78.385033300081460084 58.382828928430370752 52.697891995873426652 68.942096696553932134 21.607773409319300129 53.627698939072757867 10.600408372492870157 15.387206627882404675 95.579583544176514920 14.314926475462497635 66.696444905646700363 16.092416139634639904 84.702653293166250137 69.787567189453739047 87.292361032370436646
89.648344090176451004 99.308396891841184129 50.355695649043560991 1.484967813768505840 89.258823799699356982 36.414285192769291655 29.228077716988210000 29.032970305042979930 23.286751188876216645 66.182215501552747128 36.093329363607132620 29.608192184831224836 4.897599673590203651 73.115178990503338241 2.379095836023399357 16.610380932432498469 96.825208564409479095 73.949794808161627202 78.069471117136004068 5097.481934896054553974 48.492418597987089868 57.566909547464277352 71.586429787772743794 23.385862540237475571 80.554303986110070923 52.000421526123389526 24.773543995709569998 83.321669808468939777 5.279793756127245885 4.665527050232829431 10.877932794802639194 69.630055125892596379 58.556448563794141648 88.513287568440048858 13.002584654983703416 95.522652543512052148 57.121693954443884422 85.993822790074233353 80.132904050785114691 84.349216017283339397 41.638561929288442798 68.328987908588544542 55.357946018798713794 7.126404024292951611 14.804326104014000620 99.793326646976822758 81.370723360817706293 99.371232392418306745 30.262750698609934830 27.283699524061226782 82.172563189727881650 84.023590055742090499 88.349328811221255364 41.860944180180318597 92.594785534651293801 76.016860548855802904 69.855599557690567281 47.179509117721480038 24.692692184993425997 31.532616775307801049 21.070640169120800067 82.343282142361886144 75.863883084200921303 25.546584741866062984 12.452997679740168024 14.639687283720586919 29.657266214858065467 31.785635378733569922 57.724686970914582673 97.499106613123373677 92.737446081991052438 53.123059238843268304 56.451682269707241346 19.708320991136385913 94.959726680614679140 26.073312350116040648 7.133639460776654673 78.568596002125858035 18.108090325997441283 45.106301493917598577 20.190589839090836932 73.843684371312761527 28.237276418014481294 25.755771733862555806 6.998076897777392169 62.935724690130392389 94.667388563709266691 69.655236014299035219 42.329780488813952388 89.811746776885186705 1.539483797248196062 81.234776390696936232 23.418169599561309724 82.821192619963568404 39.313360301758216053 76.223859745256746123 77.386554475092822258 75.816460196684175799 45.150566166440491145 82.937418379626862475
71.497991165996097607 96.068069516075908609 70.589307972054115226 79.266377064991829116 95.814775773831428296 4.417917288004766796 52.837917202804860040 44.230464435615360230 84.165237720047215930 70.170070496412918715 19.533795998863705989 85.610023478081856751 79.346935601515141911 74.776545960095958776 19.481066680448918760 84.746985507685423045 65.391531861572204321 81.821292134902876114 1.699463119649076148 47.223753469887505219 5029.117228168583096704 70.629233329780987560 64.116228208638432307 19.531807707293758369 94.265936128836827379 98.309460119314522331 90.399573478427200257 20.124710485114274405 95.707396552033173975 93.408834244484907572 58.495966313906322398 7.999713896883642761 60.559372646253194716 51.834516104953749505 8.394295223253614324 98.777276917895548536 10.447713972214643263 58.574348880838400078 20.390334711258603306 92.519175259019206692 41.717277728753899169 26.914900971431308108 8.020478841586477614 23.349303601084734794 27.829821261588168824 13.139654196453909307 47.733145551424890130 91.032390790354085652 6.123673431540994194 79.374762472022680981 53.202593311465768977 5.544597051372888608 92.428780102498322435 91.200547026700860442 58.049365174964933090 43.162797030502062512 99.060546070290541820 92.929145180634407097 9.874661203230882478 52.088195923045233826 81.855148083328316488 74.608905113149418753 37.702123906547427623 67.168026849787921151 48.303913084305939662 21.889124202593016832 65.004740512730691648 16.661170299900945224 55.344341766179837805 77.058652098627433702 80.380929451559495647 58.245830976223352593 95.308679191026442368 74.937890487881261947 83.581675391833414324 44.150433095937344774 18.393878186801853047 54.277402618844519111 32.076393593323516029 65.373826325459319264 7.473466520893202514 58.403221220096305899 86.342349242512199226 25.962015512082146529 70.238514570892149891 33.347660380310827577 51.292816878720614682 43.134045366861471393 62.095089879122660648 83.806004472923930848 30.664849043294989173 92.643108963447616588 31.723858316624706788 47.687389080944896591 88.581177166548002333 4.644079972062778339 61.258346448390362582 17.180002977606253722 51.188377585954718541 90.444368046316483856
14.445329200437470263 13.520958878753249977 29.633312581953326514 48.487323555156493171 13.161393752543190772 38.942379467310367147 25.736624574445350788 5.506946987313767750 48.980756364205419118 1.349742480979649883 73.546710565777701163 53.551929412784858187 2.554143348111318712 26.665930725907593057 79.673317656458507940 40.589935323802876610 14.389480117347130061 12.802332826864846638 77.820136809062915972 83.876673436854630950 88.306647620750965189 5066.068021595590835204 96.777240555287590951 82.686003984484898410 50.129169792571893538 77.934521066148576551 98.155461492626727704 24.783907403012609194 25.621551952651145712 65.488560764102615508 10.410236106984182669 29.038788184037930051 89.411715958474374588 40.613459765145648817 23.230282600359739575 12.041525933439658047 55.700911568589212663 59.087304758260714266 3.915963378745019874 35.430747544462171561 84.830986990288451466 46.205814803180480510 84.531084679900473589 35.933841948332982952 7.527820996285095489 4.838502395769545217 94.041617160205944970 5.520541659588377392 7.833278523154106665 43.605249847700818577 91.156293081459793370 14.410149698313492905 16.173071838004382528 50.618714636860353551 80.379185876725756543 31.247838036839439724 56.251922223355663277 20.641487197180182989 3.537611665882722356 53.611743931192599177 61.772235565026733184 33.414049494478611280 84.024305292218187446 13.347121820680353466 29.795621896518809990 17.686082224369950922 55.029566725265276261 29.843550346361993775 74.905124940308297710 37.409261574138561457 50.745353615764798860 21.467125488976073200 33.388055101941091607 99.226723216016182505 20.609634733834180764 78.456404143241385896 80.954796831140271252 36.377004531019395017 72.930443226623793862 6.916719026673299631 54.547545031319941700 95.968362486081744578 32.058074289790752687 45.192538881219533664 35.444401087883228740 60.919948254307186630 72.868868460558829270 15.722713925687518355 70.374090177818715119 66.926621824052887177 80.359978764976531806 57.088510423848873643 79.494382577333311701 59.072129926110058307 57.076888020490663678 49.267452477383912424 9.234361114851587615 11.491400487503081962 63.215800412197282299 62.561057120645180873
4.569007037540547600 93.731820179033178420 25.230482413400594055 45.798468375962798405 29.971298712609193871 32.250495147256231121 42.245463800774430752 20.335509764165934143 92.138978165561780997 28.332394157203456331 94.968038871656801803 14.475380172282701352 23.197065703785941793 96.456630399767433914 90.652577759797935641 41.434603312558429877 35.289418061856402176 13.828176019769388816 58.961827344317427446 87.695082610342282692 27.869043438645920929 98.009820800656171969 5095.534924147869787703 71.569450682100594463 19.696947910300355744 88.064997904939360751 32.896892857249369513 81.854492559531053075 9.527497918506773189 91.139230064042649815 23.271445134422478418 40.959053495278531898 10.221174602994338443 8.214672921599216693 96.338493481360757187 24.264571337109355653 24.851052938137765835 82.380833584844253892 77.787751038763531142 9.267766220282901202 78.174667120426164502 1.820759337806995948 31.868311785854210427 31.542776756027496532 34.844452089498858527 15.144685052214727605 6.064420789473301987 75.316183472555394474 69.874579614841138664 46.403685740049688491 19.208099527039998122 36.419267682159322419 52.218752980402044273 65.875818793415788832 87.831245999396585944 70.468559664371156259 71.987084529754596929 81.999602859619329820 27.868395319374439367 97.306354607111956057 29.898239803356538857 68.437831147014122735 40.883389989869449721 62.488209435358058386 7.623799579641712398 89.818810934434267779 8.737608978190344544 65.613461293127642193 26.416950316073499749 55.305944580993930515 60.885292276991677340 73.506788310478569315 79.530278360690118689 10.152102652586521003 89.223881517076705450 91.499180674711695360 33.205560733014472419 99.527311990926563112 7.268836222950425530 72.897464945412608017 19.337062734695699362 4.558567197612513056 84.869851568944199016 10.519457320688294644 4.029370889031925529 6.565892831897943260 69.143682466055011560 30.664246385545368412 80.144175501038191101 96.970394147699636278 5.798459746689651695 29.324286006855729170 43.808872368926500940 31.240494424903829440 60.343462541260485921 3.286575853293576710 67.080596466449890158 32.030282764056757117 19.427051674082679966 72.121356714559084367
7.928483274334632291 10.359551066702916700 81.439173158319775325 27.518438407939495249 4.777560220683064962 3.750593155174239968 83.304843117084502069 62.897698121252574310 14.141679485878126954 81.136461435134108910 50.031087357382880043 39.747207952771837824 65.655476026364112840 7.022039311935208694 41.059035476860628933 35.051738388806086277 21.861625324937602244 32.919863829246168052 40.663099808305958049 76.693995092513375766 80.713029204185318122 93.233607012699323491 25.962808701116077970 5043.150134541295301460 76.263910963429125900 19.487448089015224184 68.953829417869428653 6.448601890703812067 29.026272902384675945 13.964607836373494010 15.077734995580968302 69.153369829632694632 26.925494577095882676 3.451246067067176071 70.041920402104025811 98.592832503842728897 42.079615230017040517 1.913971087277348548 93.246567022728314100 21.657887607164131083 8.250022391240580788 57.577830325877378925 40.897410060686681277 93.538260243375717096 3.724398215433957660 18.429032841911116236 76.284273163295736708 91.000890307522141143 13.555229607782125711 59.117050250622753538 79.861421040621493717 57.203063533286695019 78.475524227317208670 23.010981444842069976 58.312798632220449235 58.571749955423392464 61.748680598669032804 23.311469049062345960 40.549506178119337108 30.994395916032306815 17.628948627806071414 54.233355181081144281 45.678308905242829496 64.562578093086330000 3.493487528008283327 40.667135944048119711 53.637433923394837620 62.447314005910619983 89.427690735388864596 59.556316711101942474 86.443671292270707340 47.550119526825646687 53.521716345180550434 3.999604865333599601 14.684355084110285006 19.731322802366335623 91.197467441966836077 17.423352193784115371 38.060851475187668314 27.068040050188511003 84.136957552992271303 10.767298932414595569 90.843894699195587350 7.849606467070009863 58.513865017547331604 2.850315070525147210 95.553327196755162731 99.826146631073498838 76.674838797288984438 52.947810488738461743 46.897089004956150404 77.079280791849541288 47.330790440754384463 83.518843583219762650 9.429186536602397695 39.337016244367724482 34.213477027639747519 69.539352125032380059 55.186488923520407468 83.225059375849980370
41.656112954591215214 94.778900367729022491 11.237141304283730037 40.628057773667229924 87.631989947477393343 6.733207379340281129 92.914697152900089350 63.454454769979946605 40.154900691693569570 45.523011004587765171 89.084344987420237771 33.267733907455848907 18.204491111285477700 71.970104623716622427 48.292895250590881062 15.767330971132730966 58.793624034905839437 7.957241054537409930 10.664473666900637028 14.048186357789784751 67.764537668071952226 50.407015780562034024 53.367078170238301027 1.728365462067448899 5078.432146785869917949 4.850302359198855662 31.734728899140772995 50.148722145904187641 43.883943057456448855 99.755206272236378595 38.987154351794373497 28.395051277114461641 43.235078140420064585 91.898400010442060193 13.305985172625552693 61.969962386876481730 50.051883012839908815 54.408476774771507678 11.511927922222374931 94.702768167010887623 2.267697917608428426 6.225621617701096788 88.225747793169531974 83.591064303044888106 16.453947604243630565 44.792745948067874906 90.189492267596548913 18.820302121435240394 78.164286497553803201 37.463130877539541075 81.145492597856772932 86.462215776973621928 96.195932216372284529 23.456898758104571812 61.464580326031580171 44.683391577918165183 46.983487940309693442 7.817250630339272810 11.573071074164641203 12.370686668959610444 74.621381157842250786 12.846298835903855462 49.086520890123892968 46.016767163777061000 73.606227760197413090 65.881398580141535604 84.171043016641093004 99.164387510146681848 16.897177282528566877 56.660923151331921588 42.571006888042802530 96.557462476767767612 14.457995653281800585 68.570479604813741048 77.297509734446791185 81.066321352194407268 74.551424429926115067 62.323048064199369378 60.513116237741229497 5.791228249525977922 47.577024235508751815 83.261911156759708774 28.636597521529360222 43.594807866237431426 98.426582469972515810 35.638646274539397041 89.901137653699379371 23.360750728851019886 20.660637405447040749 84.641074718327587334 71.604577151100457399 69.864717381109656458 22.611702162423345186 46.318020557920938529 44.544468173406919220 84.526549411501449072 42.262451815092497043 55.553075231212631024 18.275010105106286318 4.840697079471350861
15.148980876944262874 74.400598665363474993 85.369167428271012454 35.222897439352834681 72.768125467206814960 76.876272632820104036 79.171141200862493292 23.614850858223181973 2.265877692871487437 64.596308773528832603 96.052228788124395464 12.971278812559996041 59.012144156104824333 87.480347698652664690 98.839640901491094382 91.384723522104422955 18.106180981705154664 73.314220873841804860 19.527985534179599370 94.821709338826536850 41.174951723658075764 41.806248093110163211 20.639956808783203712 14.592182030373505697 81.606438958865027189 5006.404042066936199262 35.320211700450933279 88.588139206382777502 82.699328385486381876 83.433446884317376657 43.977344366511040619 11.965563143804979873 4.327649557535341529 71.956725784458754447 17.385260423255655127 66.758773341811945556 99.807556362468417888 53.055024393774715463 8.547812627146814890 40.124496239734533276 89.703323176863477784 95.543120831126245207 3.997228967511075926 60.548787980585700552 15.071606762544996982 30.477623498077324626 71.358289450608680227 98.667922548729094956 65.812068064915038690 92.076623104247005358 21.947926632459925145 75.336418874696889247 3.927782896034746951 96.008797523710114774 48.232060620442027243 55.124006803139963040 70.014494675091583531 12.504806020706951131 58.736874193501648733 20.292797940463220385 60.218669558149599652 27.943674830868847181 29.886899649743174479 88.422976720581772270 59.446947176049690142 44.092090502902216542 89.866475658730806231 32.629538489982508054 53.041215404342906936 39.685788345770177443 61.115578466008990688 83.041555410094062495 38.484870626400748961 41.408190186835398094 13.180910665840078977 85.621352254698464890 33.849528291155969839 80.122984337423019952 11.269335058363713742 34.723472220279788303 16.888232272019525482 78.385977893502328584 71.994913651196469573 26.991782022215058845 48.929141890708642393 55.317885942807592414 79.984433058876646783 83.156381931006677632 78.871673196741738820 61.275246911547128548 87.062986944933456357 97.025816501241536116 81.127644244149692554 50.544423295628028825 47.504608791496686138 81.230753082674411303 50.036634644691005747 77.274188859314662636 13.384649109950307988 24.468452140664595618
57.434105474347980191 74.043584618725304836 95.531444557909551918 60.284700692000377842 2.958730266105625617 76.218417274210665369 48.990778832653461450 97.586503675067390873 35.124979753972212393 75.491677138816669412 61.838936425223991478 44.818173445434702273 49.405853915933505505 31.452724308541430531 40.140019336169693531 82.579829430150539338 2.687254239468659378 82.581767236277244137 43.737204847646438566 28.928038306394693535 27.499435760444516319 32.206467460877519216 33.105103744726505965 75.016368988645893978 16.250574919520509809 72.007774430518651343 5098.116965343014271639 91.920654784808036197 3.883625919441386465 24.680309950139694308 8.936164863833315763 82.214728848820001872 42.642253540670694179 94.116530259369909572 76.202929579605537924 64.693234683033864485 40.572841571430274143 69.575774278937316808 50.316751177064730882 19.640911583565074494 96.982721299089050149 98.087239884310079674 40.327453053109245218 63.287386605018028263 53.501958858888897907 98.221182877117072962 16.543928749207843509 7.738401554120446946 67.114552276459036761 82.887505004715180235 47.890328851086756856 28.743135416352881606 65.139228942164635328 26.247434587041333032 94.124797708376135574 35.435459066113594417 24.565782957932821517 12.652734536791289344 44.941784816103378830 28.714605246023488405 63.822531265777513454 83.878872022147490384 90.907265504066458561 29.772811742371739996 46.889093112886833126 70.492344895452291098 65.970930500678505837 65.993868271868095121 55.439171122665726443 26.987694715362380293 88.266149433436368099 80.825284873855594014 5.084109977913658263 97.191257564920988443 72.332340553168364750 70.649226869835672460 89.383470622135178019 94.218632492141622947 41.271272609363521156 4.204266575082016288 81.350114787985816633 53.463440413930058526 17.362419082154659122 21.354814814615082241 48.294130264206494019 75.976633834770339604 67.299801082149073750 11.979855378218777773 57.818828537514676214 36.445088985606538756 15.871979916258386112 49.281430333951597333 74.503261160001642338 45.465625791598277772 59.654308854245016391 7.159969996010358884 24.770127382634068880 29.413593062634006969 78.012877774057159286 84.411988039330012157
85.959474788027378622 68.171276284814808832 31.448040276516074698 93.704148922664799670 44.909289799119953557 29.722136437439239387 58.798617934293886833 7.992421580539703641 4.201882726683088265 11.636922174700899291 48.419162213117296290 29.000007319153329632 44.996032441655827938 98.641407575316691236 83.943034140890432582 58.425741792161652199 70.133890078089308417 24.630424629061156594 43.650833409915847483 50.050496585539150374 34.624075077194021333 55.626757002230249327 44.241586576462246683 84.474585458589245945 55.595966594056854149 81.055276213973385779 31.155922966990015510 5008.138688119917787844 27.009594377075593741 24.955461676871475873 94.641585464848361653 3.795598029418510322 8.869352227704887071 82.858216780961257086 82.278480964313047252 38.386121928999635600 29.970733018832547145 53.173666420817724543 66.464067922930709642 14.469829877573161525 77.618392961748952530 34.373310776560039415 17.284662008725554472 85.655316074349698852 39.367932512385486632 1.542382576414661699 16.636704895362818490 72.305101721807005788 6.528082568700409816 44.081228782939575694 84.537853097260182267 22.765939857446046091 61.769128880829903494 37.142412160402564325 45.645465891010438497 92.945995614315904731 83.844857531543638629 43.876337539361394136 26.382819146931758780 24.819710767279165253 33.029968108781403657 66.574560463482129080 37.469500394164896306 12.612345404187260911 18.721334940468501884 95.276132551051190944 37.961057833830587072 28.998900296820789180 90.165476543174193580 73.240686182855725406 66.632608453278336924 19.012339849916536139 59.184650514799827192 94.234708935103896010 66.934397105624043434 81.290972383322326777 4.489733955963752798 6.535746752100751067 88.578453379752829733 82.494111253218804336 11.395715093831856990 84.525908560417121862 92.399775559096909205 80.955732297063491387 99.900410322520698969 91.340956873160806140 88.269946425351818675 87.499753663831256745 35.620889140163534137 16.039398632354817664 20.705483648773281402 3.555128426784895268 50.426810263653813138 74.569496786827457413 84.094113563452538074 93.099366560970096884 53.610086988592648538 13.896463271942186779 31.934563666500999091 94.110993825232441168
76.999532042875713955 34.917820987940764610 50.400552442662522878 48.039916248181846470 53.135312227455216316 90.133391430535056088 6.650042334184527171 91.138856767301376749 69.605297606517126496 3.724986351497610038 95.118013288974921693 63.866616245184694378 68.308731986504284350 38.580558187149939897 22.347185085436525043 86.313582037780562928 5.577110944836028317 67.037948427380172234 30.769907148068121217 82.809543374857582876 21.490939491605761447 24.296363928439799196 36.904469421187300782 83.080697576224508794 62.855165288412422342 94.996879782952547089 23.277913010204510869 20.791883308698789534 5071.128187588931723440 13.117799304571960306 12.145774862888373491 62.679523692148336522 62.873295718755592532 73.274806113501824711 26.146463695123220106 12.806667145809200292 38.111564678767635428 74.110568206412665404 33.319771029163320009 36.649556592110577924 83.797915980511419320 55.399265605772704646 24.392773640074079111 64.174422355998999024 2.412010333521191541 33.783312970252005414 18.796091639509626248 27.184095545106050196 73.941334622670680687 30.144382471182439076 67.760529039708998766 1.483911182536229667 74.749127861487153268 84.166809065959924396 73.125647719190027374 57.063770078580176914 22.526436773730992513 15.446612005291328273 47.009793156386578517 69.114770132407485903 36.041298110639978347 24.741395310129995266 41.023883202358085498 98.954302225829252393 42.051468434889073933 53.341129725489629720 92.617864666494966741 28.614776434408298655 59.865181592308175595 79.564168413018592219 16.156324259382721209 3.706496153569152074 53.689999555925957964 91.835436310029578522 89.533628604695081776 59.862544162750914722 32.230929674006233654 22.988679571628306775 64.337493483118663562 78.119179247176958825 84.618405024384571789 48.028786064471312045 41.782855180119341298 25.687473576132099140 57.222879418872793167 37.278506527658024083 44.576006291144558702 20.465799519978716603 5.204866080014821428 35.551936412370203300 95.119364498623284021 76.417670811373824336 8.189362273593289387 52.568977472443108923 7.061866429691693092 1.527684710328667705 26.606035982979395982 24.463045067455951198 24.289959095170384984 48.388550726129111013
70.559779812353426109 34.521226156371398019 37.291030484765556707 70.025036481909069153 58.868011076562744677 50.588268001284632192 58.017861855310677299 17.940574906030192892 64.620647724535245970 10.256247948124872948 12.391197340227064316 24.259650789603956156 25.982975790170833363 34.309291683641966131 25.224201563227655498 44.553664709722220039 9.157406398577066398 6.513964138085210465 20.891047003167351193 83.062390895606043273 40.859296485296880519 32.322047384784248436 15.067903425419737928 58.531691829164401497 58.148219575263716763 5.106776465117850883 70.211276125621338906 89.277687862272330221 89.950789008967035443 5038.954547426482349692 32.015561274666325176 27.323179445412968391 83.366847823619849578 16.804279056588583785 41.400608777780455227 31.345594663954962300 21.640666837598296013 9.443724501323663034 42.394927834015447843 57.989622586934487458 95.369135201816618519 40.904072968589112236 97.748941850752629534 88.989772779466449037 30.842603413979585270 2.734284738371401069 85.134276209571382310 72.275725662461695720 18.445391914801213318 91.302844198671380127 69.449028467975253420 88.625889494377403821 25.755313396065524501 30.649012759016734719 41.588370265827279582 68.413684146825133325 29.516264139060410798 67.906987134220514690 76.813570178960134172 44.951114492691502278 22.146531615828539685 54.965700345833063523 86.231749964228299632 82.113840744471289668 82.466873458835834754 68.478839008415619105 22.884113873242942105 70.753035382005592169 21.907026501246946282 11.476422968434199845 91.331160769353971318 16.606657511233141378 67.317277708843988648 18.118516065780582380 3.250321119718500018 35.730256832318779914 90.538978905723269008 74.588297956991127080 55.916230527229828340 68.160903074780009092 33.473659097634708814 38.374706853570557996 37.849529027202208908 89.724445042127811689 75.052808688636233114 94.370733324314727497 86.812464097949472830 40.199201141614985033 92.897047389305399179 60.329032222334859625 74.246542355885168263 71.270402450099354041 20.482623202425145337 19.715623155233085839 59.301291849408784174 22.248526806667545230 4.790980296752072043 42.244658240616516309 3.636358748561396403 80.067590870518600354
62.090264768340148294 47.692711893745631357 70.632305284724807848 3.414038394537743493 48.563274168939877029 61.326740505595772390 42.049765271751120110 63.970865254316095161 77.113832973754696809 17.446112400947853871 33.990237820094236554 62.569166954021540050 82.419241234793432227 86.949048290676643092 86.708270249131913943 13.266702857252651526 94.780188897829603434 90.839058672677680306 98.400435660843641017 11.119464479875032836 8.095545671904966767 61.438566182320883513 39.266453080946590148 21.498875555556359984 24.587977243154639950 24.526335859948900975 14.142538028799295446 63.110801482842724397 57.893797251042933283 54.513333014132456356 5008.786131591742559976 69.356315096981191459 77.682497184126745537 19.038235102036932034 36.704265208244017060 59.678619997491651361 63.116165425447604775 43.545739248696634149 93.567143054263056001 94.417589195533452084 57.965182931621157536 40.967762531404808612 2.862729549894194037 93.043424352762343688 34.085107193739666798 60.827765208358769655 58.014210784414785849 79.134985370397330939 84.671299892183853331 72.585818523442227956 19.249722331195947334 76.554104300756534940 67.998237424843750887 43.123571376158601254 31.921830434795044340 11.819784332772709234 85.505910301887979585 97.034143867795947358 20.594761874735159068 67.779744748799259924 27.049595711222728767 44.658072800219109411 91.588689406796731873 58.002860629722974295 39.600664573565779847 14.394167450114006002 3.607275819453300780 80.315278456745446078 38.011305712275422763 77.849195819579648514 84.911661443738012167 4.236400726664468763 8.542703641268351689 33.469032880732136448 29.046962033562024885 24.155733138490472101 73.276392580720411729 78.286425712580040681 83.398710908732681446 74.934994092573447233 6.489850339118627964 82.872837507635381371 95.442178751615614374 84.597494377506549768 28.590008958138628969 46.876034239242855506 10.923097630994856644 81.067600528259433190 53.466736636189402532 7.795008465366232819 57.913292614654231727 18.339837809870140006 50.875104486644666224 74.132463675302460615 13.650293629757308977 96.706823829481308508 48.131153368099610645 65.514435578899735901 5.455126653427476491 72.951386899897613603
18.308545079460753158 58.631648173831727888 9.768939926453594325 96.883246751975008237 67.167858369512401850 27.214365648731092762 74.448124539374205710 30.218568762271932115 48.659072513543648597 44.629473131162072264 45.844304073090164309 35.624038368041482272 17.449166471601500916 25.781427267568144401 13.524004267475396190 52.668283188814768891 33.955015794542411811 88.105366225954270476 43.717992847812901402 8.742723840083499454 35.392632563112613298 25.853016163229689539 68.159068762061451707 74.939291818049483140 98.643222193764771077 86.686829219192162554 69.725031715822851197 28.081062186256321667 57.413740138843323280 64.377570547867946971 73.555893955439643150 5028.034668536021854379 1.447981999559246447 21.126695233358166348 71.426008564924444499 67.981899100389853174 33.410632305978246848 49.738009612873334220 61.068187414694257598 79.966900919998877839 98.895367400667439028 65.403143820129187702 31.865192929722230275 20.163378313781677775 89.773710495765897122 26.323634114803951434 4.018524217394969789 66.571216707640630261 12.845163350294331650 79.151664772992162966 23.587653222580868828 38.999735913516857977 24.671085653765608470 43.673652155678283293 96.954128545850096543 16.420636819828231978 14.486173272446853488 6.202715016787174740 75.782413730090780746 23.091251624253914088 36.167265261824802280 16.658975456606590626 32.938051221922421519 67.361430225914219250 8.806837578306787151 63.739779486234596106 32.127198571633009294 59.524818577201521919 39.008813034732106928 42.169861493511014316 42.817475806075734113 33.214614200542051492 78.624390464099590758 38.428035363776707811 36.440589931089853337 36.960158673398005647 64.199826370666770003 93.421236293707750065 77.467410462467327648 59.585562505928642452 91.935294934499736996 31.052079873334601956 58.315539842741692667 15.028854431744244735 6.081291205960033253 79.063810424480166716 18.808242263787128934 70.563773027167769669 3.566689954436063736 76.955560639192867711 85.897912933436728622 38.770211993799158279 48.825136877845118022 97.388891569549329574 27.332919367688120360 84.008899737775024619 84.288809616663940005 54.302400349163384874 97.222507593577788043 33.796687192317932613
2.348430876148280610 41.209207010682227690 67.341247999925343493 36.305691677361778602 3.302936119005439153 99.597625903640988554 75.421657062684502648 22.735019593536286209 65.115069245594838776 9.097207405994504725 33.836448003192074907 42.894210972642369484 90.377991716993619775 78.003789577448969794 77.200917793622437557 71.658938686874378732 73.048684677130339082 35.313431631610129102 87.485681324899744027 64.978066940233333071 6.536395683489395481 17.340626010099054355 96.374589017997976725 64.157028436247031777 24.056516108266297493 20.262388971668997328 15.792791670987547548 40.639491731682078068 27.270727427912206053 2.343231672540768695 62.860979956107613020 32.325257273947784142 5057.951374618200134137 29.873745335311841842 42.551026984863064229 5.773369605155599160 75.574097613571723286 12.272982421552503851 6.747867749375971336 85.441840478941870174 29.348134070460460521 72.918354645567973193 2.756710287496372480 45.671958665954257128 23.785523261172254905 8.263964989771112712 94.392987520791180600 94.692473332213310755 81.969598050532852085 33.507803543543296598 47.961989090970050142 22.626227968439867055 61.101450038448852808 2.248116298822501857 25.941216859552035601 24.676624297820271892 25.770439130147298812 81.927114536360534203 56.860858326570181021 83.648304363674611750 46.300504105640179375 29.975844858953742289 91.195267796295610196 61.707307478296122838 38.527671637553936534 70.550397839889924967 47.282912388197331666 94.897562825263477748 23.618203406011950563 59.813885086456529905 83.163118829487927997 26.648694578478831829 85.002872458337080275 29.964835511618186814 74.685962335545042379 22.025047612889483872 80.253677974325057676 86.869199461978354293 99.859421258137217592 4.343509297776721567 27.911114452027504740 27.672349362105709503 59.552765449256199304 60.917507314495040305 2.322609574423692536 98.809751119759511084 44.734213935549540508 29.568399453423896972 26.805759822609534382 36.681244853771922010 65.866142574412307908 98.230050196043848132 77.736567616520687807 67.849876440585660475 1.790130614340894599 25.701419405413151509 18.829629771194923649 56.215414008721985795 4.873224969053470801 20.127582566900411365
76.275137525440683817 83.340648446452206599 78.003107011321475284 28.679352926817870184 92.331647748723440827 38.850191204560161395 31.527374346245061076 64.559288463638523581 85.553416984706458948 84.445650777396949138 94.857177445427183216 69.487018424394221938 97.768880576100414714 59.951438529093699970 45.491186810723753808 93.242295252439618025 68.122539879856603307 45.776883066833796931 8.107677779549707253 7.547005249574302077 91.584937993614786933 24.402216313928470015 49.540453238797141466 60.408101539312447414 50.505362791347877760 68.301521761252544707 7.631836968683587408 50.550753114894348528 66.064530088705225808 84.908182462665848789 32.252627353408747979 36.612554594682187314 21.902317665614287279 5085.014011004038366082 5.111179481333572028 15.442355560915968837 49.093537726410829691 46.910970022745253516 45.656211896447594256 28.770873781334756814 24.815156443997864244 43.589029213158489995 35.495265144283465020 55.631525873181232100 48.432309837276292797 15.443323553067509479 58.004689940883899624 87.857361870526105463 39.531873048434192697 66.372524688181101737 74.889997422164825025 34.842816207206816159 28.160340013517092927 19.556252904990770958 3.433154607847326290 94.500220287480374282 69.376203921079266479 96.429236255991170879 75.539968598738425953 65.739851248743988776 37.145408078402148533 63.716242037478750149 20.915243403462575600 83.912997224670775154 54.771606180623905402 52.130911871701584914 70.280683488557684768 40.992982870722116218 91.275102114717498125 86.867055852077641021 41.770022373574036578 62.754511194895393089 19.763914187528850874 48.318241149285078961 82.795029274863509272 50.227694872780929813 29.885080602210589262 72.379721699353254394 95.883540926234942958 30.949176584504897392 50.688281522323080708 21.313671806430342315 14.283959762386166048 69.252453122489328052 97.010067360181295726 44.241658487002446520 8.602903308408205163 26.262284022851019927 97.751037308250189994 72.932683165124529978 4.429381913461501341 87.396069096314406011 69.519209573122125789 56.527591267312345735 86.742861429996679590 44.989785343004768947 83.261917019928532113 68.797252396452051926 9.028172122924686960 4.993934255394128385
7.597100017261728233 78.775151814881368750 87.932160472484014235 55.705934141506737944 32.182985637783900756 95.842890701797813335 73.662292090980230341 55.521034381853496598 50.467390950066629784 37.253712803431213274 28.934891582869454396 43.651958152402166036 89.797377075142847502 24.473174618051906748 62.632305430855780060 87.652991428217873704 9.350455636834180240 61.045268277017029845 70.685773161673154164 13.280103868648780008 9.980373317013478740 34.251431514163080294 69.723492503398773579 63.254633520255630685 23.659818283610416501 13.707167811552826819 94.380265933276731971 44.679340633654241799 70.240751036828783072 21.573451647358986349 27.055838543256115258 52.687903601404443066 24.182226612198498117 92.689608011193342918 5029.725437350991342100 90.261992997558891716 2.130479300709391399 11.510896248216633708 94.790321851023549016 35.183729187199084265 79.770320925979376625 37.633845601843944451 26.851160696310817144 27.731974089276178574 73.962731576045442239 42.001182695272262890 24.698217760746729255 78.437751817744072014 70.482243253775294534 94.576314450660248667 33.592668799538898838 6.947687895985340312 60.590600853131029169 48.258253244287480754 34.754293550528679191 16.101420897693568435 84.670338598759869342 51.151329950994878004 19.809223874950475874 92.589844206134728211 86.974444282623394997 7.185440782740589505 1.533812089752214280 86.868898407336644141 9.194629201633480520 15.190040106492018523 24.649796359492711417 18.751788390272995599 29.699442150283068997 22.256439871059761515 48.307258771937156894 54.445924375912298387 66.297461908531701624 17.825884110101753777 17.193766792354271189 72.304620667903776621 76.753117676231525479 67.598548326486579185 90.208301429525562298 91.137424216129204524 96.680588643772651380 45.495910464029861942 50.470319099591783640 40.159995816133069013 29.915842045967089291 66.621515414273474676 8.800618041683996751 36.890929405002928831 77.987215800807405230 58.162866815837865886 83.581157452910218808 34.559557380008556038 26.665360191078729457 48.298822351212585602 93.615989446506986837 12.885784932980547168 52.944591610151718442 79.352904093506737127 38.445743343163883310 72.921746404624315119
14.260791435069231525 15.806925760885835786 62.410637377200920639 32.053884350189704833 27.266379695759969337 25.107277105274729223 22.382706755907541663 72.564740412633412348 37.616911590716796354 10.916591710328676257 91.948542976062228149 59.598545093866988509 98.035379908950758931 95.322877107211311909 19.730710334798228445 23.156536463274449034 51.454106665768428286 22.024190378570132509 89.879784393464603909 83.391711404647196559 13.057259165382809840 69.027351861638862829 4.647889057521817691 27.853555817119783455 31.649007047028682393 85.942434923786933609 40.262639790295054354 16.339084767230598771 82.419895109048439963 30.317107588610070934 53.777024036092413439 89.710185438151015092 32.765056124080309985 99.105797496608246888 82.123698928994542712 5040.284579535318698618 49.762287562334897473 22.532448046752765691 75.540754732505433822 95.471633906677439541 33.739088697580619680 65.990094449348461580 59.292407385209060067 40.720938238750349569 70.522850396021169672 52.413768516922957019 84.956031663346706750 57.559246052161164187 6.625817780802566226 92.988711469914179020 60.715889244564962723 69.338927362931642051 41.797829694320064675 72.976720337439274999 48.268268615125762722 6.067918010288847697 12.320467974156411373 68.371668651006757500 14.071560309117018051 57.293540923208780669 5.675077876399893029 51.633403882747487046 65.193140239255200186 33.560152202505300068 93.657983335953389314 95.811063852532811325 76.825933490073566645 54.941232884716725948 9.636225196962486805 8.078976395732450300 89.572138841236153439 68.189406181031358756 17.041298096924084149 53.706363077061062938 70.763289617020831201 15.902857588232516051 23.487334881797455211 67.007329388719455210 62.204130875925706334 34.094443383874605047 97.649691787741957683 80.466709960986577244 93.898910669084756364 64.110105955747926032 78.920343685602304618 74.772745639287222730 27.360658218159311872 63.659960810072149684 14.373116446545296299 93.926859023975467267 88.671790041097850121 80.217136324475461606 20.418704644188345299 46.038386628330528083 70.887150437637714617 10.836498062725910430 23.474551241701075099 48.286943844532615344 11.521820322224252564 36.889671617195794795
64.463248492266529865 23.414596746674149585 99.514059236591876356 88.550716591323734406 36.533684158980825885 54.426994217074913252 73.899362155452337220 55.072235671949933078 8.375620462705120062 74.257916971345764523 66.579745005291428583 14.650711322841107886 16.186947485709193728 77.259866606097460817 15.137352063909663258 59.543700661197277668 42.215163098261214714 10.807579891141942952 17.676143607723133755 55.948399702387746402 72.555421335988484088 17.765812826495533727 13.179469862987897244 15.768770569154000327 5.063503843562994433 33.818547149393644702 40.402494458969997027 15.869057279090156953 33.214651020602403264 7.272827769707450152 99.283499484835388671 90.005496160718536203 85.404765296744500347 6.812705440549662761 8.794446371043303401 46.480734728443103165 5015.853652441037411336 9.904388604214835468 33.372030410858712912 88.120070763191890251 15.397974347613375912 48.617004534460576792 3.934925403587038240 21.240497215903516803 99.903329759463147752 43.677078020702374772 98.729500189037764812 48.936706173223200267 52.875978756753497123 12.107499463568281328 57.661188225491777359 96.043812125652380018 13.711969537264920405 57.444060195654657264 60.163399388451985317 7.081108477655607025 36.618328470216759740 32.775622278847166058 31.014835013745397418 71.603717760473159615 98.326099499933093284 33.404722146043170028 17.659801135971573416 99.454847143424117917 90.644124257606605966 44.513712959519068590 51.098193209409537019 6.987118242748935337 56.277085544610777390 69.958384641588736486 81.382520456925789176 22.453580166323089173 73.008786565858173390 91.666871840118147929 14.974860190377729197 49.099876771011182086 90.990336993973230051 36.898407412947790363 43.251177368454463590 65.403954482860015673 60.024197265505257803 47.710085520632048883 37.985100917211475746 31.875013072479536191 24.990137330969758978 8.618027634805784487 13.925192306129137165 63.550935520336224727 12.860329985324145952 79.066621947358015632 70.457795755625994616 69.023600680600679880 1.411567885778667542 7.364278544895245915 4.394899350423920659 66.528590325996617594 98.356986210135730175 81.326027600621671354 66.273119197385980783 18.215965807090970685
68.007050108583783299 80.933831964127904257 88.785417068343093661 37.144155066784016128 16.275411784646859559 16.459788697545675973 5.247720252560768017 62.279575599349470849 27.100000099530721087 63.159507173533803837 18.920437927082755181 26.560864370041194604 66.160385254773757424 4.263754936610871127 27.164550146656587515 87.717068250950063657 37.295408745556443364 63.201722199498981070 33.799081146455883129 40.653132701151385220 2.131544607718246720 83.275082741326144742 31.131894056469668897 8.753650513441277425 88.455401443166181252 76.302921169014709335 32.322654616273595707 64.353489789888854489 46.877030950122438924 19.540791288794643776 62.134997877094434671 94.182188206749700043 45.125134227001787224 13.602601019101317803 2.148462501698467086 5.776822955989218578 14.610618227262396118 5071.161376015920723148 6.881054131491109338 59.141155716939962872 11.021855732106123682 7.863608668546131497 57.300646902003443017 34.441277477711466304 92.426484937879592962 12.744029660185928421 7.758245367826023475 13.525407993920012473 85.421140866227972310 84.400657999917285679 34.043109865867457131 85.451984380832726629 93.262035265810538931 7.378572310848018567 53.224571868789190887 16.047783187776172298 72.623223390798699484 5.370780831386520404 94.520454035762014655 76.121206108996716466 91.316950571468808562 5.332399791297905978 86.901707097222626430 30.066746581188734666 94.513817676301925985 18.976385992645099066 31.519436933102529252 12.426852283011061928 37.987420632092906203 34.250008894981426977 78.910954772327897899 60.249737457492351211 73.676316135230450755 39.905957798494320343 51.638001554630747592 76.950548883730121474 61.248635202767808039 58.340659521338913862 86.746461106147734199 16.663939557607118758 77.089837167052877476 48.175371355710119303 45.024959304576391617 46.377409468958582295 34.726028772342694140 46.497285715987729304 15.569848891925582635 8.463799604846304447 93.529734303298070586 84.144064420761552014 91.216575895825798170 50.536827043005203564 62.919446546920788421 77.585733547765229901 35.988895780722600648 55.732909639524919498 61.733250453795768919 89.484573927062740495 24.180513674149455738 37.655213755332155756
64.339516377932525870 7.548402881713045076 12.823868378199797746 22.420210941810637451 77.899525580258028867 95.872754439327593445 12.979141246772421425 98.369395536164176974 32.672809878062103905 92.539928763408781265 92.989793246253256598 6.363485433230157362 83.322061779999302189 62.925111548113669357 6.616552979802330370 76.867956676048251552 56.657224089897894714 44.348337098491512620 63.717077470702250253 27.865973948019586715 74.729455508818602993 99.555488575992924893 52.026169319124413448 95.122812644954009897 53.355116419398925132 94.150016063299531766 12.314677633357153042 85.751661302931665887 98.520804175553649884 71.287108498711873494 60.364092780116394010 89.704415601893146004 65.180683224766795547 55.876925966608986585 77.119234054741852447 51.772678619398590172 23.580103735327998749 5.447035936591406724 5067.244765847656708502 52.963766914736254421 34.189352035500796489 58.736240834423213641 64.850464020998231263 99.306401235342178779 84.183099918525172711 93.298088288718048489 51.165213244119094327 20.251688523141069709 61.528013760820229550 47.767654674402628245 31.484724540897627065 5.983971907971038284 28.839061663888749365 69.373956690039406681 62.683531376667367851 95.945001887531731199 31.375946161920484911 99.492547243682068370 54.201293936540537288 90.274317714746302954 42.304035263056583460 10.193585054027970216 35.758985561783305229 84.213070696362123613 92.962740777345743481 89.121157090127155698 73.429117769743257327 54.398120605304875141 7.649125285309079203 99.503617132143517665 24.956522965967305794 46.628921374550380108 39.742059040345317555 29.868178688288445244 22.298812771108355690 79.728478245716217998 68.126840569041490880 54.394741575213807039 54.174341593060056255 12.265646041834486368 3.501132301405181835 98.582033172068307181 57.850391803704084737 3.690949198842981449 88.555489795593331337 18.651441602170532263 43.496906311329020411 77.573338412283106891 55.685753932205187766 74.585741214277192057 34.675420068396221041 17.688358643598633080 71.384139828762911861 75.802479764315634725 14.073219485135300744 87.723614787587578689 84.629445194624381088 84.581730376950076788 78.862859203892654136 82.415037259753233911
1.872296257216375270 55.925490144137249615 55.731439632619277802 61.212083844551926859 53.971171284488498543 15.980187919751012160 54.402427865107746641 55.196788666461173989 21.846498782295245888 71.402468609203410210 68.176510355452762724 15.443212507805995415 43.492530376155727367 53.743485655726537686 23.948310040821148448 10.221580947124833116 13.000214247847893034 46.901096093879154125 86.109238365362998024 70.051426145209532592 28.833579597322518850 88.735861431166810576 3.987578195580435025 46.610948376348446232 21.450002986452574305 22.507354653025906543 95.248194740706637162 52.780606130462835779 84.087970655920287300 78.427725180365655433 56.302548847255202702 55.456049733301007620 9.339445823073440067 10.620470587745515445 72.003829507581485814 47.783113336323552289 20.898450230759181068 62.796539934962659402 4.961125145181235041 5016.573137161652084615 61.205992168231084349 62.725456966355338295 55.792581349701222848 95.244155958808278228 17.317352574358508832 21.895246425244913269 9.426935274220150873 85.865557010150666883 55.588050119791951431 78.839643192547882222 84.386673663235058029 94.676020584712134109 53.292218511820188098 41.870660436528233106 62.779225020182174433 72.351396936454634101 20.437278387726571793 97.376434502521973968 94.639959213671829730 6.263019407570738828 41.927054612469255801 11.228683165252522969 68.323635341737897875 2.795577733217057492 18.890346162889269266 32.096005782368635550 29.046579107071895720 82.039353010845445624 39.579118935334804519 98.229734791930169990 81.145009812693587037 95.124085902471563259 68.988795512937173271 18.442743389719968405 17.996810671027798634 95.165557467357189125 38.349468909313230824 98.516957327357417284 65.401515555845435301 6.872685592142887323 93.072801067061803337 82.083862091522377114 44.921052637213335856 74.280740060409002012 84.256475806531526018 21.749921407942597540 50.491999371048621015 81.104090157567910069 16.057212093491216365 61.704255854034137485 9.032200326589416406 94.496478743521890920 40.836954405516259214 4.805199144510031495 50.221349103666973690 4.229281251463951286 22.784117705537283882 44.625110736829476821 82.867684724132260499 62.510192315812531660
85.206357716830751770 90.103091356680963031 23.749899513430261067 33.817336827032292490 72.940701224475120057 42.252322895962045379 95.217603008005283982 61.000853720132440117 71.479271011014631654 87.909943492572324431 98.231182805829149629 93.761999490540603119 89.545086065123186359 78.025087034615282278 59.027493549524400862 96.781681865996077363 96.422439824506469108 81.514282633925645882 80.697994638970300230 22.946899550591815853 69.249763651599508307 74.601647355541146567 70.299224352687218698 39.908820490541742743 13.026955079930711889 14.813940427347068507 5.999204225558574244 58.779133703428989577 16.878058080144132447 79.364153704768014563 16.141114047051956959 85.479745324467074852 2.204676328326163670 48.711005153017488567 52.116958006208804477 71.556779837221967000 20.281608889348181179 4.370606866698701687 40.194912686173211114 4.823028107955019017 5026.535028761988542101 18.058624250665641142 24.235502941890302964 46.090350824762637671 71.859012602525623947 21.912219843450841950 22.741896935963939796 45.189913162739379970 95.104512038118897976 17.663395523595017522 70.850881705405868161 96.228291523254199546 8.063291172035981447 30.973880957952882653 93.197167864461562203 23.609789541930187085 90.522153722911838258 84.318875928628457928 24.803604476639449672 10.282637869677163422 85.209816689966316972 99.607210673983786364 55.566283388626132478 67.517477442636007368 1.050829823249678885 86.140179477145480291 5.222673886739270799 10.860331236415170508 95.206060763984694972 48.356317772133209587 58.961865785491944791 99.223777459464045592 66.196562246265301610 86.471258697210686250 23.616576425858642807 40.233205593825545066 54.316391173241541424 79.310266415119784256 7.877672071521619301 53.903899464993408230 90.899846211840340970 75.233191951608048953 56.773293814055989515 32.129447309289432155 97.871732708494832309 17.805066834232516015 42.287072963889066557 71.278838868429971853 49.545737202257008391 21.177358384418340620 63.064328633041839112 26.066192561710412434 28.615435811214350537 55.188615949260750426 9.908178630024064404 54.166305193206945034 26.906416514050071953 41.107384149920598304 42.358458949553430273 22.223806474415326306
93.824471099795587747 75.977000599512365397 26.847929901856474544 32.901691701912483268 59.439461471157621020 45.772490518672142912 26.932763162116632571 19.370454526018882291 25.234484864933900639 29.840133835531261752 15.356244389576009013 18.252344833410923286 70.586527233211683097 42.673941871387555125 52.784383441667230841 15.202623523909664982 25.964228820966006595 94.785284463378829400 10.871621259984870278 83.580510288238542671 31.106045197892605358 10.161837527340066956 72.947395056203831132 93.836019892460356573 51.276130866577048550 76.373610358741899518 50.507329464363522220 9.855051577508517013 51.148793183356808356 4.947714617446864693 72.100170014335986934 13.082043636043014345 54.674354640064173338 8.008087048337493741 14.376942171283616290 48.192410780477167975 10.287713172050736432 34.494620261178567944 62.772490009287729151 6.707677749467552353 70.965695762043552008 5029.243306880531235947 26.851911838546136835 62.908956720300182042 57.027190845586872570 28.808729230156234991 64.483836976160858967 49.728845984917974477 74.435526963647490106 68.669547637538471463 57.193823189310307953 29.222130815800039016 25.083363602528610414 91.407830879712079764 15.840020936857433398 56.779100412910715079 81.813069021954930804 1.531541291922307035 54.132875730006283277 62.767799737835645146 3.142870382267754170 93.585183629265870309 48.958983040707074963 7.160550633149709299 12.916731324700119643 68.521321226751410904 58.728175677772043173 3.277877560276656332 75.147222303194723736 88.669603765897321068 70.153387673896816068 93.376952429050248838 99.085276621906174910 35.070649467238666830 24.986064414327010752 17.513130575837028147 87.176040177421725730 43.747582090727142656 46.481333096133234051 91.611246057443523227 76.674620587409322070 72.022700151205938823 30.650482972932863390 88.217345552552032473 22.615676118273039918 49.257963118407637637 41.246697329334807591 87.385913253609956541 41.952015197258269552 90.814932710798316862 88.841971782259307133 11.172224233988409026 84.358774634006337578 50.192529851863532997 27.428844851222958567 38.087308007491600392 40.391367733693108732 87.600534890868701154 54.126935045576551886 77.780905421934491528
15.878556383448975353 82.130536357542027304 46.487622536910940596 34.017651380379760440 23.831883745570010547 13.134643499901496710 80.462805886044449721 62.989351110638743592 43.643676553364848303 13.088924642014758248 11.311651370141905915 4.109628587101841646 93.633913874313776660 92.753010591540245855 15.299720545058667298 19.936596279403310916 40.778631175016826660 8.291900418200253142 9.272996213350502615 62.954755649840990372 4.730699740432138256 32.662370057202636531 38.127635438770049348 16.777656204394041595 46.920443698825025081 78.949571990667195109 82.560576330009027402 23.221961319710946015 47.028912477407885717 14.184090795011096375 46.341295829959463504 91.833091090686750135 17.673398550298909271 61.135821275368066097 99.691644507354098437 70.386733210242553582 77.074711576300828142 28.232421193956508176 25.645540666701322152 59.967349933029723275 26.208440681208386991 59.850902133775697678 5008.888100220389787864 63.898819303639442069 52.836917656595161930 17.525668210729794083 79.106070945033678754 56.611631344264971233 92.056202486671026008 33.541671365481306566 12.356529346254754742 47.540831383154944945 25.131417192650484793 59.418344385109989503 80.762480853176441542 90.133046198717352127 79.993908944534780403 84.901390279777274372 39.077502480748606217 1.072149277324203842 32.864000852382957873 66.830716577632401254 96.482909957058183181 38.715428935226263718 4.819702125567803641 15.101769916360993307 61.509576206256369346 39.710304713410820909 7.551432446584043667 58.991093357435111955 2.748434388654076521 48.097347636491193157 44.232231765283842151 78.529778544007555752 96.464371970668921108 80.933467767110599311 72.730028571564929507 50.577025625979359802 54.524416555119394445 45.391036081406127778 37.113922792059682365 80.245095437185398168 2.184702980356174162 13.906784923302993207 35.479637393465829120 87.647963511224887156 73.020493910635437373 13.396509145965573850 87.348002766720938439 80.695306717772751881 87.438049687143276856 15.327715749515894217 88.129574045585613362 41.218719786399880434 92.768769281881930056 85.919260649910796701 98.475263368015490073 51.699065289665128375 2.350894920583686432 14.917150367104651920
79.324064625500398051 16.570600752263377586 2.176520147695702345 78.576980897957440675 4.160877985574178872 54.220734407973900204 38.401990491554784057 58.550592557450116260 90.677554581885701168 74.861793175859162375 53.275294051641004955 90.449302952737312467 27.795376914571463089 95.271979552110906297 53.358433605969217695 83.649322846282231581 75.000562387882212079 58.177094001337252394 95.953162928936194476 68.436962699153909284 1.020372827027107965 73.232008164553150209 98.953018147428181805 57.321465851519953105 86.186969842170654488 13.903992689062643962 97.709498366376536183 34.284679248445137034 76.929911547695468244 38.094714333027496878 15.837527211611769573 67.480941356633948658 75.328243400315443523 79.082284800360369559 84.476114655326597358 45.234419960654044246 78.564683322223856976 36.745157299431440379 5.604869010422969033 86.246973917065318460 31.885870021871660640 2.560917354676533808 90.986995651827029974 5085.394012237479728356 39.684412313067802813 75.631068273882462449 86.589139886147052039 53.054181381606319690 34.349020138109153777 20.960086357742117258 53.598139511404809809 80.865997638561808003 79.607380893201522554 61.749238738554339534 47.420598274594397026 19.974516512865658768 67.761993739083294486 26.522755685334846731 71.728652822516934862 14.296619705428748048 27.948564629976090146 36.971414647111529916 24.403138738073170799 97.220289741169693798 8.385006772047194801 61.992156965487801301 61.491844862457675447 34.866649677680747743 91.255961144601556612 89.104109275632325193 25.699278851291900594 46.009131983579813152 49.570063159499483163 83.283463750492813915 76.833888255931782396 10.841025641092038256 2.651036711555700087 81.182225102545714890 15.492034331544916270 70.439862288668408041 82.047777325391820114 12.395180368423154960 14.565578005636062642 85.352534719387534778 28.600153929539963826 89.256031271323806209 52.782809131615323395 53.398829092734025892 22.978764458392152648 69.686449077899752069 18.747836842462184848 86.798959295978221462 76.480767350941349036 57.570826384168441336 32.096721699046099729 45.217410063984381452 89.962194556085904651 14.818085738547473795 50.052348909314829939 62.216674609219950298
23.186213419409700265 86.777076021336512213 56.172246946151020097 14.891079304804650363 15.937840238816562533 97.381678733733082254 99.365156309952354263 30.871852254276383576 24.467415179818861048 17.338048839740640261 66.966342036820449835 36.356125251953173461 6.319615023834510126 60.270869728240043628 93.588096197048912472 77.786053807019101214 81.382637607032535243 8.511326341100627246 32.359822042747765636 58.773072854624700767 58.649161483962295449 96.994119340779818117 23.884571140324798222 7.574618371309486342 72.311041844002517109 58.325724849375966130 35.867950727214953588 91.012256640899110494 19.925863159929779300 55.001926309971885587 11.947715853291802190 59.006241153975402369 62.001860676315935450 26.852595342203187556 45.054591802926154287 82.476943265844141706 82.744077981357406770 63.106817509016210010 67.236022104717648062 78.939646319505470728 16.783601234596609686 36.319430334459859466 73.664112649251109133 91.475319459871016647 5076.856288575867438340 96.766777517464930725 7.440012906995644215 49.972256518852752549 17.560220878951181334 54.349188417573088827 96.262346278367886043 28.479097622131394729 45.112059392894693133 76.237575080180931764 93.847959983926429572 76.340028292310165625 11.393545195009290083 88.199625311348270884 90.133006992745833941 26.607430268096710080 26.219419745061262716 28.057987377890285074 24.617464954906278507 42.441078920554289766 88.999892287794324375 33.240328722654673754 96.451207926549500371 89.377991465151751527 69.086045653615215656 13.965831042015874885 85.697730221621682745 90.793732936338685136 78.685670451780907797 50.350138766967305060 64.067683176645587650 10.313522953828101691 14.918328929845436903 22.340313854269982841 91.602983566558222606 94.576853324647728982 27.441428141368735538 70.502840433977297607 27.258396851303274389 48.358643382378232900 58.495965093087058051 84.334120373669193782 36.913184124609095704 39.565533460252737541 80.381324836244530729 75.771892174159717115 22.513243631297871872 28.007923321726700294 22.147282454499091386 43.900118045543258916 99.785551841175490040 26.287238883925500232 43.071211188582232410 59.323637070013489847 3.994874788273198529 48.420948071703790561
27.207506256453477533 6.822733431901232493 12.448293923283047846 71.677210626026280238 12.347781454960061964 20.022993932300138908 84.703120756736268504 50.041310085656078854 93.225336175136831685 90.999390422945452883 50.352397594871135311 39.128402417182833517 52.527097377170690606 10.609714669208258897 20.508838680481915162 66.243074620767117722 83.327850532476972489 60.828085079181789752 43.203684233194913134 45.204463219830500975 28.675608421282912985 88.589498134697180376 71.596988419948431215 84.334489476444005618 25.170430716838993135 18.988147063069671816 41.463617816166035368 63.880826997470229855 45.299876256408303732 32.144571710581004709 98.630606005928029845 63.953469590668724720 18.504619215187094738 84.408002442583097036 67.750625978846201747 20.131056940905576624 51.225105699924242231 51.251831340301897910 56.391538053923419227 95.559154264035271353 1.562158623505991883 39.732530176964068858 54.923603544144725674 8.695905055408399420 16.041142462328696894 5002.697271151240784093 75.201470355943044410 31.218047733020242163 28.979372052231450851 82.414386299415738790 84.818809246522704370 66.276776054088003320 21.868237747649448721 49.620962120011398611 94.485240577464026046 97.107087336640674380 88.974657793144615425 88.419302553996416805 47.183412054756523446 62.580537277355624326 5.850667337422875036 69.539519557039113806 81.946792351497691698 36.266936773342095535 88.376465736116529115 6.625433220824791469 58.873956950108016883 12.093585961710312304 62.153951449976972299 74.277934869204827351 28.331277607595243495 54.936959778043082281 93.995846798718730497 82.999936672916334146 85.446568025293373694 84.480678356185890721 11.870189128385643329 32.556780551721828942 47.827356889356302361 75.889316660502942113 30.798814895580989059 34.183134542693586866 63.433322473480579617 90.247339313097768354 49.922370239802688729 39.767003837885908979 74.997736506754179686 73.171533721218267488 60.578630537415570245 4.193754861518856458 76.787695967011842413 73.796624264431358142 79.601855924322137525 86.812265223492843802 54.794304839948182462 11.425002171967857834 55.036903726927960179 79.132545605496318331 25.561654755264303418 76.541497314190692691
94.430339152588658180 98.625702564373369796 72.760637735864492015 14.864790073734811315 80.028285328554900957 17.337542820565676749 82.112154699417800430 74.443222950666452675 40.326582795645023793 32.570984010253340557 71.238081151901170074 51.387729977751384070 87.207331660686065788 46.443247685054195983 17.951013429289357504 14.195229085290957727 55.260693536697587547 21.211731735916256270 63.084265438269184756 97.152979753527660023 47.006904553635507682 14.447206254424575178 43.117208939946948476 41.555172071488968299 69.279890278965126527 35.033611367588825658 12.572939481842283271 25.969959508717948893 87.089300211958445175 8.976859321795998881 78.667753652496472228 30.942256840932596873 72.896099236810727007 60.609788622278792047 86.472948682159838540 65.556378978476800512 8.361188021314353236 76.362874810742241038 12.298881753045657561 46.602333550808637597 63.386699374823621156 53.054422012747558313 40.102220612701700020 32.639409890888963162 36.881750119746953942 2.800201559759959213 5013.136010487113708223 97.891017181942387992 70.252645229867908938 48.920362349556206993 81.847672490062137740 88.855136848478920797 71.416772908224615435 90.157275391462846414 71.407198789940409256 59.237407132823044265 58.428242542137887483 37.750594453266572259 46.937658881958554957 27.623590171974232277 59.584279176790438726 7.860815319945787749 63.875306993839139125 61.319872586396108716 21.760920508923600636 23.942677911259814039 93.218209487239661826 23.774054387156340340 95.836789931367206918 97.518609147142967686 86.969987188009483248 46.576791138491223876 6.610815976073384448 48.908649024946932116 44.961525518576209492 86.358772652866292674 96.397598391389294648 44.943013830737065462 62.905548684684518435 12.493798311390500899 52.003180351895707645 38.376048376686419772 50.912605732579379492 24.591750728278469751 51.618793593965691002 9.215780121714553630 27.605606635417167638 17.051216469174555357 88.675201487155220548 97.760401642343722983 45.327075709278844329 71.364859655757044266 96.347164591743293727 18.309497327154463875 31.362383045837738393 81.154632916768960627 45.398687492605361626 59.013959511113476708 94.719802039953918893 78.464030447544217850
64.423448724514742025 63.010057433357019363 26.586970833368784639 62.192564069882294575 55.645353494167480335 80.348203521815165118 2.152005432219525005 4.553726327452605638 74.718051029103918381 40.777760761590485572 94.968147571653730665 68.533326234803098487 88.552233041834242044 6.376771361926252268 6.223021241248677171 35.515178354537191296 5.657158656516481976 16.100971388310274079 49.493054307890055554 61.071813406166526761 78.536585097017180601 26.072756881154962372 47.299860087441395251 91.439340578037530349 89.209289455597598817 22.756621191192561326 27.928243485006696289 4.718967264646444448 13.445742555920144667 1.120751788585360398 67.957533455715250170 1.224179092833207250 29.380258672866041536 84.591919689466038790 86.475471926796316779 26.363818466758626613 91.999054789114438790 26.540952954961444021 13.665971332242428105 72.642687428939709093 62.445514579512668263 42.192367545354478864 76.516196540398723869 2.647428042398083825 86.836168734233353916 83.924246499811786748 60.033779915909065039 5075.729234551221452421 87.845979852551636213 53.115574037428586962 62.844561275465366634 15.878663727149938012 17.340389336830305922 80.461017307160290102 59.782449053347122003 58.059790556754194313 62.132089062655744272 31.130145317656552351 83.692375370866528783 50.469325265774187983 47.130009058083288664 3.759427847172844395 8.538013806244382664 40.667560115179554714 6.425450838923776331 5.332279780536012481 57.701426848289962379 91.366802119821571182 33.823136124823328430 80.093426312993045713 6.318437281915242565 45.759726957806321934 11.790935864017079382 37.961452071519623530 68.680106168281113810 45.466596141226084171 69.094842918132528098 89.014986889183006724 83.071256875116802121 9.300409987814122204 44.069915883211940866 8.383338606464906917 99.481431767146432321 84.532445141467263738 34.395680027799791389 11.366750442075824523 56.835696404969773710 5.556353522934664113 25.800750507698790415 32.321130623433390383 71.045482424971723390 22.932955586073354937 77.199709024030255478 77.412789826286143580 74.753198769748109953 30.566667718203618165 64.425074122864913306 31.664877957720374724 14.704788937670468130 9.105013111836701256
96.560469818443692702 11.592048228274874688 61.699686513168849444 70.339667174638663028 84.706331821973790852 86.980284836098576307 48.381024730327474970 2.597762013507836976 57.350067653535262480 43.487444131180481577 36.903482349425637210 90.008622141876273304 82.995944699969413705 60.991826890831355001 74.489777769581692723 76.113206277210878170 43.373515421209980047 11.107346886552283749 83.516426077662259786 88.469460498683403671 14.757073764067230925 97.719861013072275568 82.079963042973190568 96.162722452291149011 49.931463355327146303 48.359002286598112619 53.157782166702880033 25.904182473180171087 97.475866323969256655 97.607508660823995683 52.643897089214014784 33.801265660180035866 79.837449073913717257 47.553873496922378195 14.224599668183637746 13.127807239488943125 63.500863161627584930 68.011404517350641186 80.586373127244485204 93.519374522794024074 59.660391090427623340 86.783836406585322720 48.263167242928908252 57.874932418228645759 1.017288737822121147 52.281014231779636248 2.666938885867035314 47.822387011697465198 5056.978586602300310915 31.040797357072388962 41.203248902681956167 83.901968711216198926 34.213824711890694630 95.369785630076378879 61.561162500090340188 84.636870235181220323 16.851146858127485473 75.679160650412157452 92.876193533493832888 77.122033083589144553 26.307856238312265162 56.686998367521631792 47.177333749438297161 74.280655929665485360 28.522860175903883118 23.844068477680600893 48.187067599480187141 55.161918213825153146 68.479416562373529587 90.136325812288461634 45.906747091420491813 63.816999848489338376 47.174535899722002341 89.992934843836422942 25.309406640641636699 5.636854517655305763 70.651400358586798234 63.410617187243673243 13.339477049229161665 59.330325898267901152 5.345281910036659312 25.759285405046369988 17.967860164436867620 70.760189282827283819 26.531456403998745941 98.572503375968608452 10.509691340987181718 9.393802805143881329 98.918509410959416073 27.092568871858802027 47.899758874163048006 11.772228182100869631 20.891335415648928375 83.776468587982378722 28.314122482230839495 58.817793880371866067 47.692329363498579653 64.520355823364383241 36.980155548781404207 61.164973511733137457
86.659809520498868096 48.997290213146378335 85.419479245890002517 32.533571762394231541 53.919227016842441458 18.320544074902194609 37.751780568595115994 66.526036542897898585 38.787317738336277273 72.078403179739581219 85.444374102606786892 83.519460278297600553 11.174969257050776150 85.779231964203560779 30.474302727196953100 99.740391000681626110 51.412225522492072116 32.379324503494480325 42.627825477752608663 95.918467217954372472 91.637736360678900382 81.466049845419789222 19.569996267568942727 40.067129880281470378 95.785435016920743578 13.231217586542490139 15.246528468352586572 13.429220544939230564 85.568903468867816287 38.735750059834202830 6.685664265057072342 71.980491216840192692 97.242314882703993817 51.117009699842625992 45.123816505490019324 35.893991056797290184 52.111651946634346189 62.508340045179238587 92.122030074399475552 3.491574538068689559 71.795512030946653681 15.416664195804237636 70.243148283477921723 88.193509578339970290 66.422981297160490044 99.800572584608929105 27.974124882692692040 49.799108931035505066 20.005417298627996558 5069.212928034497053886 90.057341507831139893 76.981992148318468594 22.661725400324684188 55.721234932200800927 53.842668432474226847 15.325427282819436670 93.321512363574612436 93.089182255848527348 93.822032519433861353 60.902971083302205102 76.210502412642753711 14.899800313402391083 89.701109910247055268 91.561629016750785581 5.201046985351465146 9.453386053915096454 97.250750523644157397 74.845100208943776465 52.819029315160769045 19.922052343457497869 69.221246170813714116 25.070900481156812134 21.005957731661577981 47.260309268221888601 25.784302553324010887 58.947058732823890637 19.253428865803723369 14.356720919823084515 34.749101399452548833 21.464864660870251356 59.690989856498639199 61.131273484889462111 88.908930102046397792 84.492174936653697159 66.069456426843430563 64.347777514834433532 76.558417558557891880 56.935564873565859045 72.198359443107477773 74.246165803274365658 27.337391025798911670 86.201358913818211249 41.012083916242588089 88.209819546111987165 89.533596592775197109 1.669653056606554387 49.643279876431869013 70.151520836040589302 62.684011066656772471 32.258520563113847857
44.160156853745100136 8.256114549795206869 73.937474974418563534 61.203608061516909800 43.990155163772357128 15.802501002048675360 81.704078306650671948 19.678527250842513752 68.427845312256408761 96.505826155614911954 57.345568913886857842 85.387751364437193047 22.239102207195916350 75.680088739453395874 56.555005270272971529 78.720797966937041679 67.777600509445221633 1.726755716543840080 88.821586436952856047 96.737749190126535836 3.721007900734646601 42.391190233289151479 10.327842269118860941 37.701286315438473196 95.732933753827595069 1.385447734529283270 32.734696395569073957 61.905824933457168413 28.235097042483836560 9.402718114841707830 11.955323752470855325 37.220022184700205514 83.455910382094074862 76.658609266163324492 82.274796019381170709 15.645829049969819380 26.821146036737374629 97.825848594071544539 23.364605618735716064 12.490517512196227301 41.769550989463510859 37.513454663965703162 52.173184453199745292 48.065012241645291624 58.237721196691182968 44.346999799252188268 99.607298719251687658 38.707925744092491982 76.852029892114501308 83.088979894704436902 5058.199295525464549428 52.001434483198032410 46.399328839929857793 9.305498707894775734 99.106887268533853330 79.437659083215407918 63.560632379802868286 64.062693375638303905 94.429875348583735217 95.089621765925315344 79.064440214506134907 56.182039352328587256 7.526724451004616512 12.499180512177330726 19.427940317834579531 27.786299464866573317 7.274588923295285170 50.906994787351692366 76.241755504182236791 64.389758143689562075 14.542496179110820265 68.198247085192974737 85.323863827590955111 38.946548072985578415 14.547772422877091714 42.488810753749532978 50.080571214374018041 8.029897193463064298 51.930973215349041539 94.704936328986093486 3.153768930287120575 56.360218695879872541 79.425058816053706323 14.944333748505796322 99.819702086409449748 39.478198371087593443 70.583586979495066771 66.288564670146371327 60.343902644718944828 71.797000378293716949 28.681237829507686854 38.266826492749117961 88.479490239322927891 65.812566885242674175 67.108106470351799544 74.551064896367719825 8.070796140831909327 88.557190686046837413 70.038547571230097333 9.980845932129213338
53.876093132098908711 50.085405404091311254 5.165906071711940939 24.559000827023933056 19.247909165123431308 27.483208568532987215 37.779898244928375561 85.143978798002962094 24.535225935708883327 45.808168754771777742 19.435338887593729851 34.367923170617160622 41.577509540569913327 70.511239327279355393 19.702159360304470681 57.410414160597568412 19.490060075013403207 69.374205309479236803 32.965867750395219105 96.315744503533792908 20.980407929831478953 74.505922225832676986 65.622617001898078115 50.519540179147178094 91.780729996536322801 41.530397215385036702 19.738744284090611103 71.753854615965266817 59.997872583204738817 96.612104204228572257 35.128100377516609854 58.755857764755432981 38.763187268950339615 32.082836499638602845 99.666848020206813885 40.094987409335708151 92.875106123296660598 64.996256750508962341 68.838653330520955365 52.123428770495756623 79.258491866008313309 25.656491465359248849 40.762696751986005950 79.714496591399466752 67.433752546811575712 52.884928694255535220 74.484367912591082472 82.798640986595970048 39.141604523043014296 9.635309477218781282 49.493665356179270987 5053.220224704604333965 85.086670385924264792 54.689500057211645867 27.538322164715207663 10.406456750827336677 52.723449090576245624 15.626927550288703728 4.586998405299866910 19.172805488639667715 54.909573801868482690 44.919884868932250299 98.362039519128558140 15.508882829486790200 86.349402813308401505 30.061336201120127498 31.800727183008763888 24.778901563583744405 74.037865359955588929 22.157864188298233898 70.173474781994983118 81.306127601528146442 25.737430966394629905 88.604209372142634038 26.894182237974785465 42.823247958978797101 90.730602216033830132 53.394713044153341741 44.996974024682920401 97.564380819245926091 69.064640496600063102 87.187095937429063497 14.732280411648991603 40.889511500856919213 10.603647599552957104 83.142742599131125303 30.171600419891536404 34.406933682133001184 85.078835589452168620 65.222142249944425885 7.754646382030935037 50.708230741190249091 15.504770920007489465 88.966310187329384007 11.855788796741066449 39.397503056907829944 25.262540696283561914 44.144827146686523633 48.757516208894287502 71.476268690647216886
60.268007829809057796 95.843840093506500466 73.723522407971131543 25.049675139673336588 14.783050198477612369 7.374623719843060421 77.077620759512853965 77.944372372923027115 32.321172798101628132 40.801851286922911299 6.094949723708646516 54.469697603780446116 7.767647520834569441 81.650577024790351288 6.290916967928237291 69.510849151899151366 30.597016424679608804 61.931247956494118512 8.125805729507014519 67.580254090049393767 66.741026289487265899 50.621526895169303373 77.179842446159284464 4.220103189523020326 33.206091504320369268 50.340486954492334348 55.525399947091564457 70.907347831380050707 7.552975079501284661 17.077875015098655354 84.157976395891935795 15.228204347983581357 67.170483724953101046 34.180816961603689208 20.487336414792075345 63.844672353750745231 81.842478529048577229 18.335271393522425853 29.909779815621018173 32.422159658665336224 52.349131707098266020 36.373561598182121202 81.112724594767144026 98.830927274456414011 49.264639589658713703 12.345986235418827448 23.183645864724407915 44.490964678889980632 4.726850555810587551 35.161275632388679924 5.358718834134903908 38.885040208459102473 5036.097419303454444162 85.190284157645223218 72.194015156575659375 90.037149352763293564 51.550288706463987864 99.177264542681783155 35.446506637160354103 14.910792896035220068 90.676171976263248098 42.117571671489940854 71.673068360066935156 69.430830820563315342 47.503807648586516166 9.732701596045956194 23.126552090296250697 51.895838183478183225 93.493676778201049160 16.524749861893027969 87.750856815337598960 24.368855728749004186 61.939452999598813676 80.555143964442976312 85.367760882618853202 47.808386220313757065 83.791345157388761322 70.264736450072874163 56.246465119305163682 42.597035330913001872 33.324328902624834825 88.091345136018787798 38.007560625263309362 25.855020775457223436 59.098587502582006437 29.902110293203243430 23.369834517117748618 31.614101817806769645 14.994597513241329167 16.398347380243819771 99.910353806023621814 62.052602195638961291 13.107100787380352003 64.212464041612435039 49.451208720124412821 27.225346504669701631 81.523028580057228965 27.871110996038666485 83.833093276424889950 42.074537679159810466
50.899851450260094055 74.983265251984207111 77.759528699320412670 24.112146193607806310 75.857363110890560165 16.770013454593502900 12.517288426722066319 12.716219339543599176 59.520869350607220838 81.254755866542112130 28.695911974087440655 84.670493797869923469 82.659844817799609018 57.786123231843980363 20.429008274192572259 50.370365174706556388 51.763333678618522526 6.773935017944967107 28.197272382947708991 64.101161450284408261 12.073149248979115455 40.624592279026998654 95.092220832800322228 60.046915957420232246 47.902451714455615672 16.373570881608294769 41.717566138345205218 11.281741273479878984 16.877620537455477745 26.182139230517428530 69.524244749111815622 85.577585914554873625 33.153356294815097272 5.743426675215538957 51.655887420444251745 37.692124219104442773 61.535344035460610712 83.077034229243892582 57.434154958363855314 82.680260185724137045 19.860877010449655700 20.973746390131061901 72.096708097510116886 57.857855991992721556 88.499908946032448398 32.414059197880803254 55.428944673487109185 64.711743969420723488 65.079687317981850470 12.458981984229884787 3.859793561169542198 87.402532724339053516 49.874221175947333506 5018.090092862193159817 5.895079030876698489 49.357022460860761726 95.742446277376657804 54.513185335783028052 56.316464324631610339 11.558267178627401606 36.624703471966221002 72.812733969626094677 95.167347513475647247 62.133793451352580917 69.325442113016805479 98.077901709092657256 9.596007622399804760 43.524812420407243962 94.032259463883832495 25.941954137476717079 35.137120719624206799 9.653454430511576589 21.064422872372823292 9.448141291586042101 19.892910312900802694 93.848041129210116651 88.727668904970343533 50.678772506608432025 10.407157960390692963 6.806179473066180208 62.626050872498133515 10.918598029294598106 54.821825016569697198 20.787358711238226761 88.716731299075121342 13.758088996208705623 13.095203538041019442 37.325886375228286340 18.990611081608260946 8.468694408019764808 21.278835259892108667 83.876855531846061353 3.461215707699928590 37.227121965478254140 33.227148059143026160 93.029701108996732728 12.709518677330876812 51.584708361517172648 25.357628555050357733 63.196010553751982286
59.195092668419206916 22.412339550717689463 84.746437763785834818 2.548745113422123065 30.351571798900085497 7.766020064022908898 29.469465089398497071 96.056360283397125954 52.940612341240409933 56.883190879441762888 51.874927754270778735 7.885878920090735988 76.424036324869689452 15.621956649013478469 81.482178395817527417 73.948242437811558148 5.505466411817899086 77.960154853100561922 46.639352780462985493 74.397146058298943672 17.153426897019325992 61.817083412635106754 61.315483418948730332 36.546136971952286387 94.209515219950532128 43.290547461689115494 30.046477596895300621 35.569393140367239425 83.048412137758845120 49.433795886067869674 60.057567901757778372 95.458090493083219030 83.373913403177908776 28.945323582244661509 62.532686801583714953 47.002934463475334326 23.757625891971976273 4.554788267791785472 65.864269581519323538 65.574376547117964265 44.853845627901648641 82.096978763063944484 64.841493853188865160 84.389484721016401636 24.627992550789056025 6.197170873261283575 46.941505951688135667 57.835735647571837603 21.120966209497787247 48.234782781350872938 10.667546742968561091 45.704597434123925837 64.791640237307575489 37.294717196666013592 5038.572641153865333763 24.162079653380224897 49.976367135350500348 65.279038371151230535 63.472818643864513888 73.524202892007494370 4.034168270062471251 84.623645656333096099 25.221905402000576402 66.350175380388805024 14.353988843761976923 83.322829342712708467 99.950460712079802761 38.909241175967942183 98.389702913941761153 76.983112258809839545 31.793587949276950866 92.709255695075185599 36.616321930484140523 53.425153824595142282 19.740253111327302094 24.645662103267600429 39.990902099552243953 81.673682843676914445 74.726776996488538884 9.525998502643862054 79.159204554748157534 54.519950001049686250 65.145467202231685633 99.184404069997910369 26.251213867226223186 91.646692059132263353 34.853995495020875239 39.188952459096704217 18.374148411317182905 64.303010064888624697 24.506998552892902410 30.769517728673175583 14.647774748199884343 18.840948795604703037 28.758937355701277738 55.268083033439552310 48.216247415166591850 34.568605706798393840 45.115134392086503112 71.236408693498859179
92.318644430961100511 77.846091815535217506 43.802654125532690443 91.843231930938571850 52.125886924868709116 13.982984753455450999 79.564953722616749587 2.138710066441195323 44.064758502508162508 76.818021979143296107 36.656985915895162975 5.343004607050273691 85.827380502819963226 7.847012323259201949 13.896187163351267913 74.994169092367428675 29.189549153243071089 27.535183948885737948 36.652113895954201439 76.867503075465037909 85.149189368847743253 20.950361663240251175 85.463988617359717637 76.361156980766892843 61.134440978615224083 73.619968185782397541 27.987982148872877275 25.166699482091015483 58.971613913041167621 73.145607509516977984 33.404625891070942600 26.766216666530119994 11.001321117766934776 66.512674675565733651 60.425218647425019469 96.954621312489209117 58.379174904749710606 81.672484349706678586 39.471436951667023152 14.406370029489732332 66.757392376763348807 73.940395056875587443 89.903027214661207722 73.384470342754610783 94.861093038347888751 89.872108920904452134 58.074300758316240945 35.163626032418981993 1.384228610010516558 98.997512498258416258 78.631779546263814495 99.329563359066341377 95.480395314667276807 88.327667172194367140 98.665154181031326175 5007.917774330210704647 11.505721577399070199 33.166484102322996819 11.321812284607602805 56.191409701517436304 64.373389454379861263 89.184137486691852814 61.392780968912994410 98.788320263461471882 33.845539912605801192 82.776612431936854364 22.830847101611777106 40.293454756849918397 90.876970793089824951 50.083396169214594806 57.639236252764419532 21.053225988849526118 53.773486867691623559 91.510401113219870695 9.302300699229498093 62.085390061317852428 87.865105880661459992 56.004968041906799670 17.376755709595371968 12.434656959283330480 21.970535280233068676 88.264073563933905575 41.558864405994654589 72.369171899397983339 87.635034742430079291 19.719677057808667087 2.128035970936163146 91.038202081971817847 71.246712136309355401 87.857137560764314799 54.621581917598923894 78.968038009596455140 7.181659319090327287 43.095550035856724946 57.597626712435776142 5.715275686898240615 21.704362149548757088 17.791121456146232305 45.339376496967943808 17.396099676126308253
36.031803014108646721 27.520005859900276590 95.277454461430977517 11.453213437188358270 94.080211907485633560 9.296520965859626173 48.394634231693714810 55.500231834298027422 35.684351561114013407 94.244131713227488945 56.336654964496332809 99.929916188959367673 86.652149583517356746 92.850715568639444086 49.879075928206702883 35.002473374731359002 88.699049388622412948 39.062697744245667764 1.778203716717628780 77.239669874082295564 77.105981913744102485 32.160446241524226707 10.191502049169747224 88.737599218798322909 40.366336583995817477 75.907422058548988275 97.449626608630694591 19.071738704887319926 92.790271080351374167 63.095476861034036631 76.789624146297356333 17.175479320126910920 80.931713053260409652 60.096915811361256488 70.914909971882323703 42.379172648573693039 29.700825858619364084 23.504210663887349142 10.567857748907446336 32.802813823648619973 8.745291576989433935 51.239218197275206990 77.921228605189980954 50.231969215848863541 95.157754159830020058 98.149498146400219412 35.027387720311388364 2.520359059524338807 93.725978989309282952 16.843999671650877303 9.505722280943036395 53.726822347940490943 6.166989615559012705 79.736544411110514829 1.560840142446912271 20.010098968864060254 5027.112910257338626252 3.871491267435831052 71.854150780002555621 18.771142092950679370 59.164090987733686688 65.984034588984172842 7.815636294502457559 16.204625649230742113 64.733077936118164075 74.043617134932034674 46.253737201810331214 20.115827334563171291 57.485056219118511933 53.071544349506929450 61.629520437905121355 87.506816441644346583 93.742264363419835149 39.638252916287640915 77.809350963833253445 56.590895340521491619 80.440544996932942468 87.993801384200139637 23.003055139269488194 97.657733472888381243 41.762731024916703859 94.667183196114891075 24.148887911513757132 47.904016148026776989 87.351553355184620386 24.862713698324228062 41.023815845991919105 61.466075075390229188 83.147959792683508340 38.783712473597674375 53.826608862996934590 1.343944237553746923 55.448646694923283462 55.292128105540918170 57.740631928349579027 67.545719311817606467 92.437305087491665745 44.096334408335494004 70.391215384172980407 55.980852306063681567
40.238929617523076843 29.867835235635958213 79.341513082679171021 92.477001503564679297 61.340226100261681097 7.147835115874050516 87.589968477893151544 16.354851437016915128 27.691738594695280540 6.922093422120789263 52.053939287401135516 76.846192219578128402 82.695876958213986541 33.871736212024948998 32.977505496703585663 80.169142567133718558 44.012408142694091850 58.719687844625383377 11.780300392838523038 51.635279691135608005 53.305046510875342847 19.181905720628808609 53.226742850983733035 24.231113732541874839 50.777147634522101782 14.425856676053903982 82.367964262733138980 63.126380489610305347 97.585006676239018475 60.812855992382907289 95.881059590239829049 19.497589062249733871 92.260025239998682878 28.316832744440446845 16.771134406481689183 29.920244314647106876 97.295560266578377195 39.473981289452808596 53.082625502557910124 80.961086064725066080 14.216888171575183364 23.299304018006392170 14.822958265614472495 55.365249260266203635 23.988397489152259112 63.729227265475685726 13.167736220556747639 10.346901128729550479 70.292179249869576552 58.927827997079567979 57.531790579581993939 82.901705931905027569 49.573402359373858417 5.833428495326585583 62.632903954453475137 76.003465470243696700 60.947009777463627245 5092.652461445804874529 31.411626629001858646 59.189901172514780114 67.878316508039560517 63.663515456345031396 34.057427985578122787 21.572188879541350559 56.846574367418874374 12.533707827865915974 83.925495788796780516 93.257287977177298899 44.144166078398946240 99.289286852579920151 68.158118473754839783 93.510759898934551870 88.033789076125515294 86.123352551528299159 71.963128607374713397 23.982487180740019284 86.521967516470411397 87.605926479444747201 40.623812380322583238 94.391407948249678839 86.166969913125825542 20.892287928008421716 38.410004181186060634 59.852832126389309053 40.000841008038527491 89.206714777393500526 45.268362292377226197 43.649173563228089279 13.259807371831678680 25.235245864625788670 16.075320028044409071 69.579290405511926565 80.796587309098626406 96.595311254320378680 84.230031251136836090 30.965025364808397512 76.217949736770165714 35.525510001719922570 22.191062582653852786 29.780209013727613865
48.728994313936844662 67.654750686243616542 94.582802785746252994 13.964967629385368397 39.341453283027881582 89.728053861783365619 93.286708776153488998 18.649715153400830303 1.921485858511837286 95.011972885897762353 88.781400903416908932 99.202997010546198453 23.823468085639586178 84.396966157156526833 30.522323974565491511 33.703716383566316495 18.770006561552662561 52.652097613259968512 87.951325785373740018 54.289940274950431842 70.267233363360873000 8.657293136574789827 5.694395711529322668 33.598141587579370082 43.519609814505407996 69.621615599240286087 3.194548028671320150 6.339465918848266490 20.273674797278452786 87.639321086097851321 79.184187287864290283 59.080717393958167349 12.550426499466480479 69.483306022268578772 24.985049579365721684 29.692762008978686339 87.593157510391591813 48.404446484337739776 65.334988208187667169 57.913010592653783704 39.861682482249456427 22.822753233243119553 78.229887201710511135 61.388839924549550631 99.659360098941931483 6.258574750970453238 55.086905521026885424 65.061924064759281805 51.537654720351135040 35.608961435835055909 17.490626380572560805 47.313911785714971359 12.483404846263074006 66.039065302250108402 9.790843289338265976 76.098553609488220673 3.306007169993452344 50.956794268705522200 5053.241037188239715761 89.676239632193883722 99.200614973470521818 56.833924140573067518 64.461723629096454147 85.094903228570771603 58.922889805495231030 64.103140810101365332 6.895663333603524237 43.067957126829398362 47.361115035311442512 16.266170867687328894 44.376511025755732476 61.390821955086785522 4.554401705463664740 32.561632999612641015 3.410877467177791722 14.430851433165052811 10.195412148763105975 21.504217072160503932 20.024803406793413529 49.663079326697577187 35.765339763518163352 86.048459241061451053 14.241544722478158391 81.481940300745534955 25.722524917305054970 57.863268350364492676 96.605557780631755804 90.066958969730364970 49.249313944970872114 43.777496570468748871 99.099812686558806263 94.874692725199039955 58.097948219219340160 45.986801262583306027 20.134904875985707662 11.521794418823045447 85.435303669963161610 2.915905014465991041 55.385532643759944449 33.264542962974630314
36.439293394127595604 9.967061635848223133 10.014940551565988613 53.886914653866682556 21.319307884675009035 74.348159137583706979 29.410609218777509000 64.069891573978225097 84.780767460292466353 98.712411887054415160 19.834997315021503539 27.313961828688558597 40.973581678733040690 67.498533496154379918 57.764859770526499005 18.974677354959482045 8.059642644363712805 8.732033158509931781 92.647369731598644194 68.777784972162308463 15.108405087799152255 32.069941055367507943 57.009424034855783248 52.199456782757366113 62.344809451902868602 57.661597157191870622 12.833331210166516456 85.697598359890989173 12.005067795765004490 51.132907241584696578 78.049970446608924135 52.133238645061190653 47.749480987781900865 48.619637903809056922 17.436859256969512444 6.553038052346628284 74.028620406266924192 94.965224291011892888 65.620082864305317116 24.729442663013792014 31.103937333224990880 11.164097388868725602 63.594388872856455919 47.592867181424701073 94.870933888302886317 35.491310236876820738 72.863185032231086780 71.809151000377454466 95.169822644226357511 76.245509565469419044 49.953581354709456264 63.665940351079726156 26.363688282005764307 29.386713491878644788 90.750514797787161569 36.305112138576554059 93.052981811662064615 55.918257679409173022 12.926009722603065910 5025.205285649497454870 45.445763590170265900 40.290315315106617788 66.371344033860211198 71.551724332662843153 39.482531557406176148 13.648752818760447880 48.679760694549486288 2.728245012179227658 35.286524951958355700 14.962983039136640073 88.821187246135778537 36.483872590769529154 38.255236408673241044 17.285749775303916209 14.029550613125316261 22.664264198473269118 70.733328357484495541 32.912397512351631690 71.506704853262760935 39.228045831727293091 72.235756398857574823 38.968112144825468590 16.254912011041867004 22.303780164021834054 75.310354306992337570 28.325734334694384842 54.763407832185137636 91.067714451059572411 15.188416864985793353 91.758000848123060678 74.984944279886960317 10.873658925168300016 86.893714736331020276 21.647740768275021139 79.636319218165127154 45.161995014019431949 94.824328474206723172 67.592543153939274703 45.018812598204931419 16.110020350327985739
29.469693748391392774 7.200347272186336411 12.123104688590490952 27.095187892263080442 7.979822662987865911 49.925294120098328676 70.276344438867070608 27.085472301545699736 28.422127500898760388 26.178443812356352538 5.081320954844628091 72.966564749601118933 13.461781758538021947 65.880302967519938306 12.071010656124791183 34.415917077373286759 8.532720250597520817 43.460819492729633851 41.437884452805292312 79.387449030169889852 12.079765827945131207 15.365064332669284397 65.374266435462004665 63.854464735103626083 60.002872672362201456 48.795043687116248066 78.791750734291980507 60.805843021388426450 32.527516494961844273 8.050126847871005964 94.762893109931539470 82.033485281042288761 94.439041679795536766 51.057752685802270776 81.850526048489328446 50.007583267550863582 27.787416498676776655 28.553076234020469570 26.989511756849200452 60.709403289321194563 68.667166686551567523 8.249826260957760837 44.017867518645296343 61.138328660064381381 68.889250560922064892 26.654871375054330684 6.612795052363389381 16.834798205732123932 14.957329843076724529 42.593043192152165943 73.208018192582088091 4.325738843632612074 23.457984952948297774 82.952204545115591827 35.547177154640898777 51.949111973296083988 32.633955476404530316 86.611019525523289531 97.431606334583065632 32.788334979280932657 5077.647113389181868115 80.013918414764972908 64.355793071799553218 69.805277648661018475 91.857842323139138330 61.698985173561929685 65.161735295766106901 21.356566655022163559 75.731914529647951895 81.454686361310280063 66.510147857164611196 45.793336853847492307 18.613200308951626027 26.721232037621085453 59.679064960072125245 11.831044142920546847 34.848002385751897236 67.746803004876852583 47.476734891890650658 8.201903235100505896 41.787830539748838987 52.199118611918450483 22.564688317649171267 77.321979839481073782 41.458963612029236856 81.880948904738232841 39.367873945501244748 4.457738203469705951 87.882179995401870087 93.174639296847558967 26.231615656235710787 97.551077835609859790 39.340486970073740736 53.460112390074314703 11.672692186568228934 35.213372966028579469 74.477117786045980097 67.518343963484340975 35.540346343859731348 17.012177238971801785
16.310413126538946926 99.451841306260476472 49.059864196251787405 13.879298980852952994 18.291597420976213328 13.962726991016856104 9.692345762583515878 15.587457095498660209 58.823242168682263298 48.196449657509958797 83.719635985437989234 48.738794606354097994 36.295525577279953211 68.854995434686799172 84.287864084723864266 33.682464519134612146 46.673706971916928410 32.802077754986470381 82.527664272809829527 50.974632049367997411 51.222158804417119882 2.692474616938365983 15.405206038490023346 52.279055520743547447 27.634702951527483350 75.789679425163470228 84.676409843956832901 19.277465988603797342 47.632643042463215011 68.762033076108281193 43.317838312819247903 15.868163668719297732 18.839504490521626678 32.863488706790846550 19.480896747717455497 49.354259185727954673 45.889484066153123365 19.459236685193150862 62.012974511608454975 58.084650478981316724 39.298227836034634208 33.976404366920078814 17.809630897150636741 20.538877325120854067 2.402750850274114391 25.545751024976887322 3.401571875781724597 11.886047473812277886 98.491488046054854522 67.467684885681137530 58.267527059510371146 32.702930630849387228 23.921543730015503826 44.663976741643608648 5.940218384791609019 43.728046020104734737 84.229476372213767377 26.416548568049712742 17.433796633129162501 75.393374438512680058 32.991248513739940051 5043.677005973689119855 73.270559979112050542 29.290922538359357219 95.623809742305297732 33.300837876778039970 94.670636649265205165 5.796097119983435242 2.597955211079281845 59.717655862076469475 36.312844575861682017 96.448029054739279786 47.892783926156113239 16.344822915618088643 57.663190708527494621 36.694811018294636540 59.736855296833880402 24.741666176394407017 94.455362347644253873 71.264150686021309866 73.340426172888527390 58.055950034427191042 95.214000727088162535 5.247347345773519578 23.283430742824236859 45.785653352991232623 25.287407348807899865 61.275732242174356657 16.272966933789195565 41.189683394835363117 53.394070794711858241 93.153330194596307479 6.783617679163523206 37.593439070414362391 62.046177303693895055 4.981304896960293327 75.935941751820266177 48.285551740125399078 35.086081762853297050 72.439101951584362382
16.048874653082471298 38.231648639803012202 14.609769343510821571 41.127210764977419899 86.420506208757359445 67.255218053424769664 12.253896754243346123 39.281978452145004610 72.598856564466714758 91.943421904649667908 48.421273615234518672 77.127118289789237338 73.527658730047235736 98.174144989899801317 68.244966720852573872 38.362082874445178504 43.586715834354649246 49.096516338832053350 36.241150355234914571 9.109329392869540243 75.623192640123761521 49.248000206357978925 3.808907462556840873 4.305891427263144777 60.588796256888464598 86.454308321456437625 17.408584172208520613 51.555101094728776445 1.506577632538183664 37.532842308698853628 35.293962252198909368 48.118304176594946853 50.939652423047490970 56.196901202464680125 2.789535297897518529 60.928021333799947001 9.320164120828223986 71.917341714906655170 31.684408189140018663 26.305294645886078797 10.768624938755422704 57.552278262163106604 40.941448470989520558 70.973887724810822419 86.092421737952676608 68.766468827509100947 89.398618583110433633 52.871417065235149835 6.202048552819870331 99.506870610001413979 37.267506984158792704 59.801524935462353483 94.675970927844304015 75.031838586081548215 7.543787147869977616 67.109089741887629543 66.136980593072991041 79.062414005916025417 95.000385025244568737 31.511414977937306503 93.653084297418971005 72.657581613372073548 5018.297324191139523464 84.113209640553577628 57.680578545817233760 40.131538043713803177 99.164299635590111848 16.120687278008190901 54.308053425641674039 96.875074613823286995 69.727695951898240878 28.508789132379607878 4.277478154926452447 20.853203510543615096 42.313340073710783429 59.284674534197542073 49.099832965040214106 42.954992460928039577 58.794285935815508992 82.717855725758525409 50.490099463578964389 29.632098268918610984 34.508475034678056659 97.704050727927665321 91.439406287029157738 26.450597725398807825 83.134377937029128702 43.873552777267143199 21.446979534466677819 13.666788728821254395 27.176481440278482893 16.132707391646174955 98.150715594150398147 55.659430199589884580 52.158142891021881837 65.392439041563690694 67.912289048987432238 2.282600742437054020 35.388614840227596403 58.173891992972855292
74.332754494520358435 55.912003379200200470 3.128654712932041004 66.067773888097832469 56.504939912089440668 84.247359383919658171 28.654535600263049133 3.675406333766338740 23.005294193613060827 76.727682094343464314 89.307216423342765665 37.868351282064693919 2.400561830138424391 96.068853377162824358 57.125795593328433597 44.049212077841438884 60.248741287604936190 84.034200388520275737 58.145060722411720633 58.174523026180501972 93.847100748499897804 66.706811978901839666 29.738869236690138820 54.878681874995073997 46.715313500416890236 72.071645966879145817 71.636877286646011953 35.052973142495730485 82.364380452302086155 79.217086368838536714 17.686218285648958926 42.908611746086045002 18.813687004951571424 39.271686081943329327 71.664257106381000995 34.119153193952691083 70.317757604381199599 37.734663166266130929 1.114521698560477114 74.749398377845764685 69.999450118492987372 69.815485879983739892 42.022119420569353565 45.111579344425074112 1.782962937828845629 42.352217357891461802 78.061348272837975060 65.622495645858379021 91.164742552495241057 58.125828748343245422 83.131234266593097004 20.212700508934904775 24.857621411106620712 37.878713803377877412 74.504075181831041164 85.908923615824193121 61.692234125833550706 27.512665580977152757 69.108827914536519188 20.295166784830826145 50.317737828366894348 47.554311598574813047 48.036877875542330685 5093.258216788005483977 15.438232706480770062 55.554073852968507197 64.324541083049581403 29.238895262847165668 90.281499692871591378 78.578490339431795064 55.510332283364192563 11.212549600326518373 48.029190365044250655 93.287712559236993570 74.042090653868385175 29.911377354207086654 12.908255700474317251 60.466455544479870809 62.400895278331518057 73.899307604738126543 98.888701357283622428 99.569909405439659622 83.325951053696570625 80.407626313143495622 64.867792026660865190 8.976930575296698578 89.955829173027396450 3.794289116918516669 44.369561091161408228 30.694406487120517113 37.487942266550959403 1.910692773087422580 86.416958080173358780 82.221940185192835315 22.693839856331823768 22.537871843094233526 44.277301238856189514 99.231536055806287777 14.799790428241493601 49.459547151198094639
42.369832004100473455 65.098597734560541994 96.638632783733513065 89.085358595892074618 25.489094257605987792 36.594927530552240569 74.816421746728480002 79.674013314865334223 51.461700798579002480 42.119860176982832911 81.250110527439275643 80.219029537947704966 79.228389423026825966 71.742819606407479682 69.346576300553493866 50.933737364964798644 26.366034419632690344 29.059119488844388002 49.894717895101614147 61.934956819589174870 66.087209948172599638 44.042076058179404185 11.114571061724527468 50.461932801318766906 62.980318735085475623 16.145323001654890760 79.998417463623454182 80.054037568546235093 27.485483349390889884 16.245598205101348555 8.395807033348219761 34.579680428173638518 93.625693389818223977 15.631437170477617826 6.025826996798517854 35.077898685973138981 72.612440928501627013 98.430997147145689041 37.120804854973393105 31.017060390382503954 47.794528877172218984 73.690697489545982535 23.577350757494862421 64.174308909922643807 16.888354555155540737 60.141503143946870580 85.739932756664188673 51.048139734224434960 51.858587247377663232 28.318139416087475979 6.089681952517514318 71.171211896409843689 16.620496358085780741 46.321484775940881207 19.086755980951430445 70.224041314581256756 78.831407572538424233 85.480579968835414206 81.092281744521656606 85.667535703270544900 95.399956438326682928 63.383749705063337387 28.699191873078472526 86.480029296125778160 5010.339011222035878745 72.964013520013978109 47.819570011552549715 25.291966020147039984 70.889484408367863466 91.286819537047833251 88.606433947968795906 81.069750405538329119 97.861349947009983907 34.605132159926128566 69.967232947507639551 60.205276059982963943 39.864106235192103611 96.798456071382545929 6.720601696547594095 94.378800079351108820 19.693462096283777640 43.478590759240738350 18.900033340403830096 88.936147646098746122 9.180578942704450185 35.248984850364294630 24.124822226016320315 20.888017347380763766 4.818052921563195312 42.753239745258547089 91.789138043887504637 64.956237762525177004 8.172325754958126964 49.399096660793425428 79.365409359589065730 45.532027925336890917 96.328849112649962194 77.935323053378340319 40.584637948274114194 86.736192692018079242
74.259576660891781330 56.454816118776953715 33.501000146155305970 37.367328379290455587 59.860844041737522048 70.821728353234675524 7.865341313685802582 65.664940924239985520 61.203432815755398622 30.642906253151700469 79.843882723557285885 98.271535219562494490 33.028470113604015523 93.057662415020004687 8.583523737014312260 86.285285490790244012 58.759838087265030993 42.987293350835415140 61.165646408188393934 40.312696464635941140 3.875251638856238134 77.287040386166736994 79.676473130248439247 95.497302327504385744 29.096052948699686169 47.346791933169370736 19.098762174138204983 8.261305270138675994 69.155148980501024880 60.919522041636241738 25.747020041832161752 74.786585569015969099 68.844589312136790227 45.851284947579394213 89.569797775448478205 98.587727292709530502 82.660055455252702927 36.968239944046800360 34.003618069889398612 41.674432659272973467 59.387302425174787857 52.177557525836199659 64.902195687935488877 39.503068350735496495 88.770947248546846708 22.834161019980939500 92.482372142596290132 25.030375184218133455 8.958116745518363899 55.852799955887405758 99.255650070124630702 20.989830219976390424 12.640797054797134891 9.707809169375309466 72.048010643708650491 5.306361400630856373 32.191754284999177571 96.769537577744713985 29.933087915657033307 4.037162418304630407 87.137288663063301897 50.895202780371398887 42.574038570518432323 40.491106026399855011 21.035425852248156531 5073.143805542403242725 33.768510394097425831 56.026764478669413450 65.856594383187299968 55.105172013856005719 62.191921749802467900 77.904262721343712883 14.282311114453685619 22.212363132805023724 78.861809873649974634 30.699646418204054044 18.113950912646185287 2.398856487880694388 4.331668464458514833 67.778384887831407468 40.651960740698051211 60.965716561029303477 71.441345135850781389 90.598393880991920923 54.436953787912585767 44.480914308769250454 42.192201518208769073 85.245121468346198412 98.630969909582731248 75.449895399729058454 79.502444382273608880 26.135804682190926229 18.704097901735220688 99.498004764019754020 93.719639381942926093 51.330573612530088212 73.899974894861188091 48.766622625607425334 32.045904658031545864 31.088606796495334095
57.265703918275534079 39.935157576308860428 97.382485329751929726 23.745722724625615285 29.840641608069397250 49.174073745098262123 1.250092809571638153 60.368117112814907443 49.891472764911171112 61.120544993775048681 69.930620169526591212 69.720732879792791437 91.883096049756332491 47.343913183384493948 41.517531425393592315 36.846455035205714523 29.373240305615432533 73.881512046493924117 35.936252706050659356 99.742408620213240056 71.233191074303135792 86.524843203744126185 3.037578977217516574 97.410146166542290302 74.883108244474868798 84.604149057184656613 77.711620625640662752 8.301961320496983987 76.529530070071672299 72.742562036911806445 81.454040948023248347 67.753198789723541040 81.866950007254828847 62.057386434741978576 48.245380723524426969 89.758586513772556259 18.074620421506530477 29.302427755479527605 41.505729335714292461 1.848981519680791497 27.949689161742437449 64.093861080480820647 14.573976255346416053 23.675438446479567745 57.799570214874798069 32.765335252552503675 37.704675683319784696 69.720867306676410635 21.121722799312777852 22.589881095624882335 5.657685798909607655 42.457815912151751547 87.315446773894805688 96.328498407771746770 52.576396515830666090 50.198917187572973830 73.439063991321759772 37.793885186087486261 52.211090845649628989 60.749133715029991265 62.699364076111905320 86.601762842977549894 70.729880749217230118 93.825613583449509747 69.466631433044085497 92.105355824323396519 5045.966955635420163162 3.374449234948791343 55.088137184699057514 70.022215426307298003 61.749686938481296750 55.399676953373045762 48.508563171695101346 78.535648620476479209 2.747811905929113063 98.464680450914883636 78.903825346441337274 29.296812232399556564 46.291849253850813284 40.186978648421913363 59.489983140126867056 44.369796382717851202 9.666230512017342846 74.284543868669103972 99.023910518068021247 25.940501375679851037 75.635245785217918524 74.374598341207885710 12.411721037092620534 69.291013117045139325 70.273517557811643997 36.771802681222077069 15.900496882080757288 67.821417479211532964 62.023655422967067352 37.591253743388001851 70.536347190513168925 36.616431243078409352 26.457090840783550334 69.546177631556346910
58.556684332318084785 94.027138321713252367 17.417775463731942409 75.695651440175012681 36.385850603674910531 57.754491933224741729 41.561480380141595958 40.743228915985213234 20.007905788834705163 20.061940538871979811 45.522768978289995800 18.656778329452009757 60.463929062892859179 37.790530333204849001 63.297095266467366059 15.535738484194823172 48.883827584901915486 40.523812363794299074 66.917553910230068936 77.402055601062912160 38.775798736178018089 77.127345082426998601 66.461345915702679576 13.337581923472741963 41.037605605691808819 28.747932245562271447 7.708263246916511768 36.194456266725509863 20.692995780457291488 51.680025827343122558 65.052825843668514949 40.553307332529712426 81.054690401056390670 47.441839075381736279 50.287884000793411587 91.880959012629872973 95.226442422714697500 89.104121949638667388 96.701362795489146151 44.336259739311124406 15.159296935658403527 17.149731187752141892 77.374962541387603210 92.279762510511034179 21.117928001924106240 35.525963596925507204 89.417710711712828697 89.521341699060499764 12.835372798926773186 96.202990725358745294 32.242879423965462138 56.441337465806910245 80.851525211014546812 99.751305465528474770 61.002923108003983543 73.991054093703283456 25.002299973633707708 43.018220788684189415 82.553915479741519334 56.884380192369413010 47.775600731288015766 15.182134470083806121 25.443868501591840214 47.663457115770796690 80.043828977339757103 87.881421896308395958 77.439802412268392118 5028.637770825713232625 77.048588143175010146 76.651141336674143645 78.447978273951804340 63.029181256078828710 61.049311000230012780 5.374320913674363709 83.265805616436111336 60.920649328377422194 75.565806386554115193 52.774679469345166183 62.470856708847790628 88.259633829580778297 43.129974525124175955 38.761864238595549637 81.805165578922370173 49.752827042618235964 9.827388857527974864 91.161075539292397707 73.906887764769905402 56.640132843047304334 32.675891684441374707 36.225623465610752305 24.221623732891956138 4.282543406047501833 97.788562269674685012 76.108615308308358749 59.214665566257799867 63.174868575435716878 75.637456195834587902 88.560681140842419268 94.817442933538629291 88.349848412004249099
72.578085459970054671 58.173236403488871815 9.178899852120773417 92.345319726299720742 59.799394654408516203 26.802638057801445370 28.998415343880054706 85.548574653062630091 73.657887167930510941 46.147522139177922895 60.516717641791821336 62.941075076590642823 76.502232927786309347 87.899764731742891399 79.810478374358609699 59.825488343320401441 15.269543754706630168 65.442045110293150856 49.218032948301740248 23.684014408049389289 60.675385855412081071 35.772432466839177323 25.042992626708755921 38.173691341069982741 7.543858602862346885 91.025372911897463268 25.811994406172868111 62.829154279169912911 3.103150403321642159 74.136293597439021141 91.606921026877913050 37.893936408571747165 8.955244491152150488 60.418493628764970538 35.230134289698959549 72.810942886157775433 37.401712812593181923 67.019551653628667509 21.887331947543628985 49.278725079705594680 65.198591384000835092 15.393863304781390866 41.599371559049416192 50.438965518098896723 34.534090765277511537 90.140411086385427097 75.403211334491444973 78.784274269852261341 18.366650874266841953 65.470518191475903791 54.955207414412448941 67.861401754392275620 7.627742661404335323 60.707966575777042806 91.899569056504986975 7.126913671813479567 41.914870147854010440 18.389114281063729806 38.660826952824834279 76.108695088078164304 15.750109574329895779 19.006093645189203301 71.633980578761693891 67.200838970014515894 83.787757547101435307 20.668871997502705540 18.195070504294722724 58.267318812854078658 5074.592231388501204492 25.948992328389433482 37.901490763129913830 55.368035038431123951 61.244454810645379439 9.396929196891829150 93.888450883976759087 5.560232927962395877 43.855522136633176444 82.347078475467768044 77.128327655330309653 64.640992844010028762 18.684505719092584286 72.876551386092344842 21.371866932041609033 7.152120464903440222 97.140775552384980074 35.817630875923349265 30.359380300811000808 12.319564711686284753 69.719823340712437698 36.930622611975849168 87.046810541471984379 81.130390149424684409 99.468613548645379296 51.494454999959877739 37.394321417439634558 17.757400321295001788 20.780017126152923623 71.479007686997320548 55.914291814055886221 73.758065005563921090
42.546567768982789914 83.343563626834722413 25.048996533152987354 44.035535463913937804 81.856575721560517422 17.296135587837433434 63.913959693070836465 24.440854047178497410 47.024945847873837579 41.776235921478154012 56.619364714733507071 84.095900278981758902 41.124837207071394118 25.624888552254439844 87.768081221534927749 1.194375081865040045 33.379226698992496836 97.995806574158550006 10.366474828795583463 90.453030790481918189 80.784813320520811430 22.358273178541860915 64.229973482123739359 98.667034974766849587 18.873948394179791421 60.605668338253536831 71.939280720843171935 48.581889067734941534 59.748833006405718038 86.802324584859277934 96.637534426412685207 40.494310362546542592 83.246110789174849742 86.463949249025446875 94.456810080671900209 60.394131843509889279 47.468777955684437586 75.894029255354524821 13.035672741426663990 85.168618763073155264 76.245570961416390787 62.263969387353540696 1.942805296333058429 55.779493497080515851 7.400672787907327965 36.466095149291575694 23.831151816958364265 41.053971495696700345 97.140222456708897880 5.535500172330099389 35.586298871036433411 79.044684556159893418 66.157099711958082366 35.111735556197857022 9.614646059733887640 43.459892868234724972 39.424611148746762979 50.233004229311710276 29.991429815413383153 93.978227772729880485 68.803553914295022764 50.849036803134552542 41.833205733151338279 72.593734240622836751 42.366848468558302443 96.637630083181093710 15.720700655216777619 18.087210941225144722 46.973583779322986231 5063.064542975203949027 49.806044170095916002 11.925462356268118569 91.214637766304363709 7.490020961616279394 10.023291955751128413 47.476889415496103197 31.297572500828188424 11.361330300581370167 42.844570662719618781 90.244570656846804013 7.934881284353800801 95.859787238249751340 89.694297759069996800 38.157981268885919235 86.845626804566308010 56.321603714686098385 9.204780645413181972 74.338024811624421773 41.074016764838930271 41.283669532634370114 25.082997686021400341 95.418470862549526146 55.409430368306885839 5.767600991143440048 91.646606564148697771 68.583859168872251644 73.875628184145043065 85.525912912500785978 3.803762988285986246 23.299045586465297220
59.800351967219029348 40.007892356260768452 63.582258873097053709 80.652510410530567242 4.088772965289662942 52.780601397700969812 13.432347955412641483 93.039968126841131379 65.115635230206066808 13.380563767779763751 38.061315449326329485 47.479779485971299380 87.717540444586077797 48.682078412928845523 16.217163389146755037 36.846290871688253787 69.228031146624886105 97.913651440174149343 90.879862900612650378 47.588295633610194102 70.178033640041519448 34.242856354329610724 75.020477611024730891 76.209689727462532005 78.275855105898131114 54.204709945231911661 98.967370183547416218 79.844765662788958593 36.149694197900863912 89.160633436316160783 7.248373277616535937 56.413913210026137790 34.038247499308361910 87.865135756014581148 12.811619817373211205 92.846713326574104030 45.822631494667199092 27.658220445221736838 39.153861903128081678 11.685738215417156738 81.721656092180182895 91.340237453158977132 82.121049815131613059 59.177015717829625885 60.130913396692498907 72.601195437922669385 36.991935765519244228 46.604764916611742365 87.468132349289717808 63.300643606121930418 62.707481232208799327 86.838220654680412736 74.552399211079247721 35.652439270424203244 19.036607025709496810 53.641396607443780908 74.917731114262693382 87.389108976488259373 44.385693978899801948 87.368496776042945839 81.377214489455212743 45.661390817626639205 27.009835119605309472 85.683256778829459677 1.518298389318008423 92.269591207612862149 81.912555448721221296 55.016057441373995118 55.633246594942114882 44.256973398157242627 5015.520443266857000708 27.956925663931528447 11.134783765643001985 18.303501584240830624 61.748010690964051150 41.691754471578910568 27.078963872715501537 17.281059385916368143 56.940683482411891703 84.898203839242000868 57.875795439563226807 93.479246579684527774 35.115692586121760144 84.902913351260480113 87.956538103190823108 86.637143245392763902 7.472306507685700261 30.527782537708315402 31.195500582130627265 87.205283331383711243 71.783047716422302642 68.172394182235180438 31.344859350376683693 78.243320594366622345 36.927113470162709064 13.119323316368245003 70.615005181209014040 36.514251566482961664 49.146174963823959558 92.164185844248436297
50.847906451084021739 97.246756574768312475 90.500566169180402198 77.167311140176721551 7.971584840604624134 65.350051329593753735 83.809497045751129463 95.800696769570009792 29.698699703448998122 54.812057204882719930 95.232037830040496829 70.823247641709002664 78.723035997890491444 75.501675115027879315 46.405782909578846329 91.260824176037544930 88.755919747599492098 48.424014274411241843 61.689764873638452514 49.187150932181225471 46.136268666780651415 64.641258277724915615 88.984571940191045769 98.809792541540105049 18.364045376582986080 99.245280682839023711 70.652499741022921853 59.661006530027002270 64.854182491937649502 43.988150658550132732 41.794814161186550905 64.407114002130299468 29.348981616332782352 4.526135652087463157 90.372197400258571065 62.287231308186349565 46.382816106717989157 8.306523109343192601 79.041408459554773458 11.083587662418386444 22.684673732060257834 94.774259727549846843 50.315640958680461381 88.397778120364918664 27.790010127149322727 53.763389556809919156 75.853582132570792851 75.676626750095167040 11.344110731045621066 45.024394658479636178 1.898607808687988729 29.249284966017302878 31.795078538308661820 69.859005416401160460 41.037393658269721186 57.980166742230437649 28.989356660815865041 20.611064542992394877 67.393386156701723166 88.033730652548925377 36.799512411343670237 54.453582440555429400 40.679680011263990025 95.307650762975612224 33.923722561644190421 42.286195172715565604 34.851630211148119542 60.201445811566614452 70.804147192134280431 21.080431451981223034 75.596786561162048201 5074.948494852334988536 57.462741303223033640 71.353595567555601065 56.053346242581120862 64.143730723200690136 19.500395134099424155 70.619366785882689896 28.662974208628178019 54.829292390368465249 67.486543123735444283 11.289167479153118023 50.932562017613015826 30.022962909003496179 41.221759423938983957 9.844560651574889576 80.494849958562895154 92.655841851627229744 87.050943246387916474 4.010671959679982024 34.015361066722597627 33.413732772966852735 80.467038055485360815 47.669355107882338984 83.659252795150464976 72.654385246976715962 92.979702840075376002 31.296439263304382195 64.998438373384630040 43.245136747753093687
16.744822040252913098 4.640122823238774785 59.072463718395013643 81.170814111327530327 19.476996928066970582 98.752002453705785001 82.816325746602842628 83.330666659641636329 84.089942722392081009 52.786132043982419759 13.791072633391241453 98.371489015205142437 80.493867490629966710 94.004082546199754233 84.826340456189086581 26.175719911529125028 54.264441350288976196 85.876021537177607001 99.799736869656342719 2.586699278730198337 1.478861738151567184 79.710142494956244263 78.093262409217928166 88.595239182406700706 50.825534322914911911 52.709860852778064100 93.078963896281180723 3.028237810564991861 34.513309236721504192 64.457853601613948058 90.745293912961741967 3.084627825901219644 91.969670848112031081 83.113901979255118135 21.992138752566201987 11.942969277699944541 70.349521649245673416 91.692354333209223682 18.244948325864434935 26.654638013156525034 14.586569586568520762 93.847754894975594198 53.190730674796768085 70.684087053713298587 54.542480200030574622 13.053821599949477772 63.781408640897666373 52.658882703634716904 84.978389585359707326 77.949023781025516655 38.944572832935271833 69.634005813561159925 71.940587904184980061 68.035417364488708358 81.444558043626116728 30.024579348413581670 52.329309829635846540 44.891458579135978368 91.342999311066961354 90.919453928000919518 31.310508273931414891 71.499930185290907048 39.415494909992688122 62.856575759667009606 39.370640161302887350 90.505125591767864535 67.355779137160325831 9.250926997040101796 27.210886407084515781 75.146631009888523067 71.966871167401393450 70.536384693205732788 5048.903128876505434164 89.193582941002048869 90.722313411348281420 98.109717634603526903 11.660874634507088388 32.190544782091713216 66.167192177210012005 42.911853363988683441 41.823160573748488389 55.778149331526677202 16.297465905360709826 89.026034979007931724 32.983787457468963566 95.183743522739860055 59.141171381383060179 15.630415854155728539 61.085648481484369654 54.187110607228412107 29.028221648808248290 65.035861720459436697 62.814800520119050020 71.713086627790048055 37.602932036476005351 32.860213312224765048 90.859048286363119473 1.340960230682432641 97.901186756924786891 41.357588843183428651
87.378448939077472346 80.038863005323463540 59.438117257394189608 76.801201369156714804 1.036408210757072013 97.564399369155594854 46.907237687529679704 18.490908488602816107 45.613645570887662473 22.573418068840659600 25.988859276802958931 78.194798866284699557 30.503776246108632364 95.603059871681978166 14.441133982290837778 51.942380659897096962 24.009031874945279128 18.240885321075236192 65.651747235268942404 2.526288712791759039 25.171302056536688951 80.151474204898519815 33.901876381977587016 53.957786119018557258 84.430594495881592820 31.361617490253919982 71.060432408175685737 60.400498506151095057 79.858423542789566341 37.790524860974606725 81.587697612227643162 34.349441093590023399 85.405600524023938647 88.668733534016553222 36.159818040831979147 19.267268727862791877 80.860607548610872186 84.426976182738499688 33.712046473431023230 48.621877849780950953 89.157436650478601337 30.307890296120920226 93.041920799425696487 8.671171493553412546 10.086132330887306097 54.057467882539540938 91.139528571189799777 24.139023352811637579 49.983572997625969947 86.367741276912695980 81.206098851359087121 47.178815858724284737 23.347372984338061741 24.334248846579384917 12.145780360577894896 23.978609650000407782 31.108417371028803444 74.781830984651293193 42.944746795195527511 71.968643635327239849 61.775392695275641586 4.424080491060438547 45.261004173249268945 46.117345999881990792 22.249376497530217733 28.051851222985604295 78.984704008423790356 26.457343694039270332 94.093388210137632655 87.938686849047059013 27.979257008060795187 33.260524691226464711 62.836610867647195278 5032.346352297829980671 59.468763101661131998 17.027090053069155573 21.513145785732305626 80.434891407181126510 5.059441779436092190 97.190391343958381754 1.192797326847292894 95.118200304446446580 19.243825534877849748 57.420766578625283216 79.695131329070008519 58.107177998889262938 7.213506534123393266 88.177464959168730729 51.737630588962957745 56.974734031169752768 20.041165266514131105 63.455909728205710962 14.761796947652095824 47.221474266195471614 6.609817491440312054 84.062563152472748129 11.436490390477450418 77.629731794003902223 56.141031159954458474 83.286396405148806821
74.650071812520934600 99.995820528621365497 74.732678993364302755 56.544522612996885869 63.695211678675619282 90.439886263737960803 28.696942475715296439 75.382737724287594006 96.557959084813091977 17.808311765228722834 21.877861388127218589 90.318795913425390154 47.352416259162204426 62.680365727782067609 69.205604731630444348 79.925297528652478718 17.322353055982308234 63.357393240664592327 30.287583633099568914 19.959646076048965568 29.505652720964025804 90.911397601731053442 66.734512476489868504 5.022449219536308185 27.207024987444757613 7.605676241246958291 41.847272737911893614 24.763342300175761324 28.648610437839536758 51.087343069256476724 71.894816920168565844 30.526132971677707673 24.473284595020370347 29.539918087957726556 33.672025559048691434 73.569257319208034573 14.815902255843951707 70.637205939675837385 29.189802043927972619 82.226875010082864037 2.266112116839077206 18.050575584365326165 56.086917801096731750 62.190063251246584741 99.223272175443497645 52.267127175434588082 85.639190050495002993 50.969281273770171481 2.116077476826068615 68.918862309803614608 39.345693397857388618 11.741355815434861398 7.069215932107272948 86.534413350866515202 88.433189613020189768 67.370016370015633811 50.323264956342647736 27.592599663420401157 29.772665997599123244 96.234160325527270174 93.135087852635692229 95.972731516921939487 60.312018488875402511 49.914731580898752838 95.471928900245387695 94.528539520274279084 98.547179182161642075 92.725255412783440079 32.732035380898182098 26.520208889988861500 78.353316791190778190 97.117363682576751671 41.186149782820649534 50.825630367951518451 5058.481364829896847368 42.341185389431075237 90.608436662986918009 59.824020674680433274 45.123414654278022340 58.820677569988177424 8.345958545541737550 2.352738614846070497 34.061621660298676773 91.526042631766870272 11.761912443720373034 77.376900223549441193 26.352108749787461761 72.267936586120072207 76.597556086833037625 24.783165749337221939 46.108707028204982237 6.303749353972714076 98.412298035433536825 62.619201202697787778 89.888895412767780613 22.276977936947911729 24.198606551899253247 24.222410614364314085 81.333776563166196638 67.522985279162753613
76.373321118475217872 91.317721567577720521 98.371490876287822402 96.454731506847195988 38.681961796026428146 83.909250754127711502 85.798826630002011484 11.550630012637137511 29.534497123203411917 56.901222703371040268 92.093731607264672334 77.104480678419122341 12.746348937314557759 34.530457391897918740 46.756934255234760656 92.171866137153912746 26.745314919610287063 37.864956053348109322 73.877499737464859209 77.741858200387156330 29.457283552139028160 55.627914410299908354 36.533206995946166273 20.759725575385719054 99.940154176447705936 16.635539951574241258 79.602369988239857435 35.078067366570294894 11.149307852472599478 22.703482274762027515 59.933857891671479479 94.945188495982620225 59.851030456055788420 95.206000529403723931 3.536076711744920331 6.072233787790588977 78.550875558196594284 27.986400483390944771 51.987620464758059313 81.762010959559262346 37.802734837556585035 33.990549429042019369 48.161407331401555609 27.109161750560854642 26.841350395323207323 6.131525982437914024 40.176685820988680575 38.011560946691886897 83.737951049651755397 24.286512126025190383 85.280414475564541021 12.089948806476508381 21.668689571516761561 87.795388369775992032 87.017636186070433268 97.402024541995757545 12.236019420499710364 97.359505267897418435 64.319789902558369477 63.134900256467851420 97.931119910997693978 70.443559227144433521 19.858555440780719437 13.693637315076710337 86.523479449653663664 32.891321915025287126 39.658669266677996745 69.243285398151243726 36.544654636463576480 32.043054915286759865 82.650456781726745703 90.479723246863699160 86.315605149406536611 4.128339727438375739 2.272055162125586225 5077.251027401754072343 32.524497331011659185 47.804326374163274238 60.571143393399161425 79.303320105358025671 85.029656865266034060 19.917742359111237249 31.193547825739035062 56.565094934749566846 61.767863460965948263 53.610019187379364780 73.870777394281134320 72.344705960504825271 60.126184088664913929 17.522853246659391147 76.923606429383497129 56.795393159354865986 67.932400565722204533 15.261520845727732265 71.121187461180099376 6.890393779759816262 46.778394266387486766 73.601264967633596825 47.394365723837530879 99.134963381829521722
44.756791823140751774 46.990198288023449891 67.326772857511798520 16.331525993548112297 2.175175702933097810 95.208056405039968695 40.961701198193217976 78.176194235784038256 82.184741370439510888 28.746117735821375305 52.808807718231037143 41.325959343033900950 27.813508424700671640 14.021028052403291753 38.880047894371863038 43.927463166311369491 80.333852086245300939 4.068169684854700208 71.128680712501861194 19.020263081605371269 73.496243848524187570 46.854988378145876027 93.338954951314420327 85.244150239743703423 20.469458596336927769 32.462184298584659814 20.636333015432740012 13.374700764777713857 37.009983777601831889 69.010305782184644841 8.173328876315229863 47.084866517342582881 91.222555400997165975 88.188502426502708431 1.457869692933349892 85.583695882061007865 10.181898008964628488 8.894474597654497217 16.859097204710067786 2.271134279320619065 37.498300858021110571 40.757548745953826597 65.078359903843221446 58.891108971784184689 54.438975704414367840 28.948884998844462757 62.993647183656698019 23.807538999709692007 94.589482372470712335 58.320386242803778032 88.527716667705405484 82.179051137434413477 76.563550509937314814 67.820259830336127038 60.689150938318171313 31.602135848338477331 82.017038179377195206 11.166965969993514207 41.723042636771253910 95.595081883495339525 32.217096454670411276 34.422422810369489810 69.447792115443021999 17.692763263119971384 85.673221285059611319 46.519963463315988861 99.785274099770234102 14.365097850373752308 28.503545815260064700 43.716848587015931571 72.740232556150274945 52.638762827683372336 77.144990677732423023 64.196271015842114593 67.001864943101395511 21.670266508469929079 5097.055993720736296382 36.743828994709879510 65.705632531796837270 34.916033188609240767 42.635108380003408968 25.817141023128460375 77.433648773194221349 8.194399087469868448 83.399858664335539515 33.721946877106724116 5.187597939044483297 2.947468772577880536 56.093817736001682306 79.154002097943234162 16.786636245048150329 37.914263809176247833 46.688683314751322939 60.943315306302395129 48.162399269473169738 84.708899706398071316 73.168087428453418397 38.355420827077189472 4.708798156900940945 6.055430050841035694
49.822592802722027727 5.442542260084527683 15.583791136415250378 83.657102935646932451 41.623872638407370061 6.227326014531467280 83.482275583561715848 72.927945204950290758 62.406034917198937251 76.540819692233782234 56.803956865228933282 99.554581217286383321 91.976693709919388198 17.195331756309556681 16.796860798788681990 12.472175586598183372 48.740314846830990803 9.905159006092937091 49.610672589640756769 29.119653324364357161 9.517976644581231938 95.328040597449643201 57.984728580652571850 92.021169613144166988 80.545308221343432820 60.038274306145382297 99.776864121958325882 29.706529323728105396 40.418367075557156909 65.039225809148163648 31.295401021787359497 9.212246356577873385 7.435769036812980737 39.387601118999334915 65.582925177803005568 11.155572347517853871 96.875092039331931915 48.696651459450706056 85.692200198758968099 84.363661814792820337 91.625782478553915666 26.517672740470064952 1.259433673141351129 64.047621535426713990 91.744318482285677874 76.211433673583314885 50.090850756185204773 22.862637016712728411 44.110065268047748077 95.813852156019322592 6.527363622713087565 59.839232894939790697 57.708730385026136389 98.645347568110778980 79.412538318742249999 35.355908530349843488 59.545544574893241929 65.394924807561750413 13.916342089307100593 55.660081903506210210 98.912012944089084954 60.678975098362720075 99.027693841671720065 62.051689011516124594 29.959054060097194849 42.162197899698725223 65.692525652182581553 20.809059614957408968 40.886468879698988133 85.303508529075187994 75.787093910967087140 82.289040166443570001 86.156837405329355306 82.607800987488218425 75.236889006385879952 75.284944308304304172 70.547848297317671040 5014.597311864098628575 44.971323593089771009 98.277418265150416232 88.116465232447509948 11.626494774739049021 91.628198746995849433 40.282772073610892960 27.484021932695736012 4.412247834588128192 75.117013168586623806 16.370460485758925984 23.753679631354120971 20.877756376530197002 20.084343777101153705 91.777890524403758832 56.443832626877977532 43.105512910027364626 57.574063716745129682 70.834315285995728573 41.559144427494267404 75.319714652416593026 60.525530745347644768 82.202329756230355429
56.717227382162114679 54.250393369019846546 45.283362057497363651 36.979422247490887798 46.762534356067938290 33.763945275629986043 93.178469862560831416 17.371961714354586803 87.681518074861727996 84.447208633735897365 21.017391399675908303 84.183019183420697118 14.903949664513447715 83.031649434394196874 52.744474313119013686 93.011705252372820496 49.600526482315288490 68.048259112067967180 92.266550421393006332 77.457054650911970839 25.052017907099944694 47.187239984404470761 57.786344149434846429 34.044361725082687542 75.247274765596415591 61.061319698603369943 12.324333564269073449 77.511377937360606438 45.558340302868899130 12.609101643442043539 54.060239200924200986 92.194479557103875322 47.843805630373168469 25.057093302389091605 53.813822709074862871 25.859672574207575479 91.053854556895814198 94.339189857956895935 74.736231364503339591 90.550424436428144759 21.214686513737444074 6.408208441215560214 18.952672058266600175 83.080101206786110879 84.858731237069349618 63.576732890132944931 48.727461683751187138 79.398220243307235933 51.249690294337874263 92.842848274429897515 81.098766210853924008 56.555331127878559982 19.262967382582893094 85.471670353095532846 86.155259318348740294 7.147343021814070774 35.458275796225265708 50.231242566368827340 17.235845158524913501 11.956325079509207754 20.101090949489428539 7.233082214226981499 39.483241640046493615 88.352481480099612554 2.381319558826482830 83.833749523849732554 80.287218139856264543 73.137454910264963814 83.034033741136610729 54.789486073295599056 85.014858696205763522 76.386651491845853457 90.413670380868097709 28.246766378444441159 95.114818079745120372 54.136598485916181289 61.549288638231402615 77.702844264358489568 5057.144175114348399802 62.290605258702093749 77.232239081290131821 6.950176843676162619 15.944680603399930874 2.642024952017120398 96.058506080684793460 10.146466213672962198 40.970266381802908029 13.822897720819717904 31.897555692457093102 17.273747086029377584 87.906799486012602074 3.534068939441313617 15.568293190945588833 89.003653907758831565 72.564475729294073858 95.901810915075827779 44.136373633461566612 11.438616406192974040 53.043472877684216371 96.106653508518263607
50.551151803972061316 65.016650435811072839 6.993268547716126271 32.777204777798530699 58.459629413722083768 63.768052781818163055 76.655784749228260466 23.866606496379102254 44.217084585037696343 55.042057914691980613 44.915296824766713257 91.611322175874391860 25.084175125153354458 5.057667652033132732 17.446046307005463660 17.661475410771647176 2.005467816745577281 99.936599598911882936 46.070973842546571575 54.514305495443906580 90.711107620231558712 75.078623334325129690 79.123169581763932001 55.179456223132184789 85.885726135964844730 72.684931937204069641 33.209331856842894126 88.166059294706883520 43.122067466880714903 62.994605903622250764 79.840292021046906257 65.264550679433739333 82.509762857159842042 77.281899776976388239 24.047483516513899815 79.706245262129115758 29.161794656336731180 23.399974891059450499 22.134555166286897787 95.361313095618712055 25.801717751460639505 69.142682352582696126 85.996785373399049490 43.983454141186349773 15.565971789684754256 21.025183375380528616 60.676965796072352077 4.561135048241882650 71.686357772556704049 17.326617046303017133 57.088688222550146634 20.679421272129065557 73.143580717160915583 75.174607151868102051 21.371180836714735563 95.224423092172855831 22.328051568926834847 36.125132446159511801 68.427721915814174736 70.187352235324681260 89.145559231268734379 47.182325523674428780 7.587253748387598584 9.699871879030762756 5.765944131041673693 96.288351748492118531 21.328036163700410555 18.146956458150622638 22.753856681135328444 22.583850342885043005 51.546790670641151166 31.545629472728784037 86.583825334664084039 14.881255904211410979 12.868718569764169501 45.314164552191478208 38.599036063596770418 98.806050949535489281 96.625472251762829501 5041.973568692164917593 23.720268888711441235 93.498996171134749034 26.414043367434285159 32.333007605302000798 5.329627986149586327 80.003269748370342995 28.407316239043250761 77.628665775968599405 76.855029488882948385 14.067097623174216636 72.764148241504074122 13.526806051127412189 39.461458155250625168 13.961084080249454686 15.106978457130690430 21.365718868795962493 56.199328661610053359 24.568653332027732716 15.800556998098459260 39.230696475020465641
68.138694272756552550 66.202997308698883216 1.502681761168606744 25.075888870040973444 96.509022360591686152 10.044287866244342666 60.462824860846126285 35.997093846236879244 53.687880276565344673 37.185272486873820696 98.301195383136914074 38.095151945490115963 29.180684969437631793 74.356245318163757929 40.736605400931878762 71.754517510097514332 35.901908823324980347 96.257287995313973283 12.984866005531356947 51.731712401958667158 10.730482927190791997 74.180071357551113920 31.171810995841475744 50.712339117055847737 51.068690422016906894 1.700098505872272625 36.351026607130215496 19.967944704851021243 97.539569020765952700 83.433693336884047653 52.717959020939105130 55.084211464951778225 12.442492739973523896 58.415465034802309674 25.788053824508025968 83.929215295670942965 38.382781716341987988 53.534261891877598316 75.440729033410505622 66.534963218577615862 14.781312024729185595 60.724896136309787664 89.571965451339991660 58.619197733679271778 28.425810852599461498 47.631382820190722782 79.659390981715574753 99.262053564826373986 6.889738587975847928 12.937085503134383657 66.870482727666157530 71.976247891891532049 57.449351268249714053 67.368185856235641040 53.146712355609750489 52.545222646298419988 46.276823606935174382 91.823183277656582391 13.287037490346708779 80.746228383543979135 25.083871576437832829 89.087979489940593680 11.517974287922639220 16.883688441027565830 89.869240039897107408 87.389618436087317832 18.752446942913696404 19.883261196253354086 29.654846502807021835 62.998770058061467125 36.210468471839035942 98.544072869960459116 29.358235800836258278 48.645759500559329069 79.162732429335619599 31.263835892044159692 41.343365848628266690 70.590675782660042614 68.510361571554483362 55.529248378986480361 5007.270362715909868712 25.247013666039109125 45.444566529040372416 3.458719271422342256 26.632738484757929598 28.673453556689434407 98.072137295204598217 60.857338174233355232 12.679549110589936944 40.048323450609167651 4.105784486855362125 50.376275275141907173 24.976941889876655978 56.120796300916410360 41.596943515519086532 27.032821167989709465 51.762369698235659143 60.944934501418529749 43.968519799968262873 53.213759901212441150
85.121878621830660450 74.508584639800560012 15.684715195834607826 23.610911652052500642 38.052191345056478156 23.607097698985246126 13.857370994326247526 38.717968270835093847 74.535795049305818338 51.722992682731579350 90.192612187561792325 3.723251101808829233 31.224803179938405151 72.784518721062795521 54.215607718312270435 27.598096946080012515 48.165004170405737227 96.133441237977407923 52.602911863159484085 51.843440455530590327 66.394170079603483714 39.948050473616234513 6.571303695055387806 39.511896699782020903 27.194965761724397169 23.955621685275051647 15.739615699926094550 17.485950228712756171 84.702697037015298065 48.018399741957871640 84.441344245109206668 96.358753688341522547 77.435006497048448182 35.177395887037455680 62.609061515540240350 43.755652624064076406 7.188476591697971152 6.047874893345452030 24.865947309589078174 29.474618010711253646 56.851042984720805862 45.673506653069232186 8.270443572813814370 74.779793756808217609 52.453929324515755184 81.595944902637910445 2.113636553043394262 15.514566478021295737 84.391305201431990213 24.950204139228599587 46.414446173510228277 70.360550286526972741 6.707192258569443233 38.660803642299683247 46.677200424889846886 86.913902400539299720 60.529597673222518495 60.644326375154449238 33.311060519881763753 48.022887622274730290 36.035625580849320215 26.632388987329040475 32.800254708539057447 23.621889337215403515 18.085542385786009589 89.984901267368343269 50.511703032929908375 24.094693740941124815 81.106619987127217541 66.447057242405435318 99.728411231728230746 4.907654883617531993 85.934164006877566067 10.141387447324328619 92.149787438455959432 54.769732252042238940 97.109695765060635608 75.298546705799211054 21.573855217631003001 23.693487251727475495 72.926451746164815404 5011.076673039111483376 7.272220289550705097 36.291066783500170345 54.374394987807363577 96.563683675574893073 56.953426775395165294 24.633045091292444795 94.020028832784262818 11.541047881042683088 20.097307159704410395 26.639839817230615893 87.679025462918431799 48.765544232869387997 98.703704550016510666 90.230658647384188953 11.586622314664101197 29.246826182460136323 35.402683508802773815 1.335822660028328279
60.900778972131753619 58.109173625005091424 45.754098122947759464 60.652678208117862368 91.721385811262848620 64.394744891990342239 32.728766688883283109 10.932496156042059710 70.580802751775394199 37.591363855019217510 69.394884017090973316 89.133040263757933985 32.386187065486126357 5.561910986758583419 31.690246287228539757 95.539676956931643304 99.000333719407635158 83.692285733225489253 85.299519548442987116 37.925468044089711839 74.689180149358890048 52.503425973534248783 71.315006479044185994 62.695287133670994706 50.830772158717209663 98.604856411158351648 8.604452002009612244 62.576327640416494091 4.440528900947993129 9.828381863696060705 95.113085160726129175 14.909427622958874693 50.438803673006802342 84.217288079253989963 88.638652161866502865 65.635809004840680814 20.235112790734998356 68.826644225267415322 29.550688572147574718 94.020811876082774461 32.672036678962797396 93.956487110774503435 25.493454253015627842 11.194583234544007055 30.339068700796293143 5.699620764520036964 67.639003907503422397 97.077416852127825564 57.367968032162949044 67.737639359560347430 52.202044367065063568 16.923791411800841900 52.565960844975350597 84.937424637874300970 19.483404159016814106 15.138563858969451559 32.468543860110628430 76.725333431138736273 39.691434176897672614 14.200475664366093653 88.337654036053720574 98.629545322387556894 16.176195620764410421 33.099005845743548093 70.533298084901062452 52.205738101961166819 55.802529604832074028 13.260574812902603981 3.960672424784228873 41.165544005563049268 41.089774269968046383 89.736767323447509170 15.414940352435065662 84.303223781853944274 53.110801926290434949 97.951899750157991775 77.644734407814013366 75.319410053501499647 76.911210122867686323 85.956118211477289037 37.098656880943437386 96.423535518215118145 5001.673026219510575174 96.458662671478833772 22.890819056396434661 18.391551034087566308 94.041690607481939423 58.468565979276824862 87.062630069652925613 59.612388968895537289 58.317098371162657600 33.244926757192246214 56.234749212195843882 99.550230921444395449 8.963053600426917455 96.243182594471690550 76.802238355703607908 93.358691287970088979 22.716696006965936050 82.291325582375151271
42.258286428618561104 24.976862440989719971 57.504545975564603566 63.787348601426195671 3.653694104240653218 71.202080876544712851 60.556811586297271788 38.358810531030485436 63.119912945899258716 42.130265366521427950 14.243040069892968447 19.963557469487327012 80.413923226482054929 12.916386580031161913 18.904885062920136818 8.760514132843987056 18.555570890160172581 15.795517072875075115 29.972161702668994820 29.257220143783285948 73.933752852366637853 37.199018170086560531 35.998529372257600301 91.836326083245268137 45.322745134718225302 20.614413570064552772 15.230074910681496547 79.598193729894020976 22.825915923472859248 50.210851796901529553 78.885647257296923840 17.403016894693013938 84.847880379436745102 58.356614810454871645 39.040080633829866485 69.838980870280281010 51.744282450051954925 67.419193603662321834 80.835217415342029312 83.226116045743623317 81.080566833535755222 89.988618410793719704 19.823221456666253459 58.595483111757147299 98.994872748840720078 72.172368609831892172 80.130514246334612949 30.532551232967989563 39.131887554867212486 24.857638880429199446 62.918678874533888745 29.897209685945142610 25.941177394814641133 69.137655516446415049 54.037688545421900699 85.145997491816814318 35.914726515839362264 72.461553133574255980 34.769323373431980428 26.161716731587414841 88.012874447615587314 37.268717691822246252 25.976067769579998412 8.926885302987059845 8.090645798760579765 57.847797179664588896 67.743955925322651979 98.078045587640261260 6.455164570934820212 76.484703256504019464 57.997361289326583744 26.608705516254360646 62.736055951970818967 16.083827647581639297 10.900343217366980753 74.458475566396771228 78.617417661309119126 99.122576872864314623 1.962413771131549023 45.810993561654811401 90.026314105282821743 96.107893703399341234 37.932793563771312506 5074.067605873436150432 47.266089859540983298 20.413763298918198075 97.915638104006475828 41.689875784088691546 73.175576133613347452 13.763859790916177062 83.463745670950160616 40.457496172740654572 56.029515143439859060 32.089673357742938720 66.690672275156629212 62.414929821067183013 96.010541128128707555 32.870707055225537374 15.269877397212553660 81.535182078211562384
37.272612361530732983 43.208090580300840600 60.982318063040011680 2.117891606157939144 58.258255289302375957 35.539851065684182174 9.801594125760058063 91.478949021370169703 13.133652814068348391 20.788997937517184056 39.015525097106639407 20.019419844237848594 21.363425405225758169 15.912288705613930162 41.242638586982565130 93.327720523291858967 85.880484938217364288 19.557518913432996754 89.884968853488487639 38.591023582779413914 81.664342995066931508 62.910922240273848161 52.905990248786444852 95.629751437726270069 72.209221914344226434 38.295496080557356322 52.814732176538981889 63.703446004818403026 90.693569999730726749 16.702615180234818837 14.164017909937824058 91.947966436174823457 54.983669765343485381 66.516167412149258098 95.142174912583882929 84.279460776788525322 71.679769217067956788 44.578896159923203868 98.552282617859603420 96.079328676911586626 54.500114563788237376 61.869008992518295997 54.482817280902196444 31.093704949688429906 17.235232779416072901 70.186067544329048928 91.810371754682009282 59.023206520787319107 47.171102354728454031 86.383776207834714000 51.363225076662516244 71.336905220235450997 17.793912184075409755 40.640583580611952641 34.547189438178556031 71.535475819340959447 55.760070789114458023 51.557870949935185934 96.901034308303081843 99.878622809675363214 31.817025431900599841 65.153014221020313812 76.941442541263782573 72.439191051276040412 26.375713875310093925 4.149547907779489009 57.804204067037389336 27.214978951149433328 57.898096778439374077 70.109323484101238932 68.849330290309737279 94.683739292416944977 82.847660073808683023 72.069931020798449595 87.782759817308047445 97.751945602274076919 31.348679158109057141 39.066117427539239770 35.375587736565776709 55.723646184546240079 64.862475808958095058 38.131511273188024802 95.365701471880669260 79.242205842668440141 5042.980179774229327450 96.802914128531185156 96.021233454903111237 15.869699648111392776 87.840288997527139259 75.491476169883242164 67.776871499065833859 50.498023882660184825 49.962141479532881760 7.685802906333651485 91.772993243431940869 9.391759388067624670 36.055373756686805109 48.821491781778824759 12.036624391079699947 77.722665125548090259
12.111771249389649441 58.186896506129976103 32.683826593140850036 99.538224922419146878 74.510258230642747890 24.593301027523200020 79.798989763537406361 2.882462394935700001 40.940272678188783573 98.160241075846158765 64.345444342674156246 68.168312668587731196 53.250486011738075831 30.853187728137530854 37.448401143671404157 16.240642517783815180 15.653375380603373301 9.720044163958249328 75.283035568215481703 60.411283538666488369 50.668583285092338997 21.727993386972613621 52.462274281600002723 99.213336498466020430 60.574262465590123838 45.845206855469868401 48.479826502014560674 63.959751266372471434 24.145590607435931219 30.412662412071309603 81.588926427250754614 16.639557752400740753 3.516700090755014330 17.126248072667234368 85.484547965320572871 43.206037631077030881 67.348816191084225125 21.127105609968246824 66.898848819394387988 71.590587401149818447 1.757131566154907842 38.058453240823425290 21.332579240849831592 7.691086741260244608 15.585776135180298141 74.436833905572740377 27.989214578481949047 95.861014305661214507 16.921451405137709401 31.616783110457095773 35.108981035371449764 40.263644413406787237 10.357577335694088561 46.560185681094083066 47.094120966846347187 75.890254405170836094 44.287347167021330563 7.674162432832544845 94.716445236021229448 26.244733408881451453 45.874531505417088795 29.034732258379023051 3.103153666110499476 80.183159172104438994 64.427899863173337280 94.055749779552726864 68.444787310837526206 43.223078963740228176 63.463991665087519323 12.869675933439665982 80.690599817461674093 34.693878755290555205 66.112712716831495641 65.396168174587273825 85.888559224764065902 88.986509095809992687 98.661859028596595067 15.766810974070933682 98.322913329005743321 30.043822456493362694 65.376238671114236922 89.275134899220731199 12.701214371991508045 51.875899514006107438 98.150540261061621550 5095.641974814185232390 69.625859511853576578 10.714434933919461557 96.135062116190582060 28.182576440913454263 91.524518433207305179 57.142736466794644912 56.608200364391962012 1.928985176352280728 91.107397296944881759 87.725372479379259971 75.933656922907701414 79.291252295476468248 8.410648922270226535 11.671187545042005951
56.074850495818658658 50.121749932617220225 26.125519968578544194 42.490030253617611322 60.896030588211061740 73.527523064778705475 12.167813724416483012 92.240835305970222180 79.052473696069569087 37.995593376048702794 69.854388493509574687 39.626386245452934531 48.364910903111912432 79.177127792921211835 80.539564532749039927 73.605881681256121851 45.937182750145701959 50.196768317778733604 2.207592322587907496 97.119261038712210166 47.105294078569301064 94.521745450657093102 4.814581491048536499 38.789521718591238653 25.432851374439870540 85.914645939386090845 31.084620125397883328 28.922265889020799534 71.228747737893414183 38.004417272077112955 54.016930970811756652 66.196490003980315464 8.267354968803790172 23.438972748427591597 72.480225178805611108 39.470179070322934933 23.577667539375347872 93.673591139758642043 65.721898990340548607 36.336282360695463467 29.586115736018115285 66.120308383744443859 39.626862248615864814 49.526805736177294648 19.609506095298922190 1.026375279192938805 89.590992468195793208 48.919979252363980038 29.346755924300875762 52.411700871012349978 4.472203913882415449 99.505651585815058979 80.152930525314175725 40.574715710949526226 89.465828053486262661 75.056526663370945585 33.840418665418212640 51.823529618067460945 77.610307577186461003 65.855671161928313495 84.333089088630629249 34.575871914468784496 96.948461881081769320 40.523529931013634098 59.520371014406087795 60.692986973207645462 61.627891941075951365 31.720761446283912477 28.227281193851919028 55.011340166403421392 73.523870014691013353 81.048055005401621997 34.700759295080061406 19.650037239599136285 23.488072877805915795 1.639081224522376701 44.151983394806421757 12.041651097155428474 71.836584082279472341 63.807617086691266195 22.775646103652739782 56.418636407300965629 37.393692268898305997 65.705709564027671377 44.752721115223806692 8.053868683035924292 5039.404026071540101839 7.889330716990190062 19.810715583831058240 62.668563664421604642 94.485518573069583681 69.529980258630104117 31.048132446638327053 61.980894115629773466 2.108430058745883517 85.960022135728507919 6.992128937954727341 82.710764600989591600 93.652298060682795722 24.318421991153908124
92.380774384251651554 67.665426257663341403 26.220392075434894252 78.014752680793151285 32.163119430391375886 29.228508618505319561 13.890038411212701774 26.960133090723047644 28.313933986792282127 23.190541194984565010 58.107130363551434016 89.832137971012414823 88.807949961647310033 96.315395092004735034 77.636203568017563725 68.199230082458498714 22.268416394475625708 22.839441388185715454 54.926970335163055381 45.478804945417543593 72.618867371187988624 36.840336020205633361 68.056878088548344863 18.811449181839055456 64.288462282677897974 30.270842291770254207 57.263273097427934033 32.186318419902647747 7.753196484618586126 36.922634383672956915 53.564529734716593623 93.297063484555295076 43.297663290289442273 60.987691709427565456 87.502132302524671559 46.103268963190672025 13.196075047086740284 97.659094847062974054 62.878156557252978587 25.214479685052257452 77.327868463001493637 72.515333113702126866 68.037177774804632691 58.372971287230974724 8.760524343371423939 76.645598814089240136 67.783111426477887562 40.464752679515974876 47.774106379198329364 5.241875847591389359 46.825146736722246033 6.614754500861991460 31.495047002978825645 66.173097018087588594 22.774613879198028599 7.137940069945747368 46.524404536229312157 8.612733729145652717 10.066906158446892405 61.561530138341133522 23.753159510825796019 23.303643265188661360 57.018326044797973395 6.217625435434807279 56.602138230026653787 60.656806625744948747 19.296277719328610800 83.601178566063026665 12.399532335901742641 26.124689077381109570 11.501252340419400255 3.310007122590968187 50.549945348723596794 50.376945064950739095 13.858270235998896069 10.218007466950123074 22.942993601335366805 15.535150506057769704 63.708541777995655764 97.047326363797921545 71.199041349723302119 45.218022204358447880 94.566030981372861675 92.412978366595623925 12.114644298965220770 92.895059767427298425 21.238649986716186646 5024.700541118488217762 39.470185430292985984 77.065259978237463656 77.629591055020213730 16.510491326382883415 65.715948381746841278 57.678166317891523818 30.653013009124830290 81.986365006485499407 68.473790995842335860 11.074927627558750487 48.646443414732090105 98.696626982524236382
96.993018571597929167 77.639127410958678865 30.063994449322834157 77.335206773512766176 99.266719002411022643 4.110312731564581767 77.831999523133305274 59.667946122558660704 14.903669554054358670 80.665364057013235310 88.199241711493456819 65.520396400572806783 15.583601449838152320 44.251819492943774037 9.676727110719806291 76.641361693629960428 87.904912180267132271 80.491862137322343074 75.587186441791359925 28.400692338237206513 64.968922450496904730 91.120780939217411287 57.708301109849699628 39.449759856099035460 85.926184689797935334 89.835570002015970204 84.408310545648177481 77.778417206763265312 36.623194706842724599 97.349311084197552191 46.330069848003169852 36.383370827060311115 54.174494679309745493 54.598603208671420361 70.965616399381431734 63.127538879280258755 71.369358339404314506 39.781570251073567590 32.076049236213293625 52.612427150002922360 19.514836527591530313 20.087836712454450350 21.018731605778771865 89.663704908409556538 33.826936219076984003 55.117625659498202140 76.890632530514892551 69.025554393838405076 47.644763042377554996 39.933697127728009946 68.842337433216613363 53.907206161608264949 38.756285933100890873 12.262969761340222874 6.754866176537273503 12.011147047815489586 29.419566136181742877 19.052466155436590611 54.818784981399986123 19.748762652907210224 32.230562451659601209 66.690137608242366696 84.764197919024070416 21.634617822429866862 45.193906701568046458 65.009607552677834974 4.428137452201077906 96.067351777065013607 24.848905175482663310 33.753334507146945498 14.468729193605309291 73.190258691548763181 97.038791859158294528 20.429533188848179037 7.180055720500440941 52.558844248086153073 30.836687871383539061 20.136106870787436662 46.195791143418361457 49.554313495091406594 71.126211778099857952 82.148583943116335604 91.360692370196758816 58.038587319401386821 51.401854600362696601 22.532940370364286764 16.444922216301161910 67.507265811097624919 5046.223489441927085863 5.295609890972508005 86.485926262297596168 20.961517829812017055 74.976196603707080612 19.858164080279536279 21.681004669224893888 4.403378496873425973 87.211709998422264789 87.012902987800259780 84.890375267143483029 35.265771592427327619
64.120373293385569013 40.539838779487752163 41.360372253568741030 23.502252440262346056 51.323263840224427668 59.316910148316999596 13.335529414562996564 98.496478732369155296 4.166806921877862280 98.118359212495406041 90.233529308123252122 9.805126616418805341 3.313682612068979516 41.783020969045125526 93.104698515799441338 43.478428314518843933 53.837340480713841373 60.129550328919670221 24.396292316467910410 43.667716815651708373 7.603043665740003121 42.162971330240132772 17.722905804491102089 14.705808947312856816 45.210254723853083192 21.453995113308913290 81.604484663312391035 58.809715680005510308 86.783081076483355787 96.403381503787002771 70.297876942408109358 1.114180763684208486 45.520889216964746993 19.446321539351558272 42.962078625960963052 55.620181760147737293 40.955067122456050299 65.465975532082822497 70.882604654097946195 90.660743212353708032 89.472497793892586060 33.987801298166431252 53.330514482559166822 58.160798913169564628 2.956343276546866683 77.639454568040207505 59.710664056714485071 25.831010898253641273 31.954626564208297168 81.789526229146133574 75.954576258797857236 58.839339800254236934 38.930967183660868614 24.697451759567602636 58.357941131146191083 10.121672986078175782 56.610555589784567587 18.892132862751282119 20.539820617190148511 77.263186753926277106 37.653858142640743267 31.856413699384276583 67.370398219661026928 48.665999923772751856 40.490425012350044653 21.149153064625238585 95.864035029300183055 58.189721467908718466 64.914371358212207497 90.644554827856609336 83.303951644430782153 1.892721275610887988 32.521937699129793486 68.160214418593866981 5.345751713574705022 70.243880854511502321 21.779937159538761193 92.706913936684728128 79.120750566634598044 67.350007372443613463 55.648646867110485914 81.160475559047199567 33.169491723839485076 48.310487356718269325 98.098669142696522272 55.398679593755971950 90.285357589375877296 24.372408156998574214 84.524383837283508569 5091.912618491991452174 9.072027509170803583 3.556777881688357290 95.493968483292476890 83.312148602302130485 56.559625153948616116 55.134136717941963468 19.103378929610194348 73.819579228596936105 41.258618627653923738 53.564065993017813128
75.196585914556209218 16.730796653672385332 23.941812070982884109 37.890052803031402107 71.349065623737516262 24.376102135719960984 58.136843774973037569 39.283144455865013356 18.444267898780122295 70.185403648314903080 75.147935019643398391 3.783444892165432449 45.586366967707839137 12.272376259807121102 56.664457142764284470 2.918807525282602455 41.900328062508805260 62.152178354359904233 64.670140784327955430 45.976887971818655387 93.798133701029300369 89.561363238445863999 89.479281973542882156 21.888594500384854769 54.975070730393120755 51.466907747312831134 42.350205929802363869 8.937431815541525992 64.672588756237388452 42.624871867945323345 55.641531457776849834 79.577713559079825245 70.680948287028101618 68.457674902424585639 59.168886157709835061 75.082508701589006250 85.580666997611729130 32.287885192306561066 5.436761630189598904 10.591351436086304361 55.916488168796355751 76.728875917013922958 15.503394057966465525 2.047126450843836487 46.413917290637520807 16.917637710724651612 93.969105006697475346 90.410421476965524334 1.553252053397719212 15.843531862272415722 47.515286500895150823 91.941964775167363655 96.780714732276251766 17.115491375563696153 19.746452305293392016 20.017354198794258480 42.125831097414923931 82.766306679959313897 64.132560743377752033 45.043607192981738763 21.337570746082590745 60.720698852579644722 1.950452523423672702 34.347456077581583145 78.009750543354357433 21.922256334661387456 31.793623033837359770 33.554956116651112552 70.581127698584694485 47.354559809765092382 54.839807269041799032 3.366132023076605861 66.718853569488985045 56.639998040062259577 51.245695262502408696 12.039070293699701608 34.717962827028294726 51.850466864707250636 64.872439113527164523 73.921187784027097223 53.568681699824125531 3.151008568336376214 34.732550214373176800 84.168455278576729484 77.813260276743775989 74.593703154295951663 60.482537176050485073 56.425773117861737660 60.004750285188272585 18.334076037247942992 5081.665083304455038160 65.938196834378388189 89.842170772360759656 57.503995801099144103 12.010411817497230302 99.572228234614783560 18.878798042804241675 36.962725024226472215 83.764719237306351829 72.673994423042756807
44.623638717974799306 78.728967006249803262 87.584639261901827467 21.514152425652291356 64.186663877673453271 47.982849565692021088 28.650051480218539979 4.708596957707163355 81.176293312324247609 39.356605247414925941 73.206721486369929153 27.557136435995044366 37.630895264937414879 33.556241362163085284 20.948458546052272311 39.532115988872405410 79.440261158386064722 72.590951369949209493 47.650638328215258355 29.768510582925458152 8.814559583311524449 79.714758640552503266 21.869991687737616815 61.625523115569528443 40.663734586865274423 79.034681940728688687 72.254499793012527675 82.911765018030877172 13.773865690391573935 60.457125738590853814 64.140022919720451000 68.436758814095227876 39.810687619642557422 25.636113811733881818 27.285347761218986307 39.253649048130178301 93.394682234958835920 96.706101741866064003 81.057739166861011881 79.258760716525728185 89.232616048243002638 20.653798795495461604 24.961179320018338501 27.631879028471605153 41.495717149136993385 3.135185816835095896 96.507162960813104746 89.501301755015020944 51.555316638324356404 18.551264874401955041 7.439219224023816857 52.891773408190516648 44.461858457801248790 83.712232136019935069 93.467429222597459670 38.572188208744151439 68.717715428850283388 27.096187023106736547 42.099728448775820766 15.718042842649321500 79.333745279711280318 11.325792669868713247 56.164543887174268377 19.243197197655145914 71.140768895313229336 4.373339715811560779 1.131242394610264546 48.443106530920879038 84.085268895393980415 82.885628719271267073 40.905149988726421384 84.983091255587908108 45.827729686914686624 58.946747455611969713 23.375016097521584157 5.962199919132882719 17.730301071396826984 24.637972964936896147 35.674320636057430534 68.275007693823638988 48.382015385370401361 99.015161594115127741 92.865410659781190361 68.710193625832715725 26.612563335653206309 38.804718058893733712 72.786583427583792627 28.373131907452265210 68.703946434568777590 19.390513370692367801 95.509149899293063868 5089.027357718013263366 86.371055612309731941 28.471156366814931005 10.934896265462407783 70.214435187215471501 45.362617562359169199 51.893828299868509646 81.476846455825025828 13.797152682827837467
20.259073997722445881 55.589712024398117762 56.439932334214311993 30.611645250987841393 22.831022627426179383 42.207452460194701871 8.218625387255981352 82.208871008196410912 49.913076260645489413 59.635479098886733595 45.047672115390071212 56.641923692475174335 76.065921921283248253 61.347940679602970704 91.373075572940393840 46.034537528240640825 85.482524723044690518 40.843537893693024898 93.610278657296873916 16.173482981032812233 2.959790108489393834 59.981028921561559741 95.168929187162575545 23.125694237003013853 11.674077733601905038 8.642993665238851264 93.190412825570959399 53.259263070855084266 25.050014459463920247 89.089983332633678970 96.630123479844655776 20.838378836357332347 52.353018046136220676 48.211839680148386833 54.844474893507594970 68.779330763957148065 52.299133846598373054 74.890522308685987696 88.469510239963213394 92.073833396451163935 40.997508797041170681 4.360548656497174491 94.304649273027195022 76.364394636703309516 66.964192930835793049 45.684807635118097835 54.708695783980992644 51.217524789833213106 73.108185714572073266 83.098017893383740784 7.577940452763906265 20.073230256593269871 81.880659521953319313 52.471246010749048594 12.380729846935111027 85.280701054083593249 93.596040515244894209 91.003141504436058540 1.180773028589160667 45.565449462595189800 61.171463225033981814 9.490383104122702917 10.887194400444496267 43.906656650480982762 18.262838526096544456 2.637262627696438155 58.430804168192857162 53.362356634448495640 76.634799026043694425 12.133628794569364828 74.794661987143271631 5.728114264106082487 32.590883641391350523 92.489703503500024340 60.403692198449121520 24.472558090574374035 3.025567052109400912 71.579905197337609479 70.824760840616448831 77.627348082823061759 8.147830279118327468 76.451249628915135759 24.111505031015976641 49.086995392230726054 76.476350220307665495 96.405518075131510614 66.551356810860369251 27.333543995789085557 88.284427064662125417 36.292051495481743473 23.003543808581941477 1.105207640815922598 5087.259775397578778211 84.770120478732650326 36.654985730097848773 94.739773452387154862 52.294671379726132443 74.005445467558331529 65.907414276763162775 19.192457717352731095
44.267866131557873643 23.778326202636769438 43.045072197326405217 16.840369497362544848 53.241993505525755381 89.675936166839690600 60.284116665268193458 8.490967415189675904 55.457668214812379404 75.927551354894362134 30.999538426275830005 61.109516293071209248 47.196864005145819476 61.688198532119486117 13.856136986768154529 17.363583092632783433 64.486409647361000452 22.557991322941369106 33.844739434352270280 82.148277478641631433 55.482779935280944983 95.208972678391816657 10.694244455208282929 71.413916253395129274 19.180482088317042155 24.569714847957222048 66.204370858179743209 2.452669556826717390 32.959217437416747032 68.704099981593969915 27.016642363128958948 49.715984864079253214 39.358814623511605646 83.407859590065982047 15.628537360740697437 82.481862951883442747 11.163680821041259250 3.968567546084827313 8.579803612667497248 27.487959973042666917 24.465610271825994460 42.672357734419762210 30.073276747961067201 40.729170821938168956 64.872340142853474276 93.762623345391872931 56.741782507679388914 15.851926738576922915 2.585405325370929930 61.199638055343982046 55.688513785109542198 63.385177632842221840 13.697578148843293278 17.114291872856224330 76.491499013802410900 58.762539308050655507 76.529171880547622209 21.084306169730606229 19.364599172147368478 11.792399438407167978 75.390750801770423095 3.915272134089775591 84.169905824931646521 21.979475763376338904 49.045696764409179025 74.458873721873530371 42.276078219203583330 24.820614806551219544 9.000389130748610356 69.395947087148527999 83.675916206321659274 66.558350126411738756 13.256769839387526844 97.290871799803952058 54.294551116460858964 85.466456927523225318 80.651053720486700627 63.197651214594799285 22.275139352689851791 93.388320736473900752 46.072227887938588253 52.739582030754910136 71.190971032113665729 92.075053992938507008 70.953752989355677983 18.936567321456841739 57.186812664604723011 78.508871767823038113 68.797353188419904768 24.044145635027270202 62.202811748289740024 72.995041391054968472 22.051799950752350554 5077.900326665483589750 8.085937627399490069 94.718642500464369505 42.027919876307393565 28.141833358386318054 89.455958879671783279 64.216939583228054289
72.120731308424510075 19.602101731995631440 75.522087202411114504 43.818597860501498076 75.483258065905459944 14.156493736589672139 78.323541415862365511 21.050972359917178522 53.811247912742366850 17.174698540301378102 40.389405963146465695 53.461581727996808411 37.003476609553167975 45.652765842575341537 88.729582781933046931 20.370192259329730433 96.711248306440921851 6.362173622731441824 50.146394415513682929 79.626473090500269336 47.262515619387976074 25.383816125261507324 5.336555645521274371 81.602721494890545273 86.577530587300373099 71.519521830370308635 39.283572589468796821 7.911462238582584128 55.251629551186169920 22.734038624177173915 75.593789711313561952 99.730210721463379286 51.698371757798383896 32.944414252924403286 72.119453739407532566 39.412782599445428389 55.653446671796324097 27.648542574878902656 48.139268883496278306 69.007118144084230948 57.789190509031897136 39.779242223376762411 34.492042180658600614 83.319258863711993968 31.857464905450736836 77.193195161582366381 76.463084390214376640 14.871671339300323922 2.023467236432658467 48.113479167964300132 15.904039651532849931 70.128272143183082221 5.787683566681077529 85.911262202608710936 17.625480856502598215 52.153973782256009883 17.724434875471818174 83.936229133727010776 76.052732120019044260 11.749574835385301341 9.747161387117424525 31.829449182409415897 29.874659362154012854 35.036698802177212997 24.409468181742351334 39.664809928075023038 94.799906436962075418 60.206575326983085006 17.075169034880442354 60.874564752034572734 17.503761119443908001 29.342110497984812412 79.746068655324080510 94.985656685856724835 91.836355350377928630 23.348824063637419357 78.388037732739377361 54.793824025830758728 57.584622530661064843 29.856216506785553833 40.980236115184716539 57.247293827204472905 19.898959552433201026 77.591792937309094214 49.646581251669189783 29.536717161829848521 35.932882846283412448 43.358889562479490110 70.438099181222895595 48.166948670234397412 63.436573737397587536 73.824407566114572887 95.584796293977717596 36.933763295804780569 5091.886133926337606681 72.064152782453135160 2.851371101363139982 25.458021274274102552 15.268219654362944482 25.920706454848101430
44.406634622521522715 81.052950829656751353 79.615735056502529687 38.765066956467130410 90.044792501093496639 82.393579750409244866 2.838382679578332457 57.151322921029084512 18.632449336159272235 9.561501142325617764 9.056254663620299183 73.129127630502438251 49.882928447378432679 94.724228042514980075 16.427974085976487117 48.851952711513803251 94.168161402920901537 67.223718741584647773 28.971197088130693942 3.974112846241997676 45.532214639528881150 13.722169192227335444 29.748531472130064657 92.317450094558083151 87.467672303004476930 64.099470221568310535 62.897509274160221082 42.384593762646460391 33.371681295099527631 57.339527374247509783 98.025246541137406098 5.555377912245297090 31.123067181533272674 92.259211310962527364 82.158147928164424911 96.294606415546809330 7.908576350525325260 52.222311670089958113 92.549111369846031039 41.959674690918447482 64.120869777115444776 44.957499624444118069 69.482661538292759928 67.125737734269961265 93.750979159883954139 18.657293697040554292 55.656692171801275038 58.241127956334608484 82.085142977156024813 69.127804013804450278 91.011419054912650495 17.729320618152723199 80.730552755070419835 31.713374064678117037 12.102765128458393917 71.752225442667679545 17.066293370924967121 61.446424474206096988 73.197156964251789191 45.281666315207374396 57.480757631974221056 68.811449348547185423 25.401460745554082621 33.194681685214220579 32.134518402285820571 32.031180072573647521 85.606945562450732723 76.354882266534005453 64.397789210636688040 4.352787002877827049 21.963042048428505382 54.450119420081989574 54.558984231116291141 36.465310501136897869 17.327108751715652346 17.761018184223207328 21.550936245611076458 28.117718088571102442 41.202547144101949073 89.065703515233508369 88.453452103147213847 82.461514051501339395 76.060908352553354916 85.342083774871653645 84.167954170414091664 86.291410047179198273 68.033491390251342068 61.466748233438863736 30.782810222664558353 90.480924220393958990 4.970889548358062626 95.635712138236911528 81.165869630924646572 76.469443521151276855 73.205133513648235066 5068.058419727666660037 86.684384376133536421 11.659479202532185838 77.342629409060521084 13.141324149697068080
21.630410786047210792 5.500618246053484484 13.394220737523671261 88.803120234709069791 95.880515529928629803 49.287471819538481554 37.237382330289328536 83.320628789961901361 29.892126487421450065 9.882754868272456861 28.140810210290958082 53.360346722233892081 56.632112387866250458 12.002410105931332396 40.856994053647277099 53.158253136334273847 37.140376367719539985 39.944150993563376062 38.599378565571306865 85.845311129975200970 3.194604401701315322 56.037223982982034443 17.495896137371925505 41.855528652482576035 3.588457118713817451 96.344851611308953920 38.833476492066090202 96.177123973482906649 59.214639506831446170 52.866567001701483264 52.671180653288558915 11.474975018703796437 96.160379996582221906 96.288565554418340753 89.459451814917343881 4.907602818385218058 22.794138041121406957 49.980400970928478444 34.848793793467379487 70.317035578034321475 99.241887508561987374 49.097923362276382875 56.522408765251988427 11.095110553215443261 12.715743237305254354 24.025863207405286914 84.081144834246458686 81.225615105708911301 68.773072823944801257 1.045182074998444399 86.943758935766339846 76.277059355314008826 44.915604608162304601 11.987281718636763728 40.429981674382467816 85.921314192861359516 67.710455596445399351 9.903336137163687880 22.891612405949000930 31.652934616236368726 49.494979471737870824 44.257036374993674599 73.662051511106000135 34.416638471000034372 33.199617481375838679 48.890139634474479635 87.224443145147247947 50.437603050551231831 30.745803509695928568 35.313581801841941399 7.126220102685481450 89.874578801550811136 60.023383011640909501 66.855958765864357929 85.486794657398888830 38.649900439974175015 6.366015391885107455 20.382096538116435624 21.925071282470131706 44.897898194999577015 78.384378012153064219 9.451438615161059431 91.900536199181473762 35.670831500467976127 7.477320539988355996 75.203777206472565808 20.749973960358868652 42.685585398088207398 85.131120751907829458 23.092071514661455467 64.014765717616995744 81.603639398598772914 29.358773403046495076 63.412933981662867211 91.678029318203016373 29.928048250299074340 5006.831017089863053116 95.677659883471093849 77.417568081291918247 80.769388203588377451
93.461656984801109616 44.165540458272758428 46.545881293986376193 68.652501356182227710 91.296710397683170868 74.103296533843902694 45.391546905345101948 94.702674946045689808 70.853716241835812184 39.853385544774326377 2.793675585170781961 99.440077942578085413 55.023861982249307800 93.826204830512850208 58.735361542211009578 31.963357665559009035 58.766628763521971734 43.894138926198536410 62.413462282158349126 7.348908508054709188 12.372504650350935052 22.118184088424136746 67.371283985634107694 29.193789853611392004 91.809499535828862804 96.682625830530810163 91.130092675666872992 62.338963916401283427 94.024398695778089063 7.750766179282544854 95.613258257957014052 37.093107197253033291 53.469480107144178760 91.693882100973169713 98.847430115903705428 41.134821414499874948 7.191121073727066992 40.225166457017039079 34.072265408978779533 46.472242501868457509 62.377930102921666844 63.597585029912337973 41.603291104100449616 43.661859364185751531 5.487767137050486355 91.979866229550921730 20.702567989002957916 13.182796989838013957 21.255279626251795122 33.288627532041537904 96.786067519449630936 89.700977646912448904 48.320067168566815496 3.750514608198359578 39.594396664213867609 50.522973585025113152 25.286821343716368915 54.523931372096583914 71.150532932733796088 58.628562177361203567 94.823464918570351756 25.138989349306779530 7.031707871321555281 15.137285850618757976 82.562105930582930569 54.178540624398507930 63.928872147578303498 85.254454389775318646 23.614178674076864439 97.420395596562414653 32.499180239882527133 7.443628230805630963 26.234104815097907704 91.284576119069285483 46.896537715707339089 86.033974727240249081 12.678973973578958834 61.169930818004125683 92.215160552137561467 92.012455148679222816 41.203125095385914278 21.427524109499344718 65.486606815136468640 41.427283342898839180 92.221204116187095678 64.443344417796737389 61.348300761194686004 4.405460918618873123 19.762867196649605006 6.556801531593731802 77.665618678533846264 12.839112809040885921 92.432717534633752621 18.148127219032499369 56.351991326589093489 24.133525228027291831 58.707421519988329806 5088.646944805974271731 5.727350131883561346 79.225473223111336551
78.396744451262065922 67.556031168800217301 24.079704007493752727 62.299603229036591756 81.492437163973406200 52.639660181982897313 76.946531895648476507 54.848721911379328731 98.275364317594821273 20.005794538382350112 47.232026828784206884 72.315180816681248643 62.090977065614644914 82.108280896392699333 96.551366311594605918 98.946405767897658734 92.740421701491939643 62.837546792569703769 34.475228294334669954 59.464728655104892141 67.218148443347857324 83.050997961998859864 19.363049709551706457 33.434003051831894027 52.972440734394091066 11.377126128149191331 94.773974866374715020 36.323321478513022953 53.158844978792672009 93.420701940425161069 74.519616164496426336 62.147921319872928336 57.141552133399990510 28.246431900761699296 2.338974863274617011 20.970174713909329967 50.961676146273198640 57.245011751332135930 19.785992635091290026 54.356586239297698171 6.483483528268014773 83.081622973859424519 11.182699419308910649 61.029477804815066122 7.958204550461529081 80.025609581524463465 29.563768978461407499 28.185580574644674812 94.932586622803313503 21.997056236879519275 14.679004326137061298 2.850389351454218900 81.802906047073022933 43.771993310217133910 23.526005195658068914 63.032969817842406712 52.600685479879842887 40.876262044650260918 42.141126589531097579 60.603510982629657633 78.176255678301458829 7.019432525282621071 8.924402093105225475 72.087258553366837077 49.548129795746447712 62.350781399105130731 95.964420903899025461 45.187018849504497098 70.988845023044945037 86.103366379413301956 3.383228072892475957 42.404703133630356149 65.085437148452157885 36.357097785350738661 42.394431431686079748 8.085616957167669483 9.158218847409120400 69.648236974185707027 2.852505496193449286 84.685604694322279329 27.170151250379145580 6.904927135272801664 99.095119929006472148 25.671551853193797399 11.967916934554821751 65.921129419862438681 65.209614719171213437 88.518902878662316880 93.613916795906348511 38.744337047351450565 61.308049613198875250 73.933351104601896964 86.511167928962876772 93.009190546578437875 22.619254377774108633 41.865275911212350479 88.780432277903230442 56.982578009848673162 5019.360997805224542390 61.137701372545926404
24.325437886433139312 31.164615324411325759 1.377827801918963146 64.554636767292251420 9.344697052842311891 61.991690793455767050 17.072857285119940940 52.007977671811055131 39.691186844484242613 20.384335241677270290 24.160386809089889226 38.276796294161137268 3.410497236397789234 86.306745151731092847 88.476719493949104844 2.621617739511876266 58.848719165408169829 15.778961753413321745 76.165532290694088147 90.486259314567433876 29.378414447108674779 97.161660952239657263 90.683528344658242304 83.163325358898035233 78.706451071752297821 10.653501042825380907 31.305470161593515144 10.663217311295463574 77.905112961748216094 87.576602059487569818 72.568639834805239275 58.338174814984185446 99.588060231664641719 69.361891247194677135 1.149129640708673072 62.453397828730956576 22.951856183832916258 92.653041804498059264 87.975897485879414717 47.892640972217684237 12.321359950854652965 39.838036510285121494 38.697440876391155484 77.971894380991130902 69.367587307320945911 92.561997004140792455 51.993689888796069454 74.357069874513925356 79.163800678472597383 61.207771000836139308 47.714969900648291912 9.962476982574839823 97.645745394391525451 61.067588684429367163 33.907926306558330509 50.595751822010441856 52.369711463445582922 89.922183962465908280 50.442572415763599736 55.809403878759724194 75.128023330005376579 77.936467581155767448 40.079655666388347868 64.354858462638205197 54.763206121086717815 35.206254591365230056 50.839328477471326551 43.986686928826621568 79.294169958933593989 90.812580633431323918 19.645923868559638237 54.834493138058277850 40.528852959333065087 93.998667425994611335 53.682886350669164699 9.640582068525834103 44.048376903308572139 46.133842464324146704 54.676453613665614739 93.972083946070142702 72.624028848601142272 68.579308721224549572 32.036468454780674620 43.174505821117328708 29.907410463030565495 31.538159748891743561 10.640745721080664410 3.427264793684590583 98.110143664632389005 23.631999920182867214 38.927026759226947661 35.266583906650488700 6.680081794651621330 52.286481444546367925 38.840447581349330619 75.359130675930288135 36.530633601272057831 66.088950304941235459 31.452274242342664223 5004.424109129483440483
