5035.220401230486459099 0.000000000000000000 0.000000000000000000 0.000000000000000000 0.000000000000000000 0.000000000000000000 0.000000000000000000 0.000000000000000000 0.000000000000000000 0.000000000000000000 0.000000000000000000 0.000000000000000000 0.000000000000000000 0.000000000000000000 0.000000000000000000 0.000000000000000000 0.000000000000000000 0.000000000000000000 0.000000000000000000 0.000000000000000000 0.000000000000000000 0.000000000000000000 0.000000000000000000 0.000000000000000000 0.000000000000000000 0.000000000000000000 0.000000000000000000 0.000000000000000000 0.000000000000000000 0.000000000000000000 0.000000000000000000 0.000000000000000000 0.000000000000000000 0.000000000000000000 0.000000000000000000 0.000000000000000000 0.000000000000000000 0.000000000000000000 0.000000000000000000 0.000000000000000000 0.000000000000000000 0.000000000000000000 0.000000000000000000 0.000000000000000000 0.000000000000000000 0.000000000000000000 0.000000000000000000 0.000000000000000000 0.000000000000000000 0.000000000000000000 0.000000000000000000 0.000000000000000000 0.000000000000000000 0.000000000000000000 0.000000000000000000 0.000000000000000000 0.000000000000000000 0.000000000000000000 0.000000000000000000 0.000000000000000000 0.000000000000000000 0.000000000000000000 0.000000000000000000 0.000000000000000000 0.000000000000000000 0.000000000000000000 0.000000000000000000 0.000000000000000000 0.000000000000000000 0.000000000000000000 0.000000000000000000 0.000000000000000000 0.000000000000000000 0.000000000000000000 0.000000000000000000 0.000000000000000000 0.000000000000000000 0.000000000000000000 0.000000000000000000 0.000000000000000000 0.000000000000000000 0.000000000000000000 0.000000000000000000 0.000000000000000000 0.000000000000000000 0.000000000000000000 0.000000000000000000 0.000000000000000000 0.000000000000000000 0.000000000000000000 0.000000000000000000 0.000000000000000000 0.000000000000000000 0.000000000000000000 0.000000000000000000 0.000000000000000000 0.000000000000000000 0.000000000000000000 0.000000000000000000 0.000000000000000000
24.400703991039609519 5072.270582125540386187 0.000000000000000000 0.000000000000000000 0.000000000000000000 0.000000000000000000 0.000000000000000000 0.000000000000000000 0.000000000000000000 0.000000000000000000 0.000000000000000000 0.000000000000000000 0.000000000000000000 0.000000000000000000 0.000000000000000000 0.000000000000000000 0.000000000000000000 0.000000000000000000 0.000000000000000000 0.000000000000000000 0.000000000000000000 0.000000000000000000 0.000000000000000000 0.000000000000000000 0.000000000000000000 0.000000000000000000 0.000000000000000000 0.000000000000000000 0.000000000000000000 0.000000000000000000 0.000000000000000000 0.000000000000000000 0.000000000000000000 0.000000000000000000 0.000000000000000000 0.000000000000000000 0.000000000000000000 0.000000000000000000 0.000000000000000000 0.000000000000000000 0.000000000000000000 0.000000000000000000 0.000000000000000000 0.000000000000000000 0.000000000000000000 0.000000000000000000 0.000000000000000000 0.000000000000000000 0.000000000000000000 0.000000000000000000 0.000000000000000000 0.000000000000000000 0.000000000000000000 0.000000000000000000 0.000000000000000000 0.000000000000000000 0.000000000000000000 0.000000000000000000 0.000000000000000000 0.000000000000000000 0.000000000000000000 0.000000000000000000 0.000000000000000000 0.000000000000000000 0.000000000000000000 0.000000000000000000 0.000000000000000000 0.000000000000000000 0.000000000000000000 0.000000000000000000 0.000000000000000000 0.000000000000000000 0.000000000000000000 0.000000000000000000 0.000000000000000000 0.000000000000000000 0.000000000000000000 0.000000000000000000 0.000000000000000000 0.000000000000000000 0.000000000000000000 0.000000000000000000 0.000000000000000000 0.000000000000000000 0.000000000000000000 0.000000000000000000 0.000000000000000000 0.000000000000000000 0.000000000000000000 0.000000000000000000 0.000000000000000000 0.000000000000000000 0.000000000000000000 0.000000000000000000 0.000000000000000000 0.000000000000000000 0.000000000000000000 0.000000000000000000 0.000000000000000000 0.000000000000000000
72.546377292768767120 58.909275793218618844 5040.545305565546186699 0.000000000000000000 0.000000000000000000 0.000000000000000000 0.000000000000000000 0.000000000000000000 0.000000000000000000 0.000000000000000000 0.000000000000000000 0.000000000000000000 0.000000000000000000 0.000000000000000000 0.000000000000000000 0.000000000000000000 0.000000000000000000 0.000000000000000000 0.000000000000000000 0.000000000000000000 0.000000000000000000 0.000000000000000000 0.000000000000000000 0.000000000000000000 0.000000000000000000 0.000000000000000000 0.000000000000000000 0.000000000000000000 0.000000000000000000 0.000000000000000000 0.000000000000000000 0.000000000000000000 0.000000000000000000 0.000000000000000000 0.000000000000000000 0.000000000000000000 0.000000000000000000 0.000000000000000000 0.000000000000000000 0.000000000000000000 0.000000000000000000 0.000000000000000000 0.000000000000000000 0.000000000000000000 0.000000000000000000 0.000000000000000000 0.000000000000000000 0.000000000000000000 0.000000000000000000 0.000000000000000000 0.000000000000000000 0.000000000000000000 0.000000000000000000 0.000000000000000000 0.000000000000000000 0.000000000000000000 0.000000000000000000 0.000000000000000000 0.000000000000000000 0.000000000000000000 0.000000000000000000 0.000000000000000000 0.000000000000000000 0.000000000000000000 0.000000000000000000 0.000000000000000000 0.000000000000000000 0.000000000000000000 0.000000000000000000 0.000000000000000000 0.000000000000000000 0.000000000000000000 0.000000000000000000 0.000000000000000000 0.000000000000000000 0.000000000000000000 0.000000000000000000 0.000000000000000000 0.000000000000000000 0.000000000000000000 0.000000000000000000 0.000000000000000000 0.000000000000000000 0.000000000000000000 0.000000000000000000 0.000000000000000000 0.000000000000000000 0.000000000000000000 0.000000000000000000 0.000000000000000000 0.000000000000000000 0.000000000000000000 0.000000000000000000 0.000000000000000000 0.000000000000000000 0.000000000000000000 0.000000000000000000 0.000000000000000000 0.000000000000000000 0.000000000000000000
26.993526775111238436 17.614709797138591085 23.862537893739901307 5087.168948979552624223 0.000000000000000000 0.000000000000000000 0.000000000000000000 0.000000000000000000 0.000000000000000000 0.000000000000000000 0.000000000000000000 0.000000000000000000 0.000000000000000000 0.000000000000000000 0.000000000000000000 0.000000000000000000 0.000000000000000000 0.000000000000000000 0.000000000000000000 0.000000000000000000 0.000000000000000000 0.000000000000000000 0.000000000000000000 0.000000000000000000 0.000000000000000000 0.000000000000000000 0.000000000000000000 0.000000000000000000 0.000000000000000000 0.000000000000000000 0.000000000000000000 0.000000000000000000 0.000000000000000000 0.000000000000000000 0.000000000000000000 0.000000000000000000 0.000000000000000000 0.000000000000000000 0.000000000000000000 0.000000000000000000 0.000000000000000000 0.000000000000000000 0.000000000000000000 0.000000000000000000 0.000000000000000000 0.000000000000000000 0.000000000000000000 0.000000000000000000 0.000000000000000000 0.000000000000000000 0.000000000000000000 0.000000000000000000 0.000000000000000000 0.000000000000000000 0.000000000000000000 0.000000000000000000 0.000000000000000000 0.000000000000000000 0.000000000000000000 0.000000000000000000 0.000000000000000000 0.000000000000000000 0.000000000000000000 0.000000000000000000 0.000000000000000000 0.000000000000000000 0.000000000000000000 0.000000000000000000 0.000000000000000000 0.000000000000000000 0.000000000000000000 0.000000000000000000 0.000000000000000000 0.000000000000000000 0.000000000000000000 0.000000000000000000 0.000000000000000000 0.000000000000000000 0.000000000000000000 0.000000000000000000 0.000000000000000000 0.000000000000000000 0.000000000000000000 0.000000000000000000 0.000000000000000000 0.000000000000000000 0.000000000000000000 0.000000000000000000 0.000000000000000000 0.000000000000000000 0.000000000000000000 0.000000000000000000 0.000000000000000000 0.000000000000000000 0.000000000000000000 0.000000000000000000 0.000000000000000000 0.000000000000000000 0.000000000000000000 0.000000000000000000
10.084432586795005093 54.302727890872724004 3.635369739714933601 58.625825087574888528 5089.270165227287179732 0.000000000000000000 0.000000000000000000 0.000000000000000000 0.000000000000000000 0.000000000000000000 0.000000000000000000 0.000000000000000000 0.000000000000000000 0.000000000000000000 0.000000000000000000 0.000000000000000000 0.000000000000000000 0.000000000000000000 0.000000000000000000 0.000000000000000000 0.000000000000000000 0.000000000000000000 0.000000000000000000 0.000000000000000000 0.000000000000000000 0.000000000000000000 0.000000000000000000 0.000000000000000000 0.000000000000000000 0.000000000000000000 0.000000000000000000 0.000000000000000000 0.000000000000000000 0.000000000000000000 0.000000000000000000 0.000000000000000000 0.000000000000000000 0.000000000000000000 0.000000000000000000 0.000000000000000000 0.000000000000000000 0.000000000000000000 0.000000000000000000 0.000000000000000000 0.000000000000000000 0.000000000000000000 0.000000000000000000 0.000000000000000000 0.000000000000000000 0.000000000000000000 0.000000000000000000 0.000000000000000000 0.000000000000000000 0.000000000000000000 0.000000000000000000 0.000000000000000000 0.000000000000000000 0.000000000000000000 0.000000000000000000 0.000000000000000000 0.000000000000000000 0.000000000000000000 0.000000000000000000 0.000000000000000000 0.000000000000000000 0.000000000000000000 0.000000000000000000 0.000000000000000000 0.000000000000000000 0.000000000000000000 0.000000000000000000 0.000000000000000000 0.000000000000000000 0.000000000000000000 0.000000000000000000 0.000000000000000000 0.000000000000000000 0.000000000000000000 0.000000000000000000 0.000000000000000000 0.000000000000000000 0.000000000000000000 0.000000000000000000 0.000000000000000000 0.000000000000000000 0.000000000000000000 0.000000000000000000 0.000000000000000000 0.000000000000000000 0.000000000000000000 0.000000000000000000 0.000000000000000000 0.000000000000000000 0.000000000000000000 0.000000000000000000 0.000000000000000000 0.000000000000000000 0.000000000000000000 0.000000000000000000 0.000000000000000000
36.302609534355319454 51.929315357000191966 38.146434670231542441 72.579247576071210801 42.555638460917066368 5020.717141106551025587 0.000000000000000000 0.000000000000000000 0.000000000000000000 0.000000000000000000 0.000000000000000000 0.000000000000000000 0.000000000000000000 0.000000000000000000 0.000000000000000000 0.000000000000000000 0.000000000000000000 0.000000000000000000 0.000000000000000000 0.000000000000000000 0.000000000000000000 0.000000000000000000 0.000000000000000000 0.000000000000000000 0.000000000000000000 0.000000000000000000 0.000000000000000000 0.000000000000000000 0.000000000000000000 0.000000000000000000 0.000000000000000000 0.000000000000000000 0.000000000000000000 0.000000000000000000 0.000000000000000000 0.000000000000000000 0.000000000000000000 0.000000000000000000 0.000000000000000000 0.000000000000000000 0.000000000000000000 0.000000000000000000 0.000000000000000000 0.000000000000000000 0.000000000000000000 0.000000000000000000 0.000000000000000000 0.000000000000000000 0.000000000000000000 0.000000000000000000 0.000000000000000000 0.000000000000000000 0.000000000000000000 0.000000000000000000 0.000000000000000000 0.000000000000000000 0.000000000000000000 0.000000000000000000 0.000000000000000000 0.000000000000000000 0.000000000000000000 0.000000000000000000 0.000000000000000000 0.000000000000000000 0.000000000000000000 0.000000000000000000 0.000000000000000000 0.000000000000000000 0.000000000000000000 0.000000000000000000 0.000000000000000000 0.000000000000000000 0.000000000000000000 0.000000000000000000 0.000000000000000000 0.000000000000000000 0.000000000000000000 0.000000000000000000 0.000000000000000000 0.000000000000000000 0.000000000000000000 0.000000000000000000 0.000000000000000000 0.000000000000000000 0.000000000000000000 0.000000000000000000 0.000000000000000000 0.000000000000000000 0.000000000000000000 0.000000000000000000 0.000000000000000000 0.000000000000000000 0.000000000000000000 0.000000000000000000 0.000000000000000000 0.000000000000000000 0.000000000000000000 0.000000000000000000 0.000000000000000000 0.000000000000000000
77.357582225211402260 46.062041204190130372 34.647581150392191773 28.067546166435494825 29.770588470433285266 83.727746834938301390 5053.571648846019343182 0.000000000000000000 0.000000000000000000 0.000000000000000000 0.000000000000000000 0.000000000000000000 0.000000000000000000 0.000000000000000000 0.000000000000000000 0.000000000000000000 0.000000000000000000 0.000000000000000000 0.000000000000000000 0.000000000000000000 0.000000000000000000 0.000000000000000000 0.000000000000000000 0.000000000000000000 0.000000000000000000 0.000000000000000000 0.000000000000000000 0.000000000000000000 0.000000000000000000 0.000000000000000000 0.000000000000000000 0.000000000000000000 0.000000000000000000 0.000000000000000000 0.000000000000000000 0.000000000000000000 0.000000000000000000 0.000000000000000000 0.000000000000000000 0.000000000000000000 0.000000000000000000 0.000000000000000000 0.000000000000000000 0.000000000000000000 0.000000000000000000 0.000000000000000000 0.000000000000000000 0.000000000000000000 0.000000000000000000 0.000000000000000000 0.000000000000000000 0.000000000000000000 0.000000000000000000 0.000000000000000000 0.000000000000000000 0.000000000000000000 0.000000000000000000 0.000000000000000000 0.000000000000000000 0.000000000000000000 0.000000000000000000 0.000000000000000000 0.000000000000000000 0.000000000000000000 0.000000000000000000 0.000000000000000000 0.000000000000000000 0.000000000000000000 0.000000000000000000 0.000000000000000000 0.000000000000000000 0.000000000000000000 0.000000000000000000 0.000000000000000000 0.000000000000000000 0.000000000000000000 0.000000000000000000 0.000000000000000000 0.000000000000000000 0.000000000000000000 0.000000000000000000 0.000000000000000000 0.000000000000000000 0.000000000000000000 0.000000000000000000 0.000000000000000000 0.000000000000000000 0.000000000000000000 0.000000000000000000 0.000000000000000000 0.000000000000000000 0.000000000000000000 0.000000000000000000 0.000000000000000000 0.000000000000000000 0.000000000000000000 0.000000000000000000 0.000000000000000000 0.000000000000000000 0.000000000000000000
17.835239115721542191 51.356906144396567981 77.238235685855400448 46.171980761759719769 34.387445699179977510 71.858908090566544047 34.099902676685061920 5047.634325802575403941 0.000000000000000000 0.000000000000000000 0.000000000000000000 0.000000000000000000 0.000000000000000000 0.000000000000000000 0.000000000000000000 0.000000000000000000 0.000000000000000000 0.000000000000000000 0.000000000000000000 0.000000000000000000 0.000000000000000000 0.000000000000000000 0.000000000000000000 0.000000000000000000 0.000000000000000000 0.000000000000000000 0.000000000000000000 0.000000000000000000 0.000000000000000000 0.000000000000000000 0.000000000000000000 0.000000000000000000 0.000000000000000000 0.000000000000000000 0.000000000000000000 0.000000000000000000 0.000000000000000000 0.000000000000000000 0.000000000000000000 0.000000000000000000 0.000000000000000000 0.000000000000000000 0.000000000000000000 0.000000000000000000 0.000000000000000000 0.000000000000000000 0.000000000000000000 0.000000000000000000 0.000000000000000000 0.000000000000000000 0.000000000000000000 0.000000000000000000 0.000000000000000000 0.000000000000000000 0.000000000000000000 0.000000000000000000 0.000000000000000000 0.000000000000000000 0.000000000000000000 0.000000000000000000 0.000000000000000000 0.000000000000000000 0.000000000000000000 0.000000000000000000 0.000000000000000000 0.000000000000000000 0.000000000000000000 0.000000000000000000 0.000000000000000000 0.000000000000000000 0.000000000000000000 0.000000000000000000 0.000000000000000000 0.000000000000000000 0.000000000000000000 0.000000000000000000 0.000000000000000000 0.000000000000000000 0.000000000000000000 0.000000000000000000 0.000000000000000000 0.000000000000000000 0.000000000000000000 0.000000000000000000 0.000000000000000000 0.000000000000000000 0.000000000000000000 0.000000000000000000 0.000000000000000000 0.000000000000000000 0.000000000000000000 0.000000000000000000 0.000000000000000000 0.000000000000000000 0.000000000000000000 0.000000000000000000 0.000000000000000000 0.000000000000000000 0.000000000000000000 0.000000000000000000
14.537157926269607344 35.737513966761362383 55.479610389353403832 87.100333992306417485 82.529956327661494697 13.383963157616618034 93.266007132403544233 19.630357082757072362 5011.574938002833732753 0.000000000000000000 0.000000000000000000 0.000000000000000000 0.000000000000000000 0.000000000000000000 0.000000000000000000 0.000000000000000000 0.000000000000000000 0.000000000000000000 0.000000000000000000 0.000000000000000000 0.000000000000000000 0.000000000000000000 0.000000000000000000 0.000000000000000000 0.000000000000000000 0.000000000000000000 0.000000000000000000 0.000000000000000000 0.000000000000000000 0.000000000000000000 0.000000000000000000 0.000000000000000000 0.000000000000000000 0.000000000000000000 0.000000000000000000 0.000000000000000000 0.000000000000000000 0.000000000000000000 0.000000000000000000 0.000000000000000000 0.000000000000000000 0.000000000000000000 0.000000000000000000 0.000000000000000000 0.000000000000000000 0.000000000000000000 0.000000000000000000 0.000000000000000000 0.000000000000000000 0.000000000000000000 0.000000000000000000 0.000000000000000000 0.000000000000000000 0.000000000000000000 0.000000000000000000 0.000000000000000000 0.000000000000000000 0.000000000000000000 0.000000000000000000 0.000000000000000000 0.000000000000000000 0.000000000000000000 0.000000000000000000 0.000000000000000000 0.000000000000000000 0.000000000000000000 0.000000000000000000 0.000000000000000000 0.000000000000000000 0.000000000000000000 0.000000000000000000 0.000000000000000000 0.000000000000000000 0.000000000000000000 0.000000000000000000 0.000000000000000000 0.000000000000000000 0.000000000000000000 0.000000000000000000 0.000000000000000000 0.000000000000000000 0.000000000000000000 0.000000000000000000 0.000000000000000000 0.000000000000000000 0.000000000000000000 0.000000000000000000 0.000000000000000000 0.000000000000000000 0.000000000000000000 0.000000000000000000 0.000000000000000000 0.000000000000000000 0.000000000000000000 0.000000000000000000 0.000000000000000000 0.000000000000000000 0.000000000000000000 0.000000000000000000 0.000000000000000000
56.065408074631122304 65.073726687083251363 61.913986472415871276 66.660315878308622928 17.568949518428539136 44.593345367721170192 94.199894176589225481 -1.496252030496609375 79.348169342664434112 5061.022750478270609165 0.000000000000000000 0.000000000000000000 0.000000000000000000 0.000000000000000000 0.000000000000000000 0.000000000000000000 0.000000000000000000 0.000000000000000000 0.000000000000000000 0.000000000000000000 0.000000000000000000 0.000000000000000000 0.000000000000000000 0.000000000000000000 0.000000000000000000 0.000000000000000000 0.000000000000000000 0.000000000000000000 0.000000000000000000 0.000000000000000000 0.000000000000000000 0.000000000000000000 0.000000000000000000 0.000000000000000000 0.000000000000000000 0.000000000000000000 0.000000000000000000 0.000000000000000000 0.000000000000000000 0.000000000000000000 0.000000000000000000 0.000000000000000000 0.000000000000000000 0.000000000000000000 0.000000000000000000 0.000000000000000000 0.000000000000000000 0.000000000000000000 0.000000000000000000 0.000000000000000000 0.000000000000000000 0.000000000000000000 0.000000000000000000 0.000000000000000000 0.000000000000000000 0.000000000000000000 0.000000000000000000 0.000000000000000000 0.000000000000000000 0.000000000000000000 0.000000000000000000 0.000000000000000000 0.000000000000000000 0.000000000000000000 0.000000000000000000 0.000000000000000000 0.000000000000000000 0.000000000000000000 0.000000000000000000 0.000000000000000000 0.000000000000000000 0.000000000000000000 0.000000000000000000 0.000000000000000000 0.000000000000000000 0.000000000000000000 0.000000000000000000 0.000000000000000000 0.000000000000000000 0.000000000000000000 0.000000000000000000 0.000000000000000000 0.000000000000000000 0.000000000000000000 0.000000000000000000 0.000000000000000000 0.000000000000000000 0.000000000000000000 0.000000000000000000 0.000000000000000000 0.000000000000000000 0.000000000000000000 0.000000000000000000 0.000000000000000000 0.000000000000000000 0.000000000000000000 0.000000000000000000 0.000000000000000000 0.000000000000000000 0.000000000000000000
22.828804105882024800 83.672074130673479431 98.092058702528390768 51.897850778566485985 4.830186395307226377 59.951892682134314327 64.058449371494219804 79.606907150584447663 47.580324387054517388 30.442301626484347565 5035.408029590731530334 0.000000000000000000 0.000000000000000000 0.000000000000000000 0.000000000000000000 0.000000000000000000 0.000000000000000000 0.000000000000000000 0.000000000000000000 0.000000000000000000 0.000000000000000000 0.000000000000000000 0.000000000000000000 0.000000000000000000 0.000000000000000000 0.000000000000000000 0.000000000000000000 0.000000000000000000 0.000000000000000000 0.000000000000000000 0.000000000000000000 0.000000000000000000 0.000000000000000000 0.000000000000000000 0.000000000000000000 0.000000000000000000 0.000000000000000000 0.000000000000000000 0.000000000000000000 0.000000000000000000 0.000000000000000000 0.000000000000000000 0.000000000000000000 0.000000000000000000 0.000000000000000000 0.000000000000000000 0.000000000000000000 0.000000000000000000 0.000000000000000000 0.000000000000000000 0.000000000000000000 0.000000000000000000 0.000000000000000000 0.000000000000000000 0.000000000000000000 0.000000000000000000 0.000000000000000000 0.000000000000000000 0.000000000000000000 0.000000000000000000 0.000000000000000000 0.000000000000000000 0.000000000000000000 0.000000000000000000 0.000000000000000000 0.000000000000000000 0.000000000000000000 0.000000000000000000 0.000000000000000000 0.000000000000000000 0.000000000000000000 0.000000000000000000 0.000000000000000000 0.000000000000000000 0.000000000000000000 0.000000000000000000 0.000000000000000000 0.000000000000000000 0.000000000000000000 0.000000000000000000 0.000000000000000000 0.000000000000000000 0.000000000000000000 0.000000000000000000 0.000000000000000000 0.000000000000000000 0.000000000000000000 0.000000000000000000 0.000000000000000000 0.000000000000000000 0.000000000000000000 0.000000000000000000 0.000000000000000000 0.000000000000000000 0.000000000000000000 0.000000000000000000 0.000000000000000000 0.000000000000000000 0.000000000000000000 0.000000000000000000
26.429122524620716206 53.191033121675928896 43.216697129139390654 74.736126462399695924 43.278999830560508144 30.936554571306860595 87.544159109636012772 13.565141907790094322 -3.369008746049199754 3.120544556445180806 50.705519983235120662 5036.288507261052473041 0.000000000000000000 0.000000000000000000 0.000000000000000000 0.000000000000000000 0.000000000000000000 0.000000000000000000 0.000000000000000000 0.000000000000000000 0.000000000000000000 0.000000000000000000 0.000000000000000000 0.000000000000000000 0.000000000000000000 0.000000000000000000 0.000000000000000000 0.000000000000000000 0.000000000000000000 0.000000000000000000 0.000000000000000000 0.000000000000000000 0.000000000000000000 0.000000000000000000 0.000000000000000000 0.000000000000000000 0.000000000000000000 0.000000000000000000 0.000000000000000000 0.000000000000000000 0.000000000000000000 0.000000000000000000 0.000000000000000000 0.000000000000000000 0.000000000000000000 0.000000000000000000 0.000000000000000000 0.000000000000000000 0.000000000000000000 0.000000000000000000 0.000000000000000000 0.000000000000000000 0.000000000000000000 0.000000000000000000 0.000000000000000000 0.000000000000000000 0.000000000000000000 0.000000000000000000 0.000000000000000000 0.000000000000000000 0.000000000000000000 0.000000000000000000 0.000000000000000000 0.000000000000000000 0.000000000000000000 0.000000000000000000 0.000000000000000000 0.000000000000000000 0.000000000000000000 0.000000000000000000 0.000000000000000000 0.000000000000000000 0.000000000000000000 0.000000000000000000 0.000000000000000000 0.000000000000000000 0.000000000000000000 0.000000000000000000 0.000000000000000000 0.000000000000000000 0.000000000000000000 0.000000000000000000 0.000000000000000000 0.000000000000000000 0.000000000000000000 0.000000000000000000 0.000000000000000000 0.000000000000000000 0.000000000000000000 0.000000000000000000 0.000000000000000000 0.000000000000000000 0.000000000000000000 0.000000000000000000 0.000000000000000000 0.000000000000000000 0.000000000000000000 0.000000000000000000 0.000000000000000000 0.000000000000000000
7.333352265067468068 43.748872011233359558 44.515599481225279987 60.303738142589466520 58.067961645197826215 16.396651605469948265 10.110088432690487181 59.754176242186503032 35.270852109780832961 94.756224129669732292 5.176995757536904108 55.526935395495584658 5047.339173083301830047 0.000000000000000000 0.000000000000000000 0.000000000000000000 0.000000000000000000 0.000000000000000000 0.000000000000000000 0.000000000000000000 0.000000000000000000 0.000000000000000000 0.000000000000000000 0.000000000000000000 0.000000000000000000 0.000000000000000000 0.000000000000000000 0.000000000000000000 0.000000000000000000 0.000000000000000000 0.000000000000000000 0.000000000000000000 0.000000000000000000 0.000000000000000000 0.000000000000000000 0.000000000000000000 0.000000000000000000 0.000000000000000000 0.000000000000000000 0.000000000000000000 0.000000000000000000 0.000000000000000000 0.000000000000000000 0.000000000000000000 0.000000000000000000 0.000000000000000000 0.000000000000000000 0.000000000000000000 0.000000000000000000 0.000000000000000000 0.000000000000000000 0.000000000000000000 0.000000000000000000 0.000000000000000000 0.000000000000000000 0.000000000000000000 0.000000000000000000 0.000000000000000000 0.000000000000000000 0.000000000000000000 0.000000000000000000 0.000000000000000000 0.000000000000000000 0.000000000000000000 0.000000000000000000 0.000000000000000000 0.000000000000000000 0.000000000000000000 0.000000000000000000 0.000000000000000000 0.000000000000000000 0.000000000000000000 0.000000000000000000 0.000000000000000000 0.000000000000000000 0.000000000000000000 0.000000000000000000 0.000000000000000000 0.000000000000000000 0.000000000000000000 0.000000000000000000 0.000000000000000000 0.000000000000000000 0.000000000000000000 0.000000000000000000 0.000000000000000000 0.000000000000000000 0.000000000000000000 0.000000000000000000 0.000000000000000000 0.000000000000000000 0.000000000000000000 0.000000000000000000 0.000000000000000000 0.000000000000000000 0.000000000000000000 0.000000000000000000 0.000000000000000000 0.000000000000000000 0.000000000000000000
97.328930847285548111 80.983691423149934963 35.116092003721185222 69.458100077589023158 34.791512355444190518 72.780454247539054791 -0.842185187892917853 2.062653513989988863 62.849630615015009028 50.604306007263261336 59.119520949491366935 71.261938977710016729 4.271148224771565971 5053.234473871186310134 0.000000000000000000 0.000000000000000000 0.000000000000000000 0.000000000000000000 0.000000000000000000 0.000000000000000000 0.000000000000000000 0.000000000000000000 0.000000000000000000 0.000000000000000000 0.000000000000000000 0.000000000000000000 0.000000000000000000 0.000000000000000000 0.000000000000000000 0.000000000000000000 0.000000000000000000 0.000000000000000000 0.000000000000000000 0.000000000000000000 0.000000000000000000 0.000000000000000000 0.000000000000000000 0.000000000000000000 0.000000000000000000 0.000000000000000000 0.000000000000000000 0.000000000000000000 0.000000000000000000 0.000000000000000000 0.000000000000000000 0.000000000000000000 0.000000000000000000 0.000000000000000000 0.000000000000000000 0.000000000000000000 0.000000000000000000 0.000000000000000000 0.000000000000000000 0.000000000000000000 0.000000000000000000 0.000000000000000000 0.000000000000000000 0.000000000000000000 0.000000000000000000 0.000000000000000000 0.000000000000000000 0.000000000000000000 0.000000000000000000 0.000000000000000000 0.000000000000000000 0.000000000000000000 0.000000000000000000 0.000000000000000000 0.000000000000000000 0.000000000000000000 0.000000000000000000 0.000000000000000000 0.000000000000000000 0.000000000000000000 0.000000000000000000 0.000000000000000000 0.000000000000000000 0.000000000000000000 0.000000000000000000 0.000000000000000000 0.000000000000000000 0.000000000000000000 0.000000000000000000 0.000000000000000000 0.000000000000000000 0.000000000000000000 0.000000000000000000 0.000000000000000000 0.000000000000000000 0.000000000000000000 0.000000000000000000 0.000000000000000000 0.000000000000000000 0.000000000000000000 0.000000000000000000 0.000000000000000000 0.000000000000000000 0.000000000000000000 0.000000000000000000 0.000000000000000000
27.331896681944154892 72.269658068303598952 15.566671082700409556 22.196823100074990265 67.391155967338264077 78.623441211082507607 58.715998228494733269 13.045302130009860164 27.916732213799651419 46.673581097704371246 52.556979668716010679 71.115779619758569652 39.776627464745899942 85.087150279966124344 5036.876515099285825272 0.000000000000000000 0.000000000000000000 0.000000000000000000 0.000000000000000000 0.000000000000000000 0.000000000000000000 0.000000000000000000 0.000000000000000000 0.000000000000000000 0.000000000000000000 0.000000000000000000 0.000000000000000000 0.000000000000000000 0.000000000000000000 0.000000000000000000 0.000000000000000000 0.000000000000000000 0.000000000000000000 0.000000000000000000 0.000000000000000000 0.000000000000000000 0.000000000000000000 0.000000000000000000 0.000000000000000000 0.000000000000000000 0.000000000000000000 0.000000000000000000 0.000000000000000000 0.000000000000000000 0.000000000000000000 0.000000000000000000 0.000000000000000000 0.000000000000000000 0.000000000000000000 0.000000000000000000 0.000000000000000000 0.000000000000000000 0.000000000000000000 0.000000000000000000 0.000000000000000000 0.000000000000000000 0.000000000000000000 0.000000000000000000 0.000000000000000000 0.000000000000000000 0.000000000000000000 0.000000000000000000 0.000000000000000000 0.000000000000000000 0.000000000000000000 0.000000000000000000 0.000000000000000000 0.000000000000000000 0.000000000000000000 0.000000000000000000 0.000000000000000000 0.000000000000000000 0.000000000000000000 0.000000000000000000 0.000000000000000000 0.000000000000000000 0.000000000000000000 0.000000000000000000 0.000000000000000000 0.000000000000000000 0.000000000000000000 0.000000000000000000 0.000000000000000000 0.000000000000000000 0.000000000000000000 0.000000000000000000 0.000000000000000000 0.000000000000000000 0.000000000000000000 0.000000000000000000 0.000000000000000000 0.000000000000000000 0.000000000000000000 0.000000000000000000 0.000000000000000000 0.000000000000000000 0.000000000000000000 0.000000000000000000 0.000000000000000000 0.000000000000000000
64.785067001219744043 66.878090714791952109 9.406523635176384346 95.496717338263863439 35.787073740876572003 71.418624079047859254 90.355352192605565165 0.330741494236724609 -4.627892147457530747 68.027182707284950425 8.060173001182072028 29.428681848178264602 -2.282829071817527034 44.810855939195256781 38.868350947861905809 5051.822060071521264035 0.000000000000000000 0.000000000000000000 0.000000000000000000 0.000000000000000000 0.000000000000000000 0.000000000000000000 0.000000000000000000 0.000000000000000000 0.000000000000000000 0.000000000000000000 0.000000000000000000 0.000000000000000000 0.000000000000000000 0.000000000000000000 0.000000000000000000 0.000000000000000000 0.000000000000000000 0.000000000000000000 0.000000000000000000 0.000000000000000000 0.000000000000000000 0.000000000000000000 0.000000000000000000 0.000000000000000000 0.000000000000000000 0.000000000000000000 0.000000000000000000 0.000000000000000000 0.000000000000000000 0.000000000000000000 0.000000000000000000 0.000000000000000000 0.000000000000000000 0.000000000000000000 0.000000000000000000 0.000000000000000000 0.000000000000000000 0.000000000000000000 0.000000000000000000 0.000000000000000000 0.000000000000000000 0.000000000000000000 0.000000000000000000 0.000000000000000000 0.000000000000000000 0.000000000000000000 0.000000000000000000 0.000000000000000000 0.000000000000000000 0.000000000000000000 0.000000000000000000 0.000000000000000000 0.000000000000000000 0.000000000000000000 0.000000000000000000 0.000000000000000000 0.000000000000000000 0.000000000000000000 0.000000000000000000 0.000000000000000000 0.000000000000000000 0.000000000000000000 0.000000000000000000 0.000000000000000000 0.000000000000000000 0.000000000000000000 0.000000000000000000 0.000000000000000000 0.000000000000000000 0.000000000000000000 0.000000000000000000 0.000000000000000000 0.000000000000000000 0.000000000000000000 0.000000000000000000 0.000000000000000000 0.000000000000000000 0.000000000000000000 0.000000000000000000 0.000000000000000000 0.000000000000000000 0.000000000000000000 0.000000000000000000 0.000000000000000000
13.464596375447360543 55.541352685613020412 61.669064198060702608 48.383145665661501766 19.008817599623878181 42.143893271762266295 13.161522494546142426 66.803851088807363112 68.204617280531692813 62.826015703254448397 47.936471006258003058 46.492113411131803957 10.708261605693561336 5.775463226400087358 -2.966932017552295964 82.859961767449888725 5003.703139223011930881 0.000000000000000000 0.000000000000000000 0.000000000000000000 0.000000000000000000 0.000000000000000000 0.000000000000000000 0.000000000000000000 0.000000000000000000 0.000000000000000000 0.000000000000000000 0.000000000000000000 0.000000000000000000 0.000000000000000000 0.000000000000000000 0.000000000000000000 0.000000000000000000 0.000000000000000000 0.000000000000000000 0.000000000000000000 0.000000000000000000 0.000000000000000000 0.000000000000000000 0.000000000000000000 0.000000000000000000 0.000000000000000000 0.000000000000000000 0.000000000000000000 0.000000000000000000 0.000000000000000000 0.000000000000000000 0.000000000000000000 0.000000000000000000 0.000000000000000000 0.000000000000000000 0.000000000000000000 0.000000000000000000 0.000000000000000000 0.000000000000000000 0.000000000000000000 0.000000000000000000 0.000000000000000000 0.000000000000000000 0.000000000000000000 0.000000000000000000 0.000000000000000000 0.000000000000000000 0.000000000000000000 0.000000000000000000 0.000000000000000000 0.000000000000000000 0.000000000000000000 0.000000000000000000 0.000000000000000000 0.000000000000000000 0.000000000000000000 0.000000000000000000 0.000000000000000000 0.000000000000000000 0.000000000000000000 0.000000000000000000 0.000000000000000000 0.000000000000000000 0.000000000000000000 0.000000000000000000 0.000000000000000000 0.000000000000000000 0.000000000000000000 0.000000000000000000 0.000000000000000000 0.000000000000000000 0.000000000000000000 0.000000000000000000 0.000000000000000000 0.000000000000000000 0.000000000000000000 0.000000000000000000 0.000000000000000000 0.000000000000000000 0.000000000000000000 0.000000000000000000 0.000000000000000000 0.000000000000000000 0.000000000000000000
84.731905605865307507 40.827493574417154321 46.135645432120284681 10.947785749070099826 77.624874485682084924 8.585085104745811435 85.289172506125851214 61.588342376132565903 93.609814023800794303 91.975145167203137930 68.552488286404326345 62.136348511531096506 54.267865035553384701 74.151404671322509898 9.597934330414924275 85.760705448295766473 39.906277102974534898 5004.004187246762739960 0.000000000000000000 0.000000000000000000 0.000000000000000000 0.000000000000000000 0.000000000000000000 0.000000000000000000 0.000000000000000000 0.000000000000000000 0.000000000000000000 0.000000000000000000 0.000000000000000000 0.000000000000000000 0.000000000000000000 0.000000000000000000 0.000000000000000000 0.000000000000000000 0.000000000000000000 0.000000000000000000 0.000000000000000000 0.000000000000000000 0.000000000000000000 0.000000000000000000 0.000000000000000000 0.000000000000000000 0.000000000000000000 0.000000000000000000 0.000000000000000000 0.000000000000000000 0.000000000000000000 0.000000000000000000 0.000000000000000000 0.000000000000000000 0.000000000000000000 0.000000000000000000 0.000000000000000000 0.000000000000000000 0.000000000000000000 0.000000000000000000 0.000000000000000000 0.000000000000000000 0.000000000000000000 0.000000000000000000 0.000000000000000000 0.000000000000000000 0.000000000000000000 0.000000000000000000 0.000000000000000000 0.000000000000000000 0.000000000000000000 0.000000000000000000 0.000000000000000000 0.000000000000000000 0.000000000000000000 0.000000000000000000 0.000000000000000000 0.000000000000000000 0.000000000000000000 0.000000000000000000 0.000000000000000000 0.000000000000000000 0.000000000000000000 0.000000000000000000 0.000000000000000000 0.000000000000000000 0.000000000000000000 0.000000000000000000 0.000000000000000000 0.000000000000000000 0.000000000000000000 0.000000000000000000 0.000000000000000000 0.000000000000000000 0.000000000000000000 0.000000000000000000 0.000000000000000000 0.000000000000000000 0.000000000000000000 0.000000000000000000 0.000000000000000000 0.000000000000000000 0.000000000000000000 0.000000000000000000
83.476846434787731255 36.683235444117137547 35.562433134377073429 28.295309369139491906 25.115704934034987161 35.216226760661697881 96.365195265424915760 85.298728891688867293 25.817243986851206472 73.892203737702672584 2.318003083598550340 90.851919095929702053 23.824377826476172970 47.304847136913423356 5.735003378385250983 76.219617095931951667 5.017102416819424704 34.962284686080344898 5080.596304013896769902 0.000000000000000000 0.000000000000000000 0.000000000000000000 0.000000000000000000 0.000000000000000000 0.000000000000000000 0.000000000000000000 0.000000000000000000 0.000000000000000000 0.000000000000000000 0.000000000000000000 0.000000000000000000 0.000000000000000000 0.000000000000000000 0.000000000000000000 0.000000000000000000 0.000000000000000000 0.000000000000000000 0.000000000000000000 0.000000000000000000 0.000000000000000000 0.000000000000000000 0.000000000000000000 0.000000000000000000 0.000000000000000000 0.000000000000000000 0.000000000000000000 0.000000000000000000 0.000000000000000000 0.000000000000000000 0.000000000000000000 0.000000000000000000 0.000000000000000000 0.000000000000000000 0.000000000000000000 0.000000000000000000 0.000000000000000000 0.000000000000000000 0.000000000000000000 0.000000000000000000 0.000000000000000000 0.000000000000000000 0.000000000000000000 0.000000000000000000 0.000000000000000000 0.000000000000000000 0.000000000000000000 0.000000000000000000 0.000000000000000000 0.000000000000000000 0.000000000000000000 0.000000000000000000 0.000000000000000000 0.000000000000000000 0.000000000000000000 0.000000000000000000 0.000000000000000000 0.000000000000000000 0.000000000000000000 0.000000000000000000 0.000000000000000000 0.000000000000000000 0.000000000000000000 0.000000000000000000 0.000000000000000000 0.000000000000000000 0.000000000000000000 0.000000000000000000 0.000000000000000000 0.000000000000000000 0.000000000000000000 0.000000000000000000 0.000000000000000000 0.000000000000000000 0.000000000000000000 0.000000000000000000 0.000000000000000000 0.000000000000000000 0.000000000000000000 0.000000000000000000 0.000000000000000000
89.648344090176451004 97.589884527780654366 48.507322135144747222 0.965838202958510084 87.831043142282581471 32.192892210606345316 24.736352403478939266 26.348363992004081524 17.331388014047607982 61.813007052687531484 30.878849109045141574 25.067394711935900631 0.860814843649527539 69.385652679046856406 -3.697230111884127979 10.555190393910841351 90.011397675572780486 68.576712132143583744 71.788927586336896525 5088.320390050301284646 0.000000000000000000 0.000000000000000000 0.000000000000000000 0.000000000000000000 0.000000000000000000 0.000000000000000000 0.000000000000000000 0.000000000000000000 0.000000000000000000 0.000000000000000000 0.000000000000000000 0.000000000000000000 0.000000000000000000 0.000000000000000000 0.000000000000000000 0.000000000000000000 0.000000000000000000 0.000000000000000000 0.000000000000000000 0.000000000000000000 0.000000000000000000 0.000000000000000000 0.000000000000000000 0.000000000000000000 0.000000000000000000 0.000000000000000000 0.000000000000000000 0.000000000000000000 0.000000000000000000 0.000000000000000000 0.000000000000000000 0.000000000000000000 0.000000000000000000 0.000000000000000000 0.000000000000000000 0.000000000000000000 0.000000000000000000 0.000000000000000000 0.000000000000000000 0.000000000000000000 0.000000000000000000 0.000000000000000000 0.000000000000000000 0.000000000000000000 0.000000000000000000 0.000000000000000000 0.000000000000000000 0.000000000000000000 0.000000000000000000 0.000000000000000000 0.000000000000000000 0.000000000000000000 0.000000000000000000 0.000000000000000000 0.000000000000000000 0.000000000000000000 0.000000000000000000 0.000000000000000000 0.000000000000000000 0.000000000000000000 0.000000000000000000 0.000000000000000000 0.000000000000000000 0.000000000000000000 0.000000000000000000 0.000000000000000000 0.000000000000000000 0.000000000000000000 0.000000000000000000 0.000000000000000000 0.000000000000000000 0.000000000000000000 0.000000000000000000 0.000000000000000000 0.000000000000000000 0.000000000000000000 0.000000000000000000 0.000000000000000000 0.000000000000000000 0.000000000000000000
71.497991165996097607 94.697490024940407238 68.999023361601487636 78.781709795839176991 93.090063631128359134 0.184929275848189967 47.648444352794008694 40.508241659847911365 76.964160089473821813 64.074920509762705478 13.242487223924708672 79.498136025482210698 72.974685959583098338 68.078485210409468209 10.429841053967134457 75.913360098005057353 54.149635017198001208 74.080141368713540828 -6.480642450244161523 37.862238913120840778 5017.929205813826229132 0.000000000000000000 0.000000000000000000 0.000000000000000000 0.000000000000000000 0.000000000000000000 0.000000000000000000 0.000000000000000000 0.000000000000000000 0.000000000000000000 0.000000000000000000 0.000000000000000000 0.000000000000000000 0.000000000000000000 0.000000000000000000 0.000000000000000000 0.000000000000000000 0.000000000000000000 0.000000000000000000 0.000000000000000000 0.000000000000000000 0.000000000000000000 0.000000000000000000 0.000000000000000000 0.000000000000000000 0.000000000000000000 0.000000000000000000 0.000000000000000000 0.000000000000000000 0.000000000000000000 0.000000000000000000 0.000000000000000000 0.000000000000000000 0.000000000000000000 0.000000000000000000 0.000000000000000000 0.000000000000000000 0.000000000000000000 0.000000000000000000 0.000000000000000000 0.000000000000000000 0.000000000000000000 0.000000000000000000 0.000000000000000000 0.000000000000000000 0.000000000000000000 0.000000000000000000 0.000000000000000000 0.000000000000000000 0.000000000000000000 0.000000000000000000 0.000000000000000000 0.000000000000000000 0.000000000000000000 0.000000000000000000 0.000000000000000000 0.000000000000000000 0.000000000000000000 0.000000000000000000 0.000000000000000000 0.000000000000000000 0.000000000000000000 0.000000000000000000 0.000000000000000000 0.000000000000000000 0.000000000000000000 0.000000000000000000 0.000000000000000000 0.000000000000000000 0.000000000000000000 0.000000000000000000 0.000000000000000000 0.000000000000000000 0.000000000000000000 0.000000000000000000 0.000000000000000000 0.000000000000000000 0.000000000000000000 0.000000000000000000 0.000000000000000000
14.445329200437470263 13.244049393298553241 29.352561489902935676 48.388771813691697332 11.944561043235493614 38.036641344300520018 23.429232900223507130 4.160344124330126903 46.927667320753919000 -0.759809386696268962 71.044719475255618590 50.849596163774855029 -0.960836710268762495 23.213431868051134899 76.374635521007547823 35.981575668691917258 8.698265587552270972 10.025379219021537835 73.621892249414329967 79.147173154589765431 82.292834274361041480 5059.668723060295633331 0.000000000000000000 0.000000000000000000 0.000000000000000000 0.000000000000000000 0.000000000000000000 0.000000000000000000 0.000000000000000000 0.000000000000000000 0.000000000000000000 0.000000000000000000 0.000000000000000000 0.000000000000000000 0.000000000000000000 0.000000000000000000 0.000000000000000000 0.000000000000000000 0.000000000000000000 0.000000000000000000 0.000000000000000000 0.000000000000000000 0.000000000000000000 0.000000000000000000 0.000000000000000000 0.000000000000000000 0.000000000000000000 0.000000000000000000 0.000000000000000000 0.000000000000000000 0.000000000000000000 0.000000000000000000 0.000000000000000000 0.000000000000000000 0.000000000000000000 0.000000000000000000 0.000000000000000000 0.000000000000000000 0.000000000000000000 0.000000000000000000 0.000000000000000000 0.000000000000000000 0.000000000000000000 0.000000000000000000 0.000000000000000000 0.000000000000000000 0.000000000000000000 0.000000000000000000 0.000000000000000000 0.000000000000000000 0.000000000000000000 0.000000000000000000 0.000000000000000000 0.000000000000000000 0.000000000000000000 0.000000000000000000 0.000000000000000000 0.000000000000000000 0.000000000000000000 0.000000000000000000 0.000000000000000000 0.000000000000000000 0.000000000000000000 0.000000000000000000 0.000000000000000000 0.000000000000000000 0.000000000000000000 0.000000000000000000 0.000000000000000000 0.000000000000000000 0.000000000000000000 0.000000000000000000 0.000000000000000000 0.000000000000000000 0.000000000000000000 0.000000000000000000 0.000000000000000000 0.000000000000000000 0.000000000000000000 0.000000000000000000
4.569007037540547600 93.644234678540328787 24.525704720762323774 45.534226323040066120 28.670336130993067769 30.001932029799817769 38.651615434356116907 17.486302680415562349 88.524918189570826144 24.438085351491924513 90.557908539970028983 10.658036346765644709 18.890845495042270841 92.379760789485885653 85.281447820234916435 34.639098211926103943 27.616459813479671936 9.402140888925654139 52.703920748961280651 80.065554956460061931 20.109787923385024300 90.098074044474785183 5086.330332662742875982 0.000000000000000000 0.000000000000000000 0.000000000000000000 0.000000000000000000 0.000000000000000000 0.000000000000000000 0.000000000000000000 0.000000000000000000 0.000000000000000000 0.000000000000000000 0.000000000000000000 0.000000000000000000 0.000000000000000000 0.000000000000000000 0.000000000000000000 0.000000000000000000 0.000000000000000000 0.000000000000000000 0.000000000000000000 0.000000000000000000 0.000000000000000000 0.000000000000000000 0.000000000000000000 0.000000000000000000 0.000000000000000000 0.000000000000000000 0.000000000000000000 0.000000000000000000 0.000000000000000000 0.000000000000000000 0.000000000000000000 0.000000000000000000 0.000000000000000000 0.000000000000000000 0.000000000000000000 0.000000000000000000 0.000000000000000000 0.000000000000000000 0.000000000000000000 0.000000000000000000 0.000000000000000000 0.000000000000000000 0.000000000000000000 0.000000000000000000 0.000000000000000000 0.000000000000000000 0.000000000000000000 0.000000000000000000 0.000000000000000000 0.000000000000000000 0.000000000000000000 0.000000000000000000 0.000000000000000000 0.000000000000000000 0.000000000000000000 0.000000000000000000 0.000000000000000000 0.000000000000000000 0.000000000000000000 0.000000000000000000 0.000000000000000000 0.000000000000000000 0.000000000000000000 0.000000000000000000 0.000000000000000000 0.000000000000000000 0.000000000000000000 0.000000000000000000 0.000000000000000000 0.000000000000000000 0.000000000000000000 0.000000000000000000 0.000000000000000000 0.000000000000000000 0.000000000000000000 0.000000000000000000 0.000000000000000000
7.928483274334632291 10.207566145247081835 81.264846146284696715 27.393782092223872837 3.053296952721367141 2.627436964667778874 81.756559476053297431 61.483376784349900390 10.551752109010406500 78.781665898414019011 46.686003043053645456 36.371511714533198756 61.733866576450878938 3.177516703939791576 35.584846796135245484 28.538464547759822665 14.613942519611867965 29.344014278116869576 35.253957580782440573 72.316737571132577500 73.682124268535119427 86.256898269699590287 16.861125661706353185 5034.470847040529406513 0.000000000000000000 0.000000000000000000 0.000000000000000000 0.000000000000000000 0.000000000000000000 0.000000000000000000 0.000000000000000000 0.000000000000000000 0.000000000000000000 0.000000000000000000 0.000000000000000000 0.000000000000000000 0.000000000000000000 0.000000000000000000 0.000000000000000000 0.000000000000000000 0.000000000000000000 0.000000000000000000 0.000000000000000000 0.000000000000000000 0.000000000000000000 0.000000000000000000 0.000000000000000000 0.000000000000000000 0.000000000000000000 0.000000000000000000 0.000000000000000000 0.000000000000000000 0.000000000000000000 0.000000000000000000 0.000000000000000000 0.000000000000000000 0.000000000000000000 0.000000000000000000 0.000000000000000000 0.000000000000000000 0.000000000000000000 0.000000000000000000 0.000000000000000000 0.000000000000000000 0.000000000000000000 0.000000000000000000 0.000000000000000000 0.000000000000000000 0.000000000000000000 0.000000000000000000 0.000000000000000000 0.000000000000000000 0.000000000000000000 0.000000000000000000 0.000000000000000000 0.000000000000000000 0.000000000000000000 0.000000000000000000 0.000000000000000000 0.000000000000000000 0.000000000000000000 0.000000000000000000 0.000000000000000000 0.000000000000000000 0.000000000000000000 0.000000000000000000 0.000000000000000000 0.000000000000000000 0.000000000000000000 0.000000000000000000 0.000000000000000000 0.000000000000000000 0.000000000000000000 0.000000000000000000 0.000000000000000000 0.000000000000000000 0.000000000000000000 0.000000000000000000 0.000000000000000000 0.000000000000000000
41.656112954591215214 93.980374239023745986 10.043385230185187140 40.280346564314946534 86.485036228554633908 3.650793895816546897 89.274251010212083202 60.296063076385451041 34.063510066322656655 40.906176767246350323 83.656422681177502909 27.758383700749295286 13.831450386098136818 68.425242589194198217 41.796226605020912359 7.068696712800120352 50.041825460034459638 3.204637926827108352 3.999519712943488514 6.339404955603672676 60.000768812737312885 41.989882645875219680 46.564806956130119886 -6.453915803959711539 5069.631568785064700933 0.000000000000000000 0.000000000000000000 0.000000000000000000 0.000000000000000000 0.000000000000000000 0.000000000000000000 0.000000000000000000 0.000000000000000000 0.000000000000000000 0.000000000000000000 0.000000000000000000 0.000000000000000000 0.000000000000000000 0.000000000000000000 0.000000000000000000 0.000000000000000000 0.000000000000000000 0.000000000000000000 0.000000000000000000 0.000000000000000000 0.000000000000000000 0.000000000000000000 0.000000000000000000 0.000000000000000000 0.000000000000000000 0.000000000000000000 0.000000000000000000 0.000000000000000000 0.000000000000000000 0.000000000000000000 0.000000000000000000 0.000000000000000000 0.000000000000000000 0.000000000000000000 0.000000000000000000 0.000000000000000000 0.000000000000000000 0.000000000000000000 0.000000000000000000 0.000000000000000000 0.000000000000000000 0.000000000000000000 0.000000000000000000 0.000000000000000000 0.000000000000000000 0.000000000000000000 0.000000000000000000 0.000000000000000000 0.000000000000000000 0.000000000000000000 0.000000000000000000 0.000000000000000000 0.000000000000000000 0.000000000000000000 0.000000000000000000 0.000000000000000000 0.000000000000000000 0.000000000000000000 0.000000000000000000 0.000000000000000000 0.000000000000000000 0.000000000000000000 0.000000000000000000 0.000000000000000000 0.000000000000000000 0.000000000000000000 0.000000000000000000 0.000000000000000000 0.000000000000000000 0.000000000000000000 0.000000000000000000 0.000000000000000000 0.000000000000000000 0.000000000000000000 0.000000000000000000
15.148980876944262874 74.110200541403060015 84.660066276555497211 34.920202425534370150 70.670183166823733245 74.015619359049054538 74.484693750441039128 20.647939346991933007 -3.360742350956539060 60.495974416546090424 89.914026649201673536 8.290670938341380136 54.392883721318547430 82.988358076114352002 92.114467116295983828 81.677719014330946834 7.574418764982517871 66.928821444359527959 10.740060046992683240 86.835951507553872375 31.387958279236400472 31.857932367420154662 10.751140119799046602 4.060919462146767245 71.157435269073644690 4993.468646171819273150 0.000000000000000000 0.000000000000000000 0.000000000000000000 0.000000000000000000 0.000000000000000000 0.000000000000000000 0.000000000000000000 0.000000000000000000 0.000000000000000000 0.000000000000000000 0.000000000000000000 0.000000000000000000 0.000000000000000000 0.000000000000000000 0.000000000000000000 0.000000000000000000 0.000000000000000000 0.000000000000000000 0.000000000000000000 0.000000000000000000 0.000000000000000000 0.000000000000000000 0.000000000000000000 0.000000000000000000 0.000000000000000000 0.000000000000000000 0.000000000000000000 0.000000000000000000 0.000000000000000000 0.000000000000000000 0.000000000000000000 0.000000000000000000 0.000000000000000000 0.000000000000000000 0.000000000000000000 0.000000000000000000 0.000000000000000000 0.000000000000000000 0.000000000000000000 0.000000000000000000 0.000000000000000000 0.000000000000000000 0.000000000000000000 0.000000000000000000 0.000000000000000000 0.000000000000000000 0.000000000000000000 0.000000000000000000 0.000000000000000000 0.000000000000000000 0.000000000000000000 0.000000000000000000 0.000000000000000000 0.000000000000000000 0.000000000000000000 0.000000000000000000 0.000000000000000000 0.000000000000000000 0.000000000000000000 0.000000000000000000 0.000000000000000000 0.000000000000000000 0.000000000000000000 0.000000000000000000 0.000000000000000000 0.000000000000000000 0.000000000000000000 0.000000000000000000 0.000000000000000000 0.000000000000000000 0.000000000000000000 0.000000000000000000 0.000000000000000000 0.000000000000000000
57.434105474347980191 72.942602538374316623 94.275510222268962934 59.865198701924541069 0.207490675391758028 72.992790639839768119 43.616531576672407766 94.316436942680397237 29.674955930493666756 71.039774749262733167 56.054063052148116242 39.715826953556103263 42.736255439853103155 25.511416491684940411 32.588726462548237350 73.916337779941756025 -7.931014784427906861 76.072281630467017521 36.205349577018424156 20.997332939411350594 18.179400466860364816 23.923042841989342833 22.695508924318410493 64.626521827575217571 5.668037031077096444 61.201882141457275566 5087.002565391242569603 0.000000000000000000 0.000000000000000000 0.000000000000000000 0.000000000000000000 0.000000000000000000 0.000000000000000000 0.000000000000000000 0.000000000000000000 0.000000000000000000 0.000000000000000000 0.000000000000000000 0.000000000000000000 0.000000000000000000 0.000000000000000000 0.000000000000000000 0.000000000000000000 0.000000000000000000 0.000000000000000000 0.000000000000000000 0.000000000000000000 0.000000000000000000 0.000000000000000000 0.000000000000000000 0.000000000000000000 0.000000000000000000 0.000000000000000000 0.000000000000000000 0.000000000000000000 0.000000000000000000 0.000000000000000000 0.000000000000000000 0.000000000000000000 0.000000000000000000 0.000000000000000000 0.000000000000000000 0.000000000000000000 0.000000000000000000 0.000000000000000000 0.000000000000000000 0.000000000000000000 0.000000000000000000 0.000000000000000000 0.000000000000000000 0.000000000000000000 0.000000000000000000 0.000000000000000000 0.000000000000000000 0.000000000000000000 0.000000000000000000 0.000000000000000000 0.000000000000000000 0.000000000000000000 0.000000000000000000 0.000000000000000000 0.000000000000000000 0.000000000000000000 0.000000000000000000 0.000000000000000000 0.000000000000000000 0.000000000000000000 0.000000000000000000 0.000000000000000000 0.000000000000000000 0.000000000000000000 0.000000000000000000 0.000000000000000000 0.000000000000000000 0.000000000000000000 0.000000000000000000 0.000000000000000000 0.000000000000000000 0.000000000000000000 0.000000000000000000
85.959474788027378622 66.523477636322411399 29.861992124622787514 93.288575288960572607 42.637651654543162749 26.405218284833722464 53.812490560041609911 4.552945772345871944 -1.604096326684295803 7.704678703940919249 44.003698989740996694 23.812321526376464931 41.016801789955664503 95.389417449055528664 78.158926968520887613 50.947022295491549926 60.477449701463285692 18.194123560223331992 36.730603737170284262 42.034184250754819345 26.152665643411125984 48.356509594818938069 35.815014616418750393 76.115105999717357577 44.603178064396871605 68.573671035737731927 20.528087403722103943 4998.899794854003630462 0.000000000000000000 0.000000000000000000 0.000000000000000000 0.000000000000000000 0.000000000000000000 0.000000000000000000 0.000000000000000000 0.000000000000000000 0.000000000000000000 0.000000000000000000 0.000000000000000000 0.000000000000000000 0.000000000000000000 0.000000000000000000 0.000000000000000000 0.000000000000000000 0.000000000000000000 0.000000000000000000 0.000000000000000000 0.000000000000000000 0.000000000000000000 0.000000000000000000 0.000000000000000000 0.000000000000000000 0.000000000000000000 0.000000000000000000 0.000000000000000000 0.000000000000000000 0.000000000000000000 0.000000000000000000 0.000000000000000000 0.000000000000000000 0.000000000000000000 0.000000000000000000 0.000000000000000000 0.000000000000000000 0.000000000000000000 0.000000000000000000 0.000000000000000000 0.000000000000000000 0.000000000000000000 0.000000000000000000 0.000000000000000000 0.000000000000000000 0.000000000000000000 0.000000000000000000 0.000000000000000000 0.000000000000000000 0.000000000000000000 0.000000000000000000 0.000000000000000000 0.000000000000000000 0.000000000000000000 0.000000000000000000 0.000000000000000000 0.000000000000000000 0.000000000000000000 0.000000000000000000 0.000000000000000000 0.000000000000000000 0.000000000000000000 0.000000000000000000 0.000000000000000000 0.000000000000000000 0.000000000000000000 0.000000000000000000 0.000000000000000000 0.000000000000000000 0.000000000000000000 0.000000000000000000 0.000000000000000000 0.000000000000000000
76.999532042875713955 33.441779805189497665 49.159874678088691269 47.709645246594199364 51.305866310264200081 87.412881230350080841 1.898023226210448833 89.062835727660683460 65.170196935100690894 -0.597752241507602200 90.071162258127884570 58.839867117803592578 61.484548094357947434 32.880173547033848536 15.480671354242092619 77.194951137897106719 -4.620358120533784252 60.813760462604648183 24.091516080770979613 73.993669130127798894 11.294314137510305329 15.815365496141469137 26.537276297713269457 74.436091920761455754 52.523576248596640426 84.771786505738091932 12.746001894545489819 9.047232049463863390 5060.416069294235057896 0.000000000000000000 0.000000000000000000 0.000000000000000000 0.000000000000000000 0.000000000000000000 0.000000000000000000 0.000000000000000000 0.000000000000000000 0.000000000000000000 0.000000000000000000 0.000000000000000000 0.000000000000000000 0.000000000000000000 0.000000000000000000 0.000000000000000000 0.000000000000000000 0.000000000000000000 0.000000000000000000 0.000000000000000000 0.000000000000000000 0.000000000000000000 0.000000000000000000 0.000000000000000000 0.000000000000000000 0.000000000000000000 0.000000000000000000 0.000000000000000000 0.000000000000000000 0.000000000000000000 0.000000000000000000 0.000000000000000000 0.000000000000000000 0.000000000000000000 0.000000000000000000 0.000000000000000000 0.000000000000000000 0.000000000000000000 0.000000000000000000 0.000000000000000000 0.000000000000000000 0.000000000000000000 0.000000000000000000 0.000000000000000000 0.000000000000000000 0.000000000000000000 0.000000000000000000 0.000000000000000000 0.000000000000000000 0.000000000000000000 0.000000000000000000 0.000000000000000000 0.000000000000000000 0.000000000000000000 0.000000000000000000 0.000000000000000000 0.000000000000000000 0.000000000000000000 0.000000000000000000 0.000000000000000000 0.000000000000000000 0.000000000000000000 0.000000000000000000 0.000000000000000000 0.000000000000000000 0.000000000000000000 0.000000000000000000 0.000000000000000000 0.000000000000000000 0.000000000000000000 0.000000000000000000 0.000000000000000000
70.559779812353426109 33.168631691369952819 36.136737186647280851 69.724901516251335920 56.974549768844724440 48.021334626027623926 53.776224492253383858 15.422743548122385349 59.521933106405711555 6.076254848021491739 7.600859479555549747 19.338993840763034626 21.535040679937715424 29.986761560910625946 19.897556320653219331 38.522396628214259806 2.135343788275266164 1.846096141891149678 15.071067081444757818 77.349229840437047301 33.692180662582948969 25.372009383266437510 7.808338987352326122 52.326842823035548236 50.400216165424112091 -3.600865682514688082 63.071272626563072095 80.942411476899394529 82.184078684552559935 5030.900019824576702376 0.000000000000000000 0.000000000000000000 0.000000000000000000 0.000000000000000000 0.000000000000000000 0.000000000000000000 0.000000000000000000 0.000000000000000000 0.000000000000000000 0.000000000000000000 0.000000000000000000 0.000000000000000000 0.000000000000000000 0.000000000000000000 0.000000000000000000 0.000000000000000000 0.000000000000000000 0.000000000000000000 0.000000000000000000 0.000000000000000000 0.000000000000000000 0.000000000000000000 0.000000000000000000 0.000000000000000000 0.000000000000000000 0.000000000000000000 0.000000000000000000 0.000000000000000000 0.000000000000000000 0.000000000000000000 0.000000000000000000 0.000000000000000000 0.000000000000000000 0.000000000000000000 0.000000000000000000 0.000000000000000000 0.000000000000000000 0.000000000000000000 0.000000000000000000 0.000000000000000000 0.000000000000000000 0.000000000000000000 0.000000000000000000 0.000000000000000000 0.000000000000000000 0.000000000000000000 0.000000000000000000 0.000000000000000000 0.000000000000000000 0.000000000000000000 0.000000000000000000 0.000000000000000000 0.000000000000000000 0.000000000000000000 0.000000000000000000 0.000000000000000000 0.000000000000000000 0.000000000000000000 0.000000000000000000 0.000000000000000000 0.000000000000000000 0.000000000000000000 0.000000000000000000 0.000000000000000000 0.000000000000000000 0.000000000000000000 0.000000000000000000 0.000000000000000000 0.000000000000000000 0.000000000000000000
62.090264768340148294 46.502473649246070408 69.497335359208221917 3.071005441399532909 47.033414294796465072 58.538024075803214430 38.396212596638889636 62.103710394309132425 72.417395857896252664 13.315703627427957656 28.810179045502628981 58.339890293391960086 76.915219395824834692 81.689762653895598987 79.174691194762232271 5.281990383703330849 86.167176618703734903 84.530468526019305386 90.615139644567946675 1.229622499223060217 -1.939727814440411535 53.242198172135282164 29.165480260068342488 11.528266000495101196 13.140911853324661607 11.800439155452774997 3.723972713063783857 53.203666506809760506 47.583269081021995817 42.727167632799741170 4997.184312245547516795 0.000000000000000000 0.000000000000000000 0.000000000000000000 0.000000000000000000 0.000000000000000000 0.000000000000000000 0.000000000000000000 0.000000000000000000 0.000000000000000000 0.000000000000000000 0.000000000000000000 0.000000000000000000 0.000000000000000000 0.000000000000000000 0.000000000000000000 0.000000000000000000 0.000000000000000000 0.000000000000000000 0.000000000000000000 0.000000000000000000 0.000000000000000000 0.000000000000000000 0.000000000000000000 0.000000000000000000 0.000000000000000000 0.000000000000000000 0.000000000000000000 0.000000000000000000 0.000000000000000000 0.000000000000000000 0.000000000000000000 0.000000000000000000 0.000000000000000000 0.000000000000000000 0.000000000000000000 0.000000000000000000 0.000000000000000000 0.000000000000000000 0.000000000000000000 0.000000000000000000 0.000000000000000000 0.000000000000000000 0.000000000000000000 0.000000000000000000 0.000000000000000000 0.000000000000000000 0.000000000000000000 0.000000000000000000 0.000000000000000000 0.000000000000000000 0.000000000000000000 0.000000000000000000 0.000000000000000000 0.000000000000000000 0.000000000000000000 0.000000000000000000 0.000000000000000000 0.000000000000000000 0.000000000000000000 0.000000000000000000 0.000000000000000000 0.000000000000000000 0.000000000000000000 0.000000000000000000 0.000000000000000000 0.000000000000000000 0.000000000000000000 0.000000000000000000 0.000000000000000000
18.308545079460753158 58.280682839152888164 9.127378452734301817 96.684423357214143380 65.471541070069108059 25.195149499688820782 70.517368269956307358 27.131045305611287688 43.833875248560559612 40.505475693766655354 41.176376110941021125 30.757138792316847997 13.330147547969836808 21.563294559817510532 8.163152442536123488 45.587706443825787517 26.407666957177429623 84.129232488137020596 38.005511441987337662 2.825979106720258649 27.109221018799836145 17.415104256535624216 60.732359226527101725 65.742359896125620367 89.878995698824709848 76.991937337554972487 61.358869859118506440 19.461514229479568883 46.774349740554768573 52.424340665913163662 64.434187406836969103 5017.375888814625795931 0.000000000000000000 0.000000000000000000 0.000000000000000000 0.000000000000000000 0.000000000000000000 0.000000000000000000 0.000000000000000000 0.000000000000000000 0.000000000000000000 0.000000000000000000 0.000000000000000000 0.000000000000000000 0.000000000000000000 0.000000000000000000 0.000000000000000000 0.000000000000000000 0.000000000000000000 0.000000000000000000 0.000000000000000000 0.000000000000000000 0.000000000000000000 0.000000000000000000 0.000000000000000000 0.000000000000000000 0.000000000000000000 0.000000000000000000 0.000000000000000000 0.000000000000000000 0.000000000000000000 0.000000000000000000 0.000000000000000000 0.000000000000000000 0.000000000000000000 0.000000000000000000 0.000000000000000000 0.000000000000000000 0.000000000000000000 0.000000000000000000 0.000000000000000000 0.000000000000000000 0.000000000000000000 0.000000000000000000 0.000000000000000000 0.000000000000000000 0.000000000000000000 0.000000000000000000 0.000000000000000000 0.000000000000000000 0.000000000000000000 0.000000000000000000 0.000000000000000000 0.000000000000000000 0.000000000000000000 0.000000000000000000 0.000000000000000000 0.000000000000000000 0.000000000000000000 0.000000000000000000 0.000000000000000000 0.000000000000000000 0.000000000000000000 0.000000000000000000 0.000000000000000000 0.000000000000000000 0.000000000000000000 0.000000000000000000 0.000000000000000000 0.000000000000000000
2.348430876148280610 41.164188806076651872 67.026980067020232923 36.133920859411801985 1.617296844622554630 98.130609212675906861 71.553810509274342166 20.439706826247512339 61.635907382127342657 5.837378919739502514 28.745433969637591787 39.476907058755408286 85.851422182837353603 72.984655457056732075 70.815256291579942172 63.996713341446813672 64.236703418130105092 29.009088840038852908 79.185826758698169670 56.936499472958729484 -3.002888094570035804 9.846804546741694253 87.148632449345541318 54.078118970203341576 13.704691421104840288 7.251832225057928127 5.814595343646642434 30.566965202521288347 17.984497465710731490 -8.379411092732347299 53.663991949568128348 22.199620786333852607 5046.637436675605385972 0.000000000000000000 0.000000000000000000 0.000000000000000000 0.000000000000000000 0.000000000000000000 0.000000000000000000 0.000000000000000000 0.000000000000000000 0.000000000000000000 0.000000000000000000 0.000000000000000000 0.000000000000000000 0.000000000000000000 0.000000000000000000 0.000000000000000000 0.000000000000000000 0.000000000000000000 0.000000000000000000 0.000000000000000000 0.000000000000000000 0.000000000000000000 0.000000000000000000 0.000000000000000000 0.000000000000000000 0.000000000000000000 0.000000000000000000 0.000000000000000000 0.000000000000000000 0.000000000000000000 0.000000000000000000 0.000000000000000000 0.000000000000000000 0.000000000000000000 0.000000000000000000 0.000000000000000000 0.000000000000000000 0.000000000000000000 0.000000000000000000 0.000000000000000000 0.000000000000000000 0.000000000000000000 0.000000000000000000 0.000000000000000000 0.000000000000000000 0.000000000000000000 0.000000000000000000 0.000000000000000000 0.000000000000000000 0.000000000000000000 0.000000000000000000 0.000000000000000000 0.000000000000000000 0.000000000000000000 0.000000000000000000 0.000000000000000000 0.000000000000000000 0.000000000000000000 0.000000000000000000 0.000000000000000000 0.000000000000000000 0.000000000000000000 0.000000000000000000 0.000000000000000000 0.000000000000000000 0.000000000000000000 0.000000000000000000 0.000000000000000000
76.275137525440683817 81.878493531733042232 76.438405802765458930 28.206259939451825858 90.190959581921021027 34.812500100737786113 26.731913532335738637 61.747136120455380137 79.211211541858403962 78.869485563692208530 88.641244285812376802 63.546644520530946920 90.794548913589622430 53.208807391816918653 36.528380191581284464 83.041912279398758301 56.301463274779720791 38.124806123538093061 -0.743730840822946604 -3.228741798407864572 80.480138946264062838 13.832105874620641117 39.156022739074451522 50.401436786315557015 38.646530178033522418 54.476356491841968932 -6.419848714189739347 39.565036522027149601 51.991900031313292629 69.664389757368624601 18.088513480946360801 25.582531450486115432 7.288195959841662130 5073.318316654883346928 0.000000000000000000 0.000000000000000000 0.000000000000000000 0.000000000000000000 0.000000000000000000 0.000000000000000000 0.000000000000000000 0.000000000000000000 0.000000000000000000 0.000000000000000000 0.000000000000000000 0.000000000000000000 0.000000000000000000 0.000000000000000000 0.000000000000000000 0.000000000000000000 0.000000000000000000 0.000000000000000000 0.000000000000000000 0.000000000000000000 0.000000000000000000 0.000000000000000000 0.000000000000000000 0.000000000000000000 0.000000000000000000 0.000000000000000000 0.000000000000000000 0.000000000000000000 0.000000000000000000 0.000000000000000000 0.000000000000000000 0.000000000000000000 0.000000000000000000 0.000000000000000000 0.000000000000000000 0.000000000000000000 0.000000000000000000 0.000000000000000000 0.000000000000000000 0.000000000000000000 0.000000000000000000 0.000000000000000000 0.000000000000000000 0.000000000000000000 0.000000000000000000 0.000000000000000000 0.000000000000000000 0.000000000000000000 0.000000000000000000 0.000000000000000000 0.000000000000000000 0.000000000000000000 0.000000000000000000 0.000000000000000000 0.000000000000000000 0.000000000000000000 0.000000000000000000 0.000000000000000000 0.000000000000000000 0.000000000000000000 0.000000000000000000 0.000000000000000000 0.000000000000000000 0.000000000000000000 0.000000000000000000 0.000000000000000000
7.597100017261728233 78.629519338975995879 87.291037021248087058 55.409352413122171299 29.782811999170366590 93.218747755660217535 68.437457696908253979 52.199824251065706449 45.299670935744600797 32.698717240596359090 22.459623703411352835 39.283388352711121172 84.184183770073914843 18.605235997010993287 55.702780008458105954 79.131124993112891275 -0.652891889061255171 54.273320911012987722 62.499965552203775587 6.293654676676552207 0.865724329927230585 26.161658360552568325 60.319073211637252996 52.584925176947621139 14.150438409160866371 1.419333814489409207 83.899397957555990502 34.357419651948568173 61.245435265738557007 10.421311323359216061 17.120973403123009859 41.621972648092324221 12.370275240489695179 82.251857927803371240 5018.113295595815543493 0.000000000000000000 0.000000000000000000 0.000000000000000000 0.000000000000000000 0.000000000000000000 0.000000000000000000 0.000000000000000000 0.000000000000000000 0.000000000000000000 0.000000000000000000 0.000000000000000000 0.000000000000000000 0.000000000000000000 0.000000000000000000 0.000000000000000000 0.000000000000000000 0.000000000000000000 0.000000000000000000 0.000000000000000000 0.000000000000000000 0.000000000000000000 0.000000000000000000 0.000000000000000000 0.000000000000000000 0.000000000000000000 0.000000000000000000 0.000000000000000000 0.000000000000000000 0.000000000000000000 0.000000000000000000 0.000000000000000000 0.000000000000000000 0.000000000000000000 0.000000000000000000 0.000000000000000000 0.000000000000000000 0.000000000000000000 0.000000000000000000 0.000000000000000000 0.000000000000000000 0.000000000000000000 0.000000000000000000 0.000000000000000000 0.000000000000000000 0.000000000000000000 0.000000000000000000 0.000000000000000000 0.000000000000000000 0.000000000000000000 0.000000000000000000 0.000000000000000000 0.000000000000000000 0.000000000000000000 0.000000000000000000 0.000000000000000000 0.000000000000000000 0.000000000000000000 0.000000000000000000 0.000000000000000000 0.000000000000000000 0.000000000000000000 0.000000000000000000 0.000000000000000000 0.000000000000000000 0.000000000000000000
14.260791435069231525 15.533553768896744884 62.116542585971558310 31.918348433489320826 25.744804639385872491 23.808666439575301155 20.238048738376633651 71.359224203499508121 34.801426109448016177 8.271717879170076060 88.822984690476829428 56.520736207084347313 93.216135836256881930 91.256068321773952334 13.549054212869730662 15.042714207530892168 43.000514138703849198 17.182398624916363161 84.387404900139358688 75.718495404580536956 4.574074310040908031 63.008883873944000698 -5.451981444175929781 19.533355055803713896 21.424825412887489762 76.451815304825586850 30.957709860282555780 6.188565512753882558 73.791696568389696154 20.310464117243391513 45.156057998011839061 78.875567012370524367 20.701589359097255283 88.609198262182474082 72.171222695545253600 5027.766170798256098351 0.000000000000000000 0.000000000000000000 0.000000000000000000 0.000000000000000000 0.000000000000000000 0.000000000000000000 0.000000000000000000 0.000000000000000000 0.000000000000000000 0.000000000000000000 0.000000000000000000 0.000000000000000000 0.000000000000000000 0.000000000000000000 0.000000000000000000 0.000000000000000000 0.000000000000000000 0.000000000000000000 0.000000000000000000 0.000000000000000000 0.000000000000000000 0.000000000000000000 0.000000000000000000 0.000000000000000000 0.000000000000000000 0.000000000000000000 0.000000000000000000 0.000000000000000000 0.000000000000000000 0.000000000000000000 0.000000000000000000 0.000000000000000000 0.000000000000000000 0.000000000000000000 0.000000000000000000 0.000000000000000000 0.000000000000000000 0.000000000000000000 0.000000000000000000 0.000000000000000000 0.000000000000000000 0.000000000000000000 0.000000000000000000 0.000000000000000000 0.000000000000000000 0.000000000000000000 0.000000000000000000 0.000000000000000000 0.000000000000000000 0.000000000000000000 0.000000000000000000 0.000000000000000000 0.000000000000000000 0.000000000000000000 0.000000000000000000 0.000000000000000000 0.000000000000000000 0.000000000000000000 0.000000000000000000 0.000000000000000000 0.000000000000000000 0.000000000000000000 0.000000000000000000 0.000000000000000000
64.463248492266529865 22.178869632182973248 98.515439844967986005 88.232599952530165410 33.454615674536498204 51.703215039177202073 69.127977044924733718 52.227003687250416419 2.405722712693592058 70.104088821024845402 61.238056680982609237 8.933223310085342206 10.363334294373943933 72.146971869145588130 7.945819725254263943 50.716634894773939379 32.349814189966735967 5.441865223073828695 9.707728565551924760 48.055390606561338984 63.745611347321798235 9.750617529103029923 3.870068007807104138 6.994119709650020056 -4.045743905593177203 23.491314342547433114 31.463545793525462102 7.381201797829646694 23.892945180919220149 -2.526307790367147810 90.391016220152977212 81.507490303834885026 75.120650938701842847 -2.509981999024598842 -0.015809847238710262 34.468695044281787432 5004.954318054723444220 0.000000000000000000 0.000000000000000000 0.000000000000000000 0.000000000000000000 0.000000000000000000 0.000000000000000000 0.000000000000000000 0.000000000000000000 0.000000000000000000 0.000000000000000000 0.000000000000000000 0.000000000000000000 0.000000000000000000 0.000000000000000000 0.000000000000000000 0.000000000000000000 0.000000000000000000 0.000000000000000000 0.000000000000000000 0.000000000000000000 0.000000000000000000 0.000000000000000000 0.000000000000000000 0.000000000000000000 0.000000000000000000 0.000000000000000000 0.000000000000000000 0.000000000000000000 0.000000000000000000 0.000000000000000000 0.000000000000000000 0.000000000000000000 0.000000000000000000 0.000000000000000000 0.000000000000000000 0.000000000000000000 0.000000000000000000 0.000000000000000000 0.000000000000000000 0.000000000000000000 0.000000000000000000 0.000000000000000000 0.000000000000000000 0.000000000000000000 0.000000000000000000 0.000000000000000000 0.000000000000000000 0.000000000000000000 0.000000000000000000 0.000000000000000000 0.000000000000000000 0.000000000000000000 0.000000000000000000 0.000000000000000000 0.000000000000000000 0.000000000000000000 0.000000000000000000 0.000000000000000000 0.000000000000000000 0.000000000000000000 0.000000000000000000 0.000000000000000000 0.000000000000000000
68.007050108583783299 79.630172006534877482 87.344692868117704165 36.687502275264783691 13.885962463901202923 12.960160876760930648 1.119101137566741677 59.653628172466767410 22.385463389550434243 59.391603291210678606 14.846017972543897656 22.937513969569376826 61.382340519144797497 0.065092585110376078 21.878662291309716181 82.617672129276826354 29.380767185167133704 57.618226376738242323 28.455838242994815346 34.295881922812135656 -5.136642196206059552 77.150192018353820345 22.202345387224845297 0.853285934938084800 80.215950246962975712 66.629569691519193952 21.299181023389934353 55.252574855732490278 39.007347817798347478 8.961849081886784418 53.159135775686756631 86.372074619213123015 34.174549661159687730 2.631847941652830869 -7.923060833884282950 -4.789532710828168227 2.069775669690807618 5060.199282077021962323 0.000000000000000000 0.000000000000000000 0.000000000000000000 0.000000000000000000 0.000000000000000000 0.000000000000000000 0.000000000000000000 0.000000000000000000 0.000000000000000000 0.000000000000000000 0.000000000000000000 0.000000000000000000 0.000000000000000000 0.000000000000000000 0.000000000000000000 0.000000000000000000 0.000000000000000000 0.000000000000000000 0.000000000000000000 0.000000000000000000 0.000000000000000000 0.000000000000000000 0.000000000000000000 0.000000000000000000 0.000000000000000000 0.000000000000000000 0.000000000000000000 0.000000000000000000 0.000000000000000000 0.000000000000000000 0.000000000000000000 0.000000000000000000 0.000000000000000000 0.000000000000000000 0.000000000000000000 0.000000000000000000 0.000000000000000000 0.000000000000000000 0.000000000000000000 0.000000000000000000 0.000000000000000000 0.000000000000000000 0.000000000000000000 0.000000000000000000 0.000000000000000000 0.000000000000000000 0.000000000000000000 0.000000000000000000 0.000000000000000000 0.000000000000000000 0.000000000000000000 0.000000000000000000 0.000000000000000000 0.000000000000000000 0.000000000000000000 0.000000000000000000 0.000000000000000000 0.000000000000000000 0.000000000000000000 0.000000000000000000 0.000000000000000000 0.000000000000000000
64.339516377932525870 6.315047647823480936 11.936108892523568770 22.225362573161412172 77.136842002029837317 94.072901510215956478 9.445837033032125518 97.247657284806678035 29.142416300738204882 89.309137925854599871 88.759245372669880680 1.740369940034961260 78.269203612958278882 58.497477988651127134 -0.558125158658197229 66.802709260778073030 48.194182327534925037 39.363446657689522112 56.569646280500577973 18.323663712123533287 65.520577428053243807 91.108356697678274827 41.511707229201675773 84.521628395146763069 43.503036751793885628 81.490809660672937298 -0.360331429611004950 74.849156526694869740 86.360103646082080786 55.448461626472216324 47.513102858360618086 77.771270367713441374 49.702153570551118378 43.169667596104829954 64.280316860640624554 37.028248574141919391 7.501328165203048570 -8.301662107245030953 5052.768635507058206713 0.000000000000000000 0.000000000000000000 0.000000000000000000 0.000000000000000000 0.000000000000000000 0.000000000000000000 0.000000000000000000 0.000000000000000000 0.000000000000000000 0.000000000000000000 0.000000000000000000 0.000000000000000000 0.000000000000000000 0.000000000000000000 0.000000000000000000 0.000000000000000000 0.000000000000000000 0.000000000000000000 0.000000000000000000 0.000000000000000000 0.000000000000000000 0.000000000000000000 0.000000000000000000 0.000000000000000000 0.000000000000000000 0.000000000000000000 0.000000000000000000 0.000000000000000000 0.000000000000000000 0.000000000000000000 0.000000000000000000 0.000000000000000000 0.000000000000000000 0.000000000000000000 0.000000000000000000 0.000000000000000000 0.000000000000000000 0.000000000000000000 0.000000000000000000 0.000000000000000000 0.000000000000000000 0.000000000000000000 0.000000000000000000 0.000000000000000000 0.000000000000000000 0.000000000000000000 0.000000000000000000 0.000000000000000000 0.000000000000000000 0.000000000000000000 0.000000000000000000 0.000000000000000000 0.000000000000000000 0.000000000000000000 0.000000000000000000 0.000000000000000000 0.000000000000000000 0.000000000000000000 0.000000000000000000 0.000000000000000000 0.000000000000000000
1.872296257216375270 55.889599193781556608 55.322022312616965678 61.017019160145864021 52.093797907924567880 14.001391412620531440 51.227393140169802166 52.728177194970115238 17.534265025408526384 67.853423131002060131 63.896001659975517839 11.487998780006000388 39.299471414010326953 49.824402929955603270 18.270264531356026794 2.684813333368702537 5.718818109802750627 43.248820598334447141 80.731398040219801260 64.239059896151559315 21.554888589020841039 81.438989053195925294 -5.095016444918796239 36.906910168633274338 11.601442693033945375 12.799612050758950588 86.895575062148893153 44.769629211014652981 76.415252791298712509 69.154369420381641476 48.002132987594748670 43.611851548221295616 -3.562110711985928546 0.908451634716334055 62.189977871825021793 35.413925434241278367 10.055820977212915679 50.785026367472710263 -7.967170751024237774 5002.398192009340164077 0.000000000000000000 0.000000000000000000 0.000000000000000000 0.000000000000000000 0.000000000000000000 0.000000000000000000 0.000000000000000000 0.000000000000000000 0.000000000000000000 0.000000000000000000 0.000000000000000000 0.000000000000000000 0.000000000000000000 0.000000000000000000 0.000000000000000000 0.000000000000000000 0.000000000000000000 0.000000000000000000 0.000000000000000000 0.000000000000000000 0.000000000000000000 0.000000000000000000 0.000000000000000000 0.000000000000000000 0.000000000000000000 0.000000000000000000 0.000000000000000000 0.000000000000000000 0.000000000000000000 0.000000000000000000 0.000000000000000000 0.000000000000000000 0.000000000000000000 0.000000000000000000 0.000000000000000000 0.000000000000000000 0.000000000000000000 0.000000000000000000 0.000000000000000000 0.000000000000000000 0.000000000000000000 0.000000000000000000 0.000000000000000000 0.000000000000000000 0.000000000000000000 0.000000000000000000 0.000000000000000000 0.000000000000000000 0.000000000000000000 0.000000000000000000 0.000000000000000000 0.000000000000000000 0.000000000000000000 0.000000000000000000 0.000000000000000000 0.000000000000000000 0.000000000000000000 0.000000000000000000 0.000000000000000000 0.000000000000000000
85.206357716830751770 88.469729572712623167 22.022614787598925545 33.357814159827782419 71.541217255393561913 38.552140498971617433 90.577163692947948448 57.696058578446987042 64.726266659263586689 82.694433736501750332 91.956522350251617581 87.041301625584381441 83.387870896015755307 71.952173235611624591 49.367673911734989645 85.536024519738646177 83.510954345202222271 73.128118966716343152 71.099032561611906544 10.985976859113485204 56.233323029125685366 62.732506308434636821 58.332654121355851373 26.712688419508474169 -0.889166813154069757 -1.809499544529780124 -8.083857546339011435 47.550271103616736923 1.982585291420182472 62.703892307075420831 1.634192375215368642 72.352970386879789544 -14.167449312246676030 38.389589336913914508 36.493120875787376178 55.870461650063390380 3.808513857109591783 -11.090427507630742809 22.867454550019978399 -12.379545391824663625 5007.377391017347690649 0.000000000000000000 0.000000000000000000 0.000000000000000000 0.000000000000000000 0.000000000000000000 0.000000000000000000 0.000000000000000000 0.000000000000000000 0.000000000000000000 0.000000000000000000 0.000000000000000000 0.000000000000000000 0.000000000000000000 0.000000000000000000 0.000000000000000000 0.000000000000000000 0.000000000000000000 0.000000000000000000 0.000000000000000000 0.000000000000000000 0.000000000000000000 0.000000000000000000 0.000000000000000000 0.000000000000000000 0.000000000000000000 0.000000000000000000 0.000000000000000000 0.000000000000000000 0.000000000000000000 0.000000000000000000 0.000000000000000000 0.000000000000000000 0.000000000000000000 0.000000000000000000 0.000000000000000000 0.000000000000000000 0.000000000000000000 0.000000000000000000 0.000000000000000000 0.000000000000000000 0.000000000000000000 0.000000000000000000 0.000000000000000000 0.000000000000000000 0.000000000000000000 0.000000000000000000 0.000000000000000000 0.000000000000000000 0.000000000000000000 0.000000000000000000 0.000000000000000000 0.000000000000000000 0.000000000000000000 0.000000000000000000 0.000000000000000000 0.000000000000000000 0.000000000000000000 0.000000000000000000 0.000000000000000000
93.824471099795587747 74.178434041782651320 25.105964773057603878 32.451554668596173769 58.011552271966628780 42.246755835147155267 22.447361173971906112 16.747106591184202529 20.133037598670405544 26.061105077778780270 10.998496576802015312 14.004248466876694224 67.065593600121601980 39.486369034619748675 47.606364929157464871 9.284098907094936237 19.068183519740863119 89.128576979939296621 5.734275186374685696 77.261688532059807244 23.693232676781789792 2.865287768541998403 66.124210959169886337 86.886067702030970850 41.968036660961615780 66.339046672984224529 41.862685889717340615 0.114881731583032831 42.287710421989963550 -6.848316664425460942 62.641114520911102659 2.934508753770417755 44.715402571663283027 -1.716537767028942341 4.637463114107879036 35.534971945660785764 -1.780778507773035813 23.035652846841514929 50.533422311357696799 -6.364393227646861995 58.825487487062673608 5015.932448358069450478 0.000000000000000000 0.000000000000000000 0.000000000000000000 0.000000000000000000 0.000000000000000000 0.000000000000000000 0.000000000000000000 0.000000000000000000 0.000000000000000000 0.000000000000000000 0.000000000000000000 0.000000000000000000 0.000000000000000000 0.000000000000000000 0.000000000000000000 0.000000000000000000 0.000000000000000000 0.000000000000000000 0.000000000000000000 0.000000000000000000 0.000000000000000000 0.000000000000000000 0.000000000000000000 0.000000000000000000 0.000000000000000000 0.000000000000000000 0.000000000000000000 0.000000000000000000 0.000000000000000000 0.000000000000000000 0.000000000000000000 0.000000000000000000 0.000000000000000000 0.000000000000000000 0.000000000000000000 0.000000000000000000 0.000000000000000000 0.000000000000000000 0.000000000000000000 0.000000000000000000 0.000000000000000000 0.000000000000000000 0.000000000000000000 0.000000000000000000 0.000000000000000000 0.000000000000000000 0.000000000000000000 0.000000000000000000 0.000000000000000000 0.000000000000000000 0.000000000000000000 0.000000000000000000 0.000000000000000000 0.000000000000000000 0.000000000000000000 0.000000000000000000 0.000000000000000000 0.000000000000000000
15.878556383448975353 81.826152648670159806 45.715816692616407124 33.732122435064162858 22.343706784611953253 10.781752079565483982 77.365815568492976695 60.213681513168829440 39.016130814253230596 9.407460955364422617 6.711025798317391988 0.522770711367749552 90.116922764419740588 89.754886562829000241 9.325385229420593447 13.153200565620604578 33.257247307447755702 2.903960118430570780 3.479312538194577087 57.041450490592914946 -2.037879930701807396 27.130355595245465139 30.681942713647195831 10.728689025422854186 39.608129758673214837 70.611323810878360518 74.532994515696216808 13.755298818052366983 39.798195086116948005 5.229167400110890540 38.532584517972310323 83.356410868759994059 9.917912724188049367 52.087146158248124550 91.059077317864321799 59.770605014089383644 66.374897659316999921 17.046009845073683664 13.414147227019757480 45.496779749523298619 11.353524364074514708 45.025448419556170165 4997.953161937481127097 0.000000000000000000 0.000000000000000000 0.000000000000000000 0.000000000000000000 0.000000000000000000 0.000000000000000000 0.000000000000000000 0.000000000000000000 0.000000000000000000 0.000000000000000000 0.000000000000000000 0.000000000000000000 0.000000000000000000 0.000000000000000000 0.000000000000000000 0.000000000000000000 0.000000000000000000 0.000000000000000000 0.000000000000000000 0.000000000000000000 0.000000000000000000 0.000000000000000000 0.000000000000000000 0.000000000000000000 0.000000000000000000 0.000000000000000000 0.000000000000000000 0.000000000000000000 0.000000000000000000 0.000000000000000000 0.000000000000000000 0.000000000000000000 0.000000000000000000 0.000000000000000000 0.000000000000000000 0.000000000000000000 0.000000000000000000 0.000000000000000000 0.000000000000000000 0.000000000000000000 0.000000000000000000 0.000000000000000000 0.000000000000000000 0.000000000000000000 0.000000000000000000 0.000000000000000000 0.000000000000000000 0.000000000000000000 0.000000000000000000 0.000000000000000000 0.000000000000000000 0.000000000000000000 0.000000000000000000 0.000000000000000000 0.000000000000000000 0.000000000000000000 0.000000000000000000
79.324064625500398051 15.049999482826251551 1.031982914450929378 78.332345371909383402 2.728700288127897888 52.479730069238641477 34.727549906196720997 56.457551069939377442 87.158800112458308718 71.411127336258630294 49.750924318584537787 85.355906245525062559 22.107279093341450249 89.406716215565580796 45.233433926285485427 75.540052276334918702 65.550547178254589653 52.387674458433529878 88.740378190449405338 58.526403015624765658 -9.524064415832816266 64.819792138951441984 87.380841800864814672 45.636625117350249070 74.212959375330328271 1.001202384340892593 86.943850180651807591 21.764909011270326289 65.566040305456425585 24.291113302687726616 4.867439517951797967 54.664663278970678562 60.240611300519724125 66.185931704264348241 69.427954680725989078 29.710545276446126195 62.554873646541203414 22.507516886770510212 -11.086561155358175768 69.785080347428760206 13.030754052081068295 -15.052942910470054727 74.035358215907976387 5066.925058865563187283 0.000000000000000000 0.000000000000000000 0.000000000000000000 0.000000000000000000 0.000000000000000000 0.000000000000000000 0.000000000000000000 0.000000000000000000 0.000000000000000000 0.000000000000000000 0.000000000000000000 0.000000000000000000 0.000000000000000000 0.000000000000000000 0.000000000000000000 0.000000000000000000 0.000000000000000000 0.000000000000000000 0.000000000000000000 0.000000000000000000 0.000000000000000000 0.000000000000000000 0.000000000000000000 0.000000000000000000 0.000000000000000000 0.000000000000000000 0.000000000000000000 0.000000000000000000 0.000000000000000000 0.000000000000000000 0.000000000000000000 0.000000000000000000 0.000000000000000000 0.000000000000000000 0.000000000000000000 0.000000000000000000 0.000000000000000000 0.000000000000000000 0.000000000000000000 0.000000000000000000 0.000000000000000000 0.000000000000000000 0.000000000000000000 0.000000000000000000 0.000000000000000000 0.000000000000000000 0.000000000000000000 0.000000000000000000 0.000000000000000000 0.000000000000000000 0.000000000000000000 0.000000000000000000 0.000000000000000000 0.000000000000000000 0.000000000000000000 0.000000000000000000
23.186213419409700265 86.332608308726889845 55.273517810246076465 14.566194522825576030 14.514333827057885884 94.824537029752264061 94.830794868215065208 27.816889462734039284 19.598048549412041552 13.770188867470025684 61.097171265292772091 32.230399676873517478 2.126758347290558682 56.335461163088957903 88.037809037753319785 70.470734751896543457 72.488311969462301931 2.637708852381846825 23.915821454108275645 50.768405973811546517 50.306292566317281967 88.826397847746207503 15.249469303967901013 -1.827978279336869072 62.242914361565752301 45.392228476862648279 25.048263319045041442 81.518172416249370826 7.996154591891020402 42.784709191835467834 0.827853988340164548 50.524260610809243133 50.259058720016760446 15.675318004410851103 34.153544490828437574 70.077003221453125548 68.565363547329312155 49.779227342815509871 52.657041690967432146 62.270675814890125821 0.549857643026214760 21.694207882293092382 61.116648913490813300 73.661621564178730637 5060.811021595544843876 0.000000000000000000 0.000000000000000000 0.000000000000000000 0.000000000000000000 0.000000000000000000 0.000000000000000000 0.000000000000000000 0.000000000000000000 0.000000000000000000 0.000000000000000000 0.000000000000000000 0.000000000000000000 0.000000000000000000 0.000000000000000000 0.000000000000000000 0.000000000000000000 0.000000000000000000 0.000000000000000000 0.000000000000000000 0.000000000000000000 0.000000000000000000 0.000000000000000000 0.000000000000000000 0.000000000000000000 0.000000000000000000 0.000000000000000000 0.000000000000000000 0.000000000000000000 0.000000000000000000 0.000000000000000000 0.000000000000000000 0.000000000000000000 0.000000000000000000 0.000000000000000000 0.000000000000000000 0.000000000000000000 0.000000000000000000 0.000000000000000000 0.000000000000000000 0.000000000000000000 0.000000000000000000 0.000000000000000000 0.000000000000000000 0.000000000000000000 0.000000000000000000 0.000000000000000000 0.000000000000000000 0.000000000000000000 0.000000000000000000 0.000000000000000000 0.000000000000000000 0.000000000000000000 0.000000000000000000 0.000000000000000000 0.000000000000000000
27.207506256453477533 6.301179616585496746 12.047882939260102120 71.579145104694063662 11.063180846441278860 19.154041240032444904 82.461569085801215806 48.181068477289869634 89.797399387100128365 87.772869448444481577 46.806456803214075535 34.366598698493930897 47.939364404488820526 5.593016651349584478 14.127881636075764860 59.073082553476417900 75.772777700812113721 57.099722854968220531 36.679996441736605561 38.225015914448000842 19.012387607997840888 79.937783167421756048 62.052652287574574075 73.858972367109160473 16.050124876456060008 7.805398999084921741 30.420912772303047689 55.482489651783218676 36.257592839526289197 21.480684023360073098 90.687164994508819404 53.420060274732364292 5.321709490618715677 75.385510546624246331 56.727798696996359240 7.002967289393906114 37.468895862966192567 39.256531201599749181 40.767298168659920066 80.487109813550787862 -15.078900810624885409 24.753117120454753319 40.875198786514928884 -7.215784529242064593 4.183741993440296625 4989.758747149820010236 0.000000000000000000 0.000000000000000000 0.000000000000000000 0.000000000000000000 0.000000000000000000 0.000000000000000000 0.000000000000000000 0.000000000000000000 0.000000000000000000 0.000000000000000000 0.000000000000000000 0.000000000000000000 0.000000000000000000 0.000000000000000000 0.000000000000000000 0.000000000000000000 0.000000000000000000 0.000000000000000000 0.000000000000000000 0.000000000000000000 0.000000000000000000 0.000000000000000000 0.000000000000000000 0.000000000000000000 0.000000000000000000 0.000000000000000000 0.000000000000000000 0.000000000000000000 0.000000000000000000 0.000000000000000000 0.000000000000000000 0.000000000000000000 0.000000000000000000 0.000000000000000000 0.000000000000000000 0.000000000000000000 0.000000000000000000 0.000000000000000000 0.000000000000000000 0.000000000000000000 0.000000000000000000 0.000000000000000000 0.000000000000000000 0.000000000000000000 0.000000000000000000 0.000000000000000000 0.000000000000000000 0.000000000000000000 0.000000000000000000 0.000000000000000000 0.000000000000000000 0.000000000000000000 0.000000000000000000 0.000000000000000000
94.430339152588658180 96.815521829602445791 70.854846174262306135 14.313331416323579859 78.048152688224547546 12.884971424467591916 77.548153527650939054 71.213189644285108670 32.825756105714667399 27.234549113022435307 64.861849065153108995 45.312500307992515047 81.424990541077406192 41.811282350532934515 10.281532746510862353 5.054523046257552110 44.711661153681049541 14.096384981271402381 55.734284659273257034 88.073392042140241642 37.016437232295494653 5.481475535069240124 34.447249616066798694 32.946353509279994398 57.773754143830728935 22.995345358518914480 2.064566923907594997 14.655624974428693719 76.737624500067113331 -3.060247188079186387 67.722913058795583652 18.538012108305402137 60.470848028562713239 49.288815360963113221 75.549560421536270383 51.132437897845761654 -5.434872988356895362 62.629560423865264340 -2.488254077302707756 29.954187143871163101 48.261539323803035018 38.951911343684116673 27.517468186901623994 16.816686972471167394 24.251630794519648759 -12.682265070744396240 4997.686274404738469457 0.000000000000000000 0.000000000000000000 0.000000000000000000 0.000000000000000000 0.000000000000000000 0.000000000000000000 0.000000000000000000 0.000000000000000000 0.000000000000000000 0.000000000000000000 0.000000000000000000 0.000000000000000000 0.000000000000000000 0.000000000000000000 0.000000000000000000 0.000000000000000000 0.000000000000000000 0.000000000000000000 0.000000000000000000 0.000000000000000000 0.000000000000000000 0.000000000000000000 0.000000000000000000 0.000000000000000000 0.000000000000000000 0.000000000000000000 0.000000000000000000 0.000000000000000000 0.000000000000000000 0.000000000000000000 0.000000000000000000 0.000000000000000000 0.000000000000000000 0.000000000000000000 0.000000000000000000 0.000000000000000000 0.000000000000000000 0.000000000000000000 0.000000000000000000 0.000000000000000000 0.000000000000000000 0.000000000000000000 0.000000000000000000 0.000000000000000000 0.000000000000000000 0.000000000000000000 0.000000000000000000 0.000000000000000000 0.000000000000000000 0.000000000000000000 0.000000000000000000 0.000000000000000000 0.000000000000000000
64.423448724514742025 61.775093259817651870 25.316219116651790699 61.849174090845487228 53.969775419636363267 77.497854167950137594 -2.868166643980562647 1.944241638995700683 70.678767852748109135 36.702423143233758651 90.411463707180473648 63.881535723903404289 83.120053131323629714 0.712332819205724554 0.366300917598211484 27.847282916136773423 -2.950028960565792779 10.186568754674869552 43.973033252225633305 53.891693460865539578 70.358711321336045330 18.454474739342913381 39.749431900634704107 82.816295902952603569 79.255509197233493524 12.404687384884978130 18.540254425061711174 -4.534853543031712064 3.283052900761502357 -10.735985216814627918 58.783091765627062841 -9.063913308565942017 17.937894309399670334 73.435640495042775910 77.411108085802354140 12.390144551366461201 79.064849049280113036 16.025100928403205103 0.852034938552712617 58.080132537847227070 50.653511172403966611 29.457175746993499388 64.773411495419935591 -12.826093016795368840 73.234651031199206273 70.324298826776271198 43.605065048824208418 5056.607154055822320515 0.000000000000000000 0.000000000000000000 0.000000000000000000 0.000000000000000000 0.000000000000000000 0.000000000000000000 0.000000000000000000 0.000000000000000000 0.000000000000000000 0.000000000000000000 0.000000000000000000 0.000000000000000000 0.000000000000000000 0.000000000000000000 0.000000000000000000 0.000000000000000000 0.000000000000000000 0.000000000000000000 0.000000000000000000 0.000000000000000000 0.000000000000000000 0.000000000000000000 0.000000000000000000 0.000000000000000000 0.000000000000000000 0.000000000000000000 0.000000000000000000 0.000000000000000000 0.000000000000000000 0.000000000000000000 0.000000000000000000 0.000000000000000000 0.000000000000000000 0.000000000000000000 0.000000000000000000 0.000000000000000000 0.000000000000000000 0.000000000000000000 0.000000000000000000 0.000000000000000000 0.000000000000000000 0.000000000000000000 0.000000000000000000 0.000000000000000000 0.000000000000000000 0.000000000000000000 0.000000000000000000 0.000000000000000000 0.000000000000000000 0.000000000000000000 0.000000000000000000 0.000000000000000000
96.560469818443692702 9.741033990961458500 60.365526892295036987 70.005290473622522995 82.390569079341688052 84.029425908881108853 43.270108820510124303 0.276987485148769697 51.602138795756189893 38.947557041055560489 31.381262411113070243 84.194808696209307186 77.095420329538072224 54.467167460792829559 66.384987683134681902 66.882081275413810317 32.749943632200469779 3.664280898608352821 74.868963043898446585 79.368144390334791183 4.205045051232689346 89.034992063980809007 71.138683972223262231 84.775470685335989174 38.154649914486100215 33.446853898473051458 41.075348756700662989 12.411301582046315062 85.331308368685199639 83.389579153986773008 40.594520388221582152 20.078000743070802514 63.127350256667938311 33.960742823757243514 -0.221943794302006836 -2.985576594810806839 46.264067326053535112 53.519209714248219711 65.398296868993554654 75.880191987498903927 39.210539167016221995 68.582976593162797485 31.535662599495207559 35.987236418365753821 -14.623139054612162013 35.489918674961757006 -19.598287384774625508 26.843361111988464529 5037.482767455361681641 0.000000000000000000 0.000000000000000000 0.000000000000000000 0.000000000000000000 0.000000000000000000 0.000000000000000000 0.000000000000000000 0.000000000000000000 0.000000000000000000 0.000000000000000000 0.000000000000000000 0.000000000000000000 0.000000000000000000 0.000000000000000000 0.000000000000000000 0.000000000000000000 0.000000000000000000 0.000000000000000000 0.000000000000000000 0.000000000000000000 0.000000000000000000 0.000000000000000000 0.000000000000000000 0.000000000000000000 0.000000000000000000 0.000000000000000000 0.000000000000000000 0.000000000000000000 0.000000000000000000 0.000000000000000000 0.000000000000000000 0.000000000000000000 0.000000000000000000 0.000000000000000000 0.000000000000000000 0.000000000000000000 0.000000000000000000 0.000000000000000000 0.000000000000000000 0.000000000000000000 0.000000000000000000 0.000000000000000000 0.000000000000000000 0.000000000000000000 0.000000000000000000 0.000000000000000000 0.000000000000000000 0.000000000000000000 0.000000000000000000 0.000000000000000000 0.000000000000000000
86.659809520498868096 47.336066510248933525 83.956363258726852905 32.110347294505231730 51.667680694512128525 14.900421685766067625 33.914637430622008196 64.271309802890030483 33.091244191779686901 67.816275265718374499 80.677837650834547389 78.230989114850757460 4.977718086755410276 80.278378378413776773 22.622839795320459189 91.551216434835211544 40.801606873285621191 26.119520058696757303 35.182886363836622934 86.321803972534411287 81.699332662883634271 72.079167908781812457 7.560674653634492870 30.288378675301430576 82.646919256409603349 0.499121906189023079 2.812113430998302022 2.796157622218469641 73.538308275851335338 25.448336510372101316 -4.760908806435310225 61.122491859043591944 83.207557643652393153 38.934020648748138171 33.178143980920204115 20.548615101912290015 38.435036264142205198 49.036145747248006899 79.983924210979608915 -14.350532194114766327 55.932506601406480229 0.583565727558205793 55.672910595809604217 71.011168979609180951 51.768708586642731007 82.937234946046572759 7.736823452040251681 31.560469700979464136 2.161832898477101139 5051.878833026031315967 0.000000000000000000 0.000000000000000000 0.000000000000000000 0.000000000000000000 0.000000000000000000 0.000000000000000000 0.000000000000000000 0.000000000000000000 0.000000000000000000 0.000000000000000000 0.000000000000000000 0.000000000000000000 0.000000000000000000 0.000000000000000000 0.000000000000000000 0.000000000000000000 0.000000000000000000 0.000000000000000000 0.000000000000000000 0.000000000000000000 0.000000000000000000 0.000000000000000000 0.000000000000000000 0.000000000000000000 0.000000000000000000 0.000000000000000000 0.000000000000000000 0.000000000000000000 0.000000000000000000 0.000000000000000000 0.000000000000000000 0.000000000000000000 0.000000000000000000 0.000000000000000000 0.000000000000000000 0.000000000000000000 0.000000000000000000 0.000000000000000000 0.000000000000000000 0.000000000000000000 0.000000000000000000 0.000000000000000000 0.000000000000000000 0.000000000000000000 0.000000000000000000 0.000000000000000000 0.000000000000000000 0.000000000000000000 0.000000000000000000 0.000000000000000000
44.160156853745100136 7.409587195361574175 73.306975863485163813 60.999011736704638054 41.803863626886858640 13.904895241610743639 78.835441528584837556 17.707312319251428789 63.561739453457981597 92.703286223516030873 52.923264785064880300 80.215321021381825517 16.818320301621291435 69.538159847696420002 48.616546357316472893 70.741166457490223252 58.243369188396428626 -3.511977353691924542 80.748014477067499683 88.305965316883799687 -6.270340462525210157 33.858390375380466253 0.444698137027012663 27.664927111150152683 84.979956088930606484 -9.986959656131922713 23.103634027535566275 51.820829240019051554 17.841528000516333918 -1.238440011696642529 2.423726702296461255 26.660163483172880206 70.879881890768118069 66.091511365757867225 70.996522694851847746 1.008921640954978827 13.074955973151455524 86.200143983300336004 10.056579990004124170 -3.327295653102639861 27.519261082131428964 24.241611895933779408 38.615589518228972565 33.281204027428216818 45.167477686434445161 29.424043915920520931 83.092729692881874826 21.780483592733961729 59.494415805469387237 67.898147103054341756 5039.334759513607423287 0.000000000000000000 0.000000000000000000 0.000000000000000000 0.000000000000000000 0.000000000000000000 0.000000000000000000 0.000000000000000000 0.000000000000000000 0.000000000000000000 0.000000000000000000 0.000000000000000000 0.000000000000000000 0.000000000000000000 0.000000000000000000 0.000000000000000000 0.000000000000000000 0.000000000000000000 0.000000000000000000 0.000000000000000000 0.000000000000000000 0.000000000000000000 0.000000000000000000 0.000000000000000000 0.000000000000000000 0.000000000000000000 0.000000000000000000 0.000000000000000000 0.000000000000000000 0.000000000000000000 0.000000000000000000 0.000000000000000000 0.000000000000000000 0.000000000000000000 0.000000000000000000 0.000000000000000000 0.000000000000000000 0.000000000000000000 0.000000000000000000 0.000000000000000000 0.000000000000000000 0.000000000000000000 0.000000000000000000 0.000000000000000000 0.000000000000000000 0.000000000000000000 0.000000000000000000 0.000000000000000000 0.000000000000000000 0.000000000000000000
53.876093132098908711 49.052628579104379014 4.121163960209869082 24.294784953084356260 18.496122149537075785 25.518260596209952240 35.113326726977099668 83.322235177238383130 21.131473634714826204 43.136771478799794011 16.305927722228808818 31.023564294454146761 38.177432020246641287 67.724381590636468786 14.072124565946683816 51.371869401142525646 12.790807537297313345 64.861573177941451718 28.448305709307902589 90.248516661091571223 14.054201232251559261 68.146631236099366902 56.410298495043484479 42.923745043464180071 82.865196078181298844 32.372013562652625751 10.853108755675874519 62.487276798195310334 51.914589799120648195 85.070778070217841105 25.222555322009636569 49.136410742888585901 27.325651662113706664 21.681077305094056840 89.011524022610032603 27.893699171779640977 81.761102997091470002 53.157551387304593504 55.622547951221775975 36.565660791509259298 62.841282105061338825 11.659884464096897716 26.838735876329842256 63.432937464307684650 54.203576008665940833 38.759981650169670786 57.577527634054746386 64.149151486017501611 20.792939356325977229 -8.292771513868411049 29.479379965572437783 5033.179229539021434903 0.000000000000000000 0.000000000000000000 0.000000000000000000 0.000000000000000000 0.000000000000000000 0.000000000000000000 0.000000000000000000 0.000000000000000000 0.000000000000000000 0.000000000000000000 0.000000000000000000 0.000000000000000000 0.000000000000000000 0.000000000000000000 0.000000000000000000 0.000000000000000000 0.000000000000000000 0.000000000000000000 0.000000000000000000 0.000000000000000000 0.000000000000000000 0.000000000000000000 0.000000000000000000 0.000000000000000000 0.000000000000000000 0.000000000000000000 0.000000000000000000 0.000000000000000000 0.000000000000000000 0.000000000000000000 0.000000000000000000 0.000000000000000000 0.000000000000000000 0.000000000000000000 0.000000000000000000 0.000000000000000000 0.000000000000000000 0.000000000000000000 0.000000000000000000 0.000000000000000000 0.000000000000000000 0.000000000000000000 0.000000000000000000 0.000000000000000000 0.000000000000000000 0.000000000000000000 0.000000000000000000 0.000000000000000000
60.268007829809057796 94.688533571518291865 72.280661359741699812 24.591129716055426968 12.782501495467602837 3.896553839157281374 73.268435536759739080 74.827353935321625045 26.487311356847257571 36.633828559123102764 1.025071022126840425 50.123804143631986108 3.097479586183939482 77.654785952809291416 -0.490070675318817095 63.612000896923710513 22.015229282492548180 55.980639847099766371 2.006234847203922200 60.671876972547117646 59.051466644936624562 43.075866041400864503 67.292083325637818803 -3.736577192636199918 22.787421798933770845 39.949706389247367611 46.060013217837301625 61.008015786253388058 -1.586105935372825293 6.201959236156012523 74.245326609043303279 6.453399943289761964 57.947711049007466499 24.648432216275899975 10.006926454262231374 52.786979662847514305 71.262339949272970330 6.192044091191986510 17.507884568127977332 18.322749844222428806 38.273631830435007828 23.876547991458046738 71.932218310613336598 83.737073159202580541 37.944713539290845006 -2.171004131976097540 7.523951032526674965 27.453724382714263186 -11.819742463244539366 20.997641644858973109 -9.615237345431633997 22.030804155913621400 5019.657190283256568364 0.000000000000000000 0.000000000000000000 0.000000000000000000 0.000000000000000000 0.000000000000000000 0.000000000000000000 0.000000000000000000 0.000000000000000000 0.000000000000000000 0.000000000000000000 0.000000000000000000 0.000000000000000000 0.000000000000000000 0.000000000000000000 0.000000000000000000 0.000000000000000000 0.000000000000000000 0.000000000000000000 0.000000000000000000 0.000000000000000000 0.000000000000000000 0.000000000000000000 0.000000000000000000 0.000000000000000000 0.000000000000000000 0.000000000000000000 0.000000000000000000 0.000000000000000000 0.000000000000000000 0.000000000000000000 0.000000000000000000 0.000000000000000000 0.000000000000000000 0.000000000000000000 0.000000000000000000 0.000000000000000000 0.000000000000000000 0.000000000000000000 0.000000000000000000 0.000000000000000000 0.000000000000000000 0.000000000000000000 0.000000000000000000 0.000000000000000000 0.000000000000000000 0.000000000000000000 0.000000000000000000
50.899851450260094055 74.007541439861938670 76.582005002054444276 23.724306618277800851 73.898399248707079323 13.398893784400030427 8.747596865293461477 10.415157002027033428 54.634298925965936178 77.005766140582210255 24.082050335210578140 80.775355611355280416 77.816181137926776046 52.118931171197637298 13.248609655412247221 43.759424486667228393 43.425590569400434049 0.464068777173388014 21.856771525283690494 56.663696590172236256 4.345652886850031038 33.905603970290812299 87.141054769029224758 51.668609594094263571 38.200205739541445382 5.401694865283491964 31.845622301335602344 1.150712686439694821 7.834503664790984701 15.638063271156264378 60.890034602825082288 74.883538089410706107 22.073331929746007773 -3.389996910485016279 39.567370219526374342 24.085238913250943682 49.223689672448678323 71.733615034403428012 44.600575863164166890 67.366196939116221643 4.700089456771406660 6.582198476558623668 60.101786222055871178 41.922120655498503083 74.525019698425893466 17.674723778926200168 40.458495388333410858 47.070406609882056159 47.557994227840346468 -4.709610533628010742 -11.226620439016832265 69.412926390315277558 31.186867163641565526 5000.361315276936693408 0.000000000000000000 0.000000000000000000 0.000000000000000000 0.000000000000000000 0.000000000000000000 0.000000000000000000 0.000000000000000000 0.000000000000000000 0.000000000000000000 0.000000000000000000 0.000000000000000000 0.000000000000000000 0.000000000000000000 0.000000000000000000 0.000000000000000000 0.000000000000000000 0.000000000000000000 0.000000000000000000 0.000000000000000000 0.000000000000000000 0.000000000000000000 0.000000000000000000 0.000000000000000000 0.000000000000000000 0.000000000000000000 0.000000000000000000 0.000000000000000000 0.000000000000000000 0.000000000000000000 0.000000000000000000 0.000000000000000000 0.000000000000000000 0.000000000000000000 0.000000000000000000 0.000000000000000000 0.000000000000000000 0.000000000000000000 0.000000000000000000 0.000000000000000000 0.000000000000000000 0.000000000000000000 0.000000000000000000 0.000000000000000000 0.000000000000000000 0.000000000000000000 0.000000000000000000
59.195092668419206916 21.277600257150144358 83.823154100433228564 2.260864947372795086 28.691009320425781226 5.465111496280396608 27.301382908675918770 94.896324722399583607 48.862623495625300052 53.557424605609107005 48.157197116754488775 4.053668971429598145 71.404044071290087459 11.646447722966373206 75.779857861075512915 67.360817406564578391 -2.269137718530646275 73.650367875825736519 40.948883626906301458 67.982945985061633110 8.986960233723330305 54.230184952146906596 51.661534368877823908 28.126597361322591695 85.543163919482907431 32.757904952670159560 18.627087351688267347 25.255459219522304437 75.912659440015957557 37.510121523145357969 50.211085008176290501 85.812714408449480175 70.508330531223876392 18.453383492196067550 51.674332431416814870 34.062153049698352447 10.230365780640678253 -8.048450736161626651 52.445794184825558659 49.386830692955250299 26.900370650072012779 67.699765621685031647 51.860433577528468163 68.193065386953108487 11.954088420116203650 -9.564238527251404776 29.459559043768564379 38.094840227747205574 2.198284441819680524 30.163011593360135265 -6.312711102406495911 28.723761550392122643 46.704557314916030464 19.607134885196241925 5019.507094256628988660 0.000000000000000000 0.000000000000000000 0.000000000000000000 0.000000000000000000 0.000000000000000000 0.000000000000000000 0.000000000000000000 0.000000000000000000 0.000000000000000000 0.000000000000000000 0.000000000000000000 0.000000000000000000 0.000000000000000000 0.000000000000000000 0.000000000000000000 0.000000000000000000 0.000000000000000000 0.000000000000000000 0.000000000000000000 0.000000000000000000 0.000000000000000000 0.000000000000000000 0.000000000000000000 0.000000000000000000 0.000000000000000000 0.000000000000000000 0.000000000000000000 0.000000000000000000 0.000000000000000000 0.000000000000000000 0.000000000000000000 0.000000000000000000 0.000000000000000000 0.000000000000000000 0.000000000000000000 0.000000000000000000 0.000000000000000000 0.000000000000000000 0.000000000000000000 0.000000000000000000 0.000000000000000000 0.000000000000000000 0.000000000000000000 0.000000000000000000 0.000000000000000000
92.318644430961100511 76.076391175796359789 42.067379636248475094 91.375888681369829669 49.632516014314873587 10.238210418468412399 74.504478134126159716 -1.607963090782471127 37.355370794010596569 72.007381731493538268 31.442116595982767535 -0.809210581536328633 81.340678801773805162 3.439012294161355676 7.714078686068764235 67.710555987052174487 19.673659354237180708 21.156471384602241415 29.949074256187774523 70.136884032832270464 76.101419919480576937 11.984087781070382306 77.285507499571380663 67.200019965390595189 51.258551076396699386 60.934591388523976718 16.547219175516765688 15.086221933534748274 48.550808308533234481 60.129956704528169098 23.449631236234118603 16.804480982450471060 -1.011636000695849802 55.665731928502154346 50.135308523658125068 82.797488906554633559 44.949702159131931012 69.984260996291496326 25.383036635065920450 -4.063018827909594677 51.961186483011765347 59.024150274238778024 76.369062144242093382 57.259122414436703252 80.095112838329697524 73.802963062204000266 39.690360023043808724 13.915021680331559395 -17.239500927690965426 79.256731906294135115 57.993513044280874169 78.501987965439212758 75.912276580978385709 68.819669283210060939 76.244119785395767508 4987.205364480189928145 0.000000000000000000 0.000000000000000000 0.000000000000000000 0.000000000000000000 0.000000000000000000 0.000000000000000000 0.000000000000000000 0.000000000000000000 0.000000000000000000 0.000000000000000000 0.000000000000000000 0.000000000000000000 0.000000000000000000 0.000000000000000000 0.000000000000000000 0.000000000000000000 0.000000000000000000 0.000000000000000000 0.000000000000000000 0.000000000000000000 0.000000000000000000 0.000000000000000000 0.000000000000000000 0.000000000000000000 0.000000000000000000 0.000000000000000000 0.000000000000000000 0.000000000000000000 0.000000000000000000 0.000000000000000000 0.000000000000000000 0.000000000000000000 0.000000000000000000 0.000000000000000000 0.000000000000000000 0.000000000000000000 0.000000000000000000 0.000000000000000000 0.000000000000000000 0.000000000000000000 0.000000000000000000 0.000000000000000000 0.000000000000000000 0.000000000000000000
36.031803014108646721 26.829294842228236462 94.619895442608267899 11.201704381469907545 92.202061586995682774 6.763824991469400416 45.838800719052677834 54.036908073022203780 30.550716863445533278 90.299312390219739655 51.580694946936169742 95.576042235084685217 81.254799711849429400 86.973741499508307129 41.167203697103843751 25.763325211288023553 79.027079138670359271 33.016764689792076126 -6.125290299029628294 68.565419965415927095 67.342379647639631912 22.977472888271407214 0.041861023804981912 80.231655746718388400 28.494768918850120087 64.092636469145517708 85.178369608564466375 6.963956339441999432 80.364126104195776179 50.058556179043485201 65.681729522728602433 3.410831913671241722 65.953592592983710574 47.821620820463095924 58.613218747830345023 24.731073392134288014 14.216388947109516394 8.438392739798183939 -3.597570644337972467 16.245353663447211545 -10.441091134888765168 33.488459734306402993 65.441618932338968762 32.025466704446969857 82.944770943651903394 81.850405191750184031 15.150211143533674374 -18.156659966926813610 75.894333483894172332 -3.825515426791842089 -8.656262898473585210 34.803781638730072245 -14.441884130820914933 60.812703334228572771 -18.830622913469827751 -1.018349739519216257 5008.426580275111518858 0.000000000000000000 0.000000000000000000 0.000000000000000000 0.000000000000000000 0.000000000000000000 0.000000000000000000 0.000000000000000000 0.000000000000000000 0.000000000000000000 0.000000000000000000 0.000000000000000000 0.000000000000000000 0.000000000000000000 0.000000000000000000 0.000000000000000000 0.000000000000000000 0.000000000000000000 0.000000000000000000 0.000000000000000000 0.000000000000000000 0.000000000000000000 0.000000000000000000 0.000000000000000000 0.000000000000000000 0.000000000000000000 0.000000000000000000 0.000000000000000000 0.000000000000000000 0.000000000000000000 0.000000000000000000 0.000000000000000000 0.000000000000000000 0.000000000000000000 0.000000000000000000 0.000000000000000000 0.000000000000000000 0.000000000000000000 0.000000000000000000 0.000000000000000000 0.000000000000000000 0.000000000000000000 0.000000000000000000 0.000000000000000000
40.238929617523076843 29.096475778123657818 78.613135860354475426 92.224561989056169864 58.598879839433742234 4.713387716252567472 83.840265384443284802 13.543260165773684633 21.830399356073321826 2.745605271717333373 47.210974192016031736 71.686925798177185243 77.656952507664186669 28.982233878216575818 26.720986432211269346 72.107716574780212682 33.483853934195394686 52.554251302250179378 4.805225689645600262 45.261637572117237482 43.322139377073668243 10.604382718350530368 44.101825899821278654 15.848565687327704765 41.503910731221282049 3.338627262375030824 72.471964057239304680 53.543259859892110342 87.919787532269168651 49.998372094478973793 85.984446765658617551 8.639188172494550955 79.791876855640694544 16.624274209101042032 5.356268355207207676 17.083242364142044778 84.052471016673422355 25.843067584601151054 40.333254018798001539 64.368124448985795993 -2.836643687937806746 8.523552682617784981 2.898739422962679058 38.919046620869728770 11.070475713252145411 48.855575394264661782 -3.034571675535659097 -6.407239589663491941 53.845887394898134914 43.433560232203014095 39.370050933809125127 64.081126052253551961 30.997029525271646122 -8.572860483001104370 44.464962181900382632 59.002406393739533996 44.338187428871648876 5072.478025770193198696 0.000000000000000000 0.000000000000000000 0.000000000000000000 0.000000000000000000 0.000000000000000000 0.000000000000000000 0.000000000000000000 0.000000000000000000 0.000000000000000000 0.000000000000000000 0.000000000000000000 0.000000000000000000 0.000000000000000000 0.000000000000000000 0.000000000000000000 0.000000000000000000 0.000000000000000000 0.000000000000000000 0.000000000000000000 0.000000000000000000 0.000000000000000000 0.000000000000000000 0.000000000000000000 0.000000000000000000 0.000000000000000000 0.000000000000000000 0.000000000000000000 0.000000000000000000 0.000000000000000000 0.000000000000000000 0.000000000000000000 0.000000000000000000 0.000000000000000000 0.000000000000000000 0.000000000000000000 0.000000000000000000 0.000000000000000000 0.000000000000000000 0.000000000000000000 0.000000000000000000 0.000000000000000000 0.000000000000000000
48.728994313936844662 66.720641082027157154 93.483942145386421885 13.584122342696863583 37.280787369503421758 86.617219779723257034 88.543130811107872091 15.812031607355418572 -3.887080200335627289 91.214531430062763206 82.667276549737110258 94.200934949320242140 18.459787775398886822 78.514945059967303109 22.272896444331170329 24.446203962679959432 8.313047034697921944 45.691302717414892243 79.669124691451230547 45.697028459932454325 61.044210140146255128 -0.044741733751372692 -3.164868276016946425 22.710580990160018189 31.630400762884285371 58.423268902106116229 -5.116786158254940986 -3.773702425604567701 8.232552727889981270 74.095620558400355549 68.591742670042492591 46.630381766431703738 -0.495711445676320750 59.732121593944143001 14.253911829476031414 15.393468314377846795 74.613335418387549680 35.070797355421944985 51.176515676198150118 42.035526407348385192 23.338011580210107354 9.474442446432012943 66.675227292174170657 43.768670205590865407 84.850411504431178855 -9.907446408194473975 37.699975171386554962 45.815816284622371768 34.894665948831899982 18.405676979503915902 0.684698386784958757 26.863245103789402890 -6.376165107418785283 46.947473076146032156 -7.989873641195458731 57.115459905545790775 -15.481979574802039679 30.805223593150046213 5035.220082595320491237 0.000000000000000000 0.000000000000000000 0.000000000000000000 0.000000000000000000 0.000000000000000000 0.000000000000000000 0.000000000000000000 0.000000000000000000 0.000000000000000000 0.000000000000000000 0.000000000000000000 0.000000000000000000 0.000000000000000000 0.000000000000000000 0.000000000000000000 0.000000000000000000 0.000000000000000000 0.000000000000000000 0.000000000000000000 0.000000000000000000 0.000000000000000000 0.000000000000000000 0.000000000000000000 0.000000000000000000 0.000000000000000000 0.000000000000000000 0.000000000000000000 0.000000000000000000 0.000000000000000000 0.000000000000000000 0.000000000000000000 0.000000000000000000 0.000000000000000000 0.000000000000000000 0.000000000000000000 0.000000000000000000 0.000000000000000000 0.000000000000000000 0.000000000000000000 0.000000000000000000 0.000000000000000000
36.439293394127595604 9.268539238463537444 9.472955510399430068 53.760034387494840757 20.271148044903199548 73.272752704974436710 26.289661956921623442 62.558903290732338576 82.182049957745590518 95.656721339051301811 16.224269766768635748 23.419780970027204603 36.391929879029625283 62.315940960642421942 50.794993490907224043 11.744425611266175125 1.976148135048365617 5.011174108191664089 86.734944870594219424 62.150877583782232705 8.340693419955481858 25.590248191049777660 48.765744020215208820 43.182208157064337684 54.224238362512693357 48.158737936537441726 5.329495480255165951 76.136303697634247101 3.381687406899249737 40.346709915828441240 68.222827433282162701 42.649352468821994933 36.120332272808980179 38.729040253771991331 7.263086286050739915 -5.395371186220640602 61.471090682039687181 85.065900627618191265 53.013343613541827892 9.284598838899999151 16.552420123858716750 -2.085177521391432975 51.398346211266499495 32.186527869785088285 82.758505291283867678 21.724926971607334991 57.708422155595123115 53.808069623939900339 78.344957720719520466 60.819460394072798692 32.677973612793579150 44.523631549276629471 9.253146650021143671 11.141172058993870309 69.731962040394250835 17.330815510410456426 74.634296026753588649 37.535657311219701171 -8.051497848175280581 5007.728338853100467531 0.000000000000000000 0.000000000000000000 0.000000000000000000 0.000000000000000000 0.000000000000000000 0.000000000000000000 0.000000000000000000 0.000000000000000000 0.000000000000000000 0.000000000000000000 0.000000000000000000 0.000000000000000000 0.000000000000000000 0.000000000000000000 0.000000000000000000 0.000000000000000000 0.000000000000000000 0.000000000000000000 0.000000000000000000 0.000000000000000000 0.000000000000000000 0.000000000000000000 0.000000000000000000 0.000000000000000000 0.000000000000000000 0.000000000000000000 0.000000000000000000 0.000000000000000000 0.000000000000000000 0.000000000000000000 0.000000000000000000 0.000000000000000000 0.000000000000000000 0.000000000000000000 0.000000000000000000 0.000000000000000000 0.000000000000000000 0.000000000000000000 0.000000000000000000 0.000000000000000000
29.469693748391392774 6.635428493310227438 11.690707272304480924 26.990753605352903577 7.293303944547897544 49.121292814116706893 68.254973805307088242 25.811869796036173597 25.808666935764676964 24.312301427748614913 2.215194264755113718 70.124718037526179160 10.694624988380027730 62.632416466848347625 6.988167939562744735 29.406704277142530657 2.998852336917092742 39.653915805409496897 37.028376777732468383 74.919306244542752893 6.146514276886424710 10.324995482521424961 58.866093904881388710 57.521628050333802662 52.821505976835524621 42.017775207995960329 73.710373030062726230 51.605666316901391610 25.545421447827646233 -0.973720626290813129 87.798515023435413696 72.353404173848872460 86.353015426221944040 41.527290823165884603 71.377638801647336209 37.898799370229873773 16.844351110083529477 17.366874277140219363 13.639895133348767686 48.288749195662347802 54.030327319469357406 -4.198609587724751790 34.822484696504091062 46.697676446899350822 58.070626908722047688 13.898282413375666167 -6.910685640510998873 0.517721322605130041 0.517354083835432021 28.930416542628606180 58.392614679871414296 -11.937159662406481075 8.135830718164420716 70.383780403273135562 17.524623276437413466 37.345099557493547593 16.125887192787850211 70.199026217111367032 82.417157067846872565 17.069933619160337912 5060.395339090418019623 0.000000000000000000 0.000000000000000000 0.000000000000000000 0.000000000000000000 0.000000000000000000 0.000000000000000000 0.000000000000000000 0.000000000000000000 0.000000000000000000 0.000000000000000000 0.000000000000000000 0.000000000000000000 0.000000000000000000 0.000000000000000000 0.000000000000000000 0.000000000000000000 0.000000000000000000 0.000000000000000000 0.000000000000000000 0.000000000000000000 0.000000000000000000 0.000000000000000000 0.000000000000000000 0.000000000000000000 0.000000000000000000 0.000000000000000000 0.000000000000000000 0.000000000000000000 0.000000000000000000 0.000000000000000000 0.000000000000000000 0.000000000000000000 0.000000000000000000 0.000000000000000000 0.000000000000000000 0.000000000000000000 0.000000000000000000 0.000000000000000000 0.000000000000000000
16.310413126538946926 99.139179127105251155 48.163176139696041389 13.548024347025220848 16.984097276537593046 11.338627778547863301 6.601085837977149318 13.220196786754359053 55.662713261211536064 45.043637690207667390 80.223310949732194786 45.995000181052361654 32.418536113111642294 65.000183460144270953 79.389192356469209244 28.383456349832528076 39.626811470014430938 28.179958058712887947 77.399574551331511429 43.873704780236664647 44.534634225220223414 -4.093056704565067427 8.591258687576591058 44.777756200402173192 16.650178498490053158 65.862404713898769160 76.022682830569621615 10.931905344459918794 37.887016203243490509 59.253977286905332278 34.288577779113566635 5.466883623947810023 7.135052507197359617 23.927790830958908685 8.642922117299812967 36.630884907898682457 33.310739750505831580 8.558369259415123054 49.103716398162035262 44.318020186461744458 26.394191383666147033 19.752706974294397924 6.866989690267578439 5.488558495911773250 -9.279466697973909106 12.675296182146338353 -10.185631469835888296 -2.121455293914072726 84.624318327790732042 52.503307115703790942 44.139071044096503726 17.123011512699893188 9.302698186387662105 30.879711809842337544 -8.615833089982107396 28.464454945130306385 70.170686014754053872 9.891370143460036957 2.273575560375064697 61.188744252209644969 17.158163716011827660 5026.869627304542518687 0.000000000000000000 0.000000000000000000 0.000000000000000000 0.000000000000000000 0.000000000000000000 0.000000000000000000 0.000000000000000000 0.000000000000000000 0.000000000000000000 0.000000000000000000 0.000000000000000000 0.000000000000000000 0.000000000000000000 0.000000000000000000 0.000000000000000000 0.000000000000000000 0.000000000000000000 0.000000000000000000 0.000000000000000000 0.000000000000000000 0.000000000000000000 0.000000000000000000 0.000000000000000000 0.000000000000000000 0.000000000000000000 0.000000000000000000 0.000000000000000000 0.000000000000000000 0.000000000000000000 0.000000000000000000 0.000000000000000000 0.000000000000000000 0.000000000000000000 0.000000000000000000 0.000000000000000000 0.000000000000000000 0.000000000000000000 0.000000000000000000
16.048874653082471298 37.924000017840320709 14.138033218916977063 40.979069562699656615 85.466261824778527512 65.570973810708466090 8.852040924189092053 37.602845508161792054 69.417342797954361799 88.305428325383132915 44.156144372333891113 73.362439562955245265 68.844753425762746701 92.385408088422238393 60.377387860411275256 29.524809480078005208 35.693171554940967383 43.852553799643970933 29.316577723875877126 1.027119546335578448 67.537301362133518978 40.846575898536713112 -5.414702239321938393 -4.710305195862909855 51.334119214508696416 75.521377913277106586 7.935085620203622625 42.481742334328792765 -11.386367266066041992 23.862937631060095356 23.370732605834181328 39.026110856127225190 38.732049988461533019 46.129356723757894088 -7.069228494578785771 48.251759599777130916 -4.878899744425504892 60.065720341572237828 21.486201684036686288 10.901483262147692699 -4.275937166625316976 42.752708934941985319 29.027411233973634097 55.926058449028644759 73.295320426791533919 55.500392888566658200 72.979740005302147665 35.483987719575694086 -8.905132710981231270 81.695477566171675221 19.293961194931341652 42.690823996723921141 77.633564695326441552 56.585826041923027674 -11.595627718923889660 48.500405097372194518 47.557036982880696030 59.049403757458364339 75.572576624666041312 14.275864413939252984 70.741591972747755790 53.534956658712921751 4998.012559567564494500 0.000000000000000000 0.000000000000000000 0.000000000000000000 0.000000000000000000 0.000000000000000000 0.000000000000000000 0.000000000000000000 0.000000000000000000 0.000000000000000000 0.000000000000000000 0.000000000000000000 0.000000000000000000 0.000000000000000000 0.000000000000000000 0.000000000000000000 0.000000000000000000 0.000000000000000000 0.000000000000000000 0.000000000000000000 0.000000000000000000 0.000000000000000000 0.000000000000000000 0.000000000000000000 0.000000000000000000 0.000000000000000000 0.000000000000000000 0.000000000000000000 0.000000000000000000 0.000000000000000000 0.000000000000000000 0.000000000000000000 0.000000000000000000 0.000000000000000000 0.000000000000000000 0.000000000000000000 0.000000000000000000 0.000000000000000000
74.332754494520358435 54.487082942019405607 1.778055595589905113 65.739219076399038499 55.133745023876528535 81.565956310741412949 23.705085045679822997 0.993312350089235352 18.683245627954100598 73.277877155184270919 85.022187260605818437 32.963504363901463989 -1.803530313414130504 91.805087188932660069 50.879971378801457149 36.034552036017103660 52.018209278180584931 78.757590300994039012 51.319289969851311639 49.111998197824000556 84.886887751455645912 57.355033850904483472 20.274087387557894857 44.192996131230131596 34.607946560834633942 59.347149701096427066 61.947398705075457315 25.493228710837232853 69.074261384034031153 64.475436278601236495 5.803920104065852570 31.145178781353770603 4.337132139129330710 27.383253419875735801 59.803754957593056929 18.162938179820571349 56.707435818542364814 23.979676100909976810 -13.185841531031908147 59.307155591297217256 52.956279921874269689 53.255466015046934558 28.222060409105701240 27.610362276605208365 -11.905158208597459435 28.771749354048228753 60.810323748342227645 46.327481730896366230 74.290957944596371476 39.549064918210824260 61.963666154080812021 0.271107270859594962 6.409534320164702592 19.592783549824456912 52.675894551725747306 66.237558342732597794 41.246307363448664773 7.054740525482618096 49.841013442071925965 0.290493212887831476 27.323964519687685026 24.823733075759555788 28.089560093660100648 5070.997099970329145435 0.000000000000000000 0.000000000000000000 0.000000000000000000 0.000000000000000000 0.000000000000000000 0.000000000000000000 0.000000000000000000 0.000000000000000000 0.000000000000000000 0.000000000000000000 0.000000000000000000 0.000000000000000000 0.000000000000000000 0.000000000000000000 0.000000000000000000 0.000000000000000000 0.000000000000000000 0.000000000000000000 0.000000000000000000 0.000000000000000000 0.000000000000000000 0.000000000000000000 0.000000000000000000 0.000000000000000000 0.000000000000000000 0.000000000000000000 0.000000000000000000 0.000000000000000000 0.000000000000000000 0.000000000000000000 0.000000000000000000 0.000000000000000000 0.000000000000000000 0.000000000000000000 0.000000000000000000 0.000000000000000000
42.369832004100473455 64.286389981018857043 95.639980175870789481 88.724941879407381862 22.411411287947455406 33.568568107825576874 69.904122419114315790 76.185962255333123494 45.370670657661577252 37.171869992395272675 75.363604571210444760 74.481856990033833199 72.172932688924674949 65.335127212006568698 60.830848399290729844 40.721804651994972346 14.102725909179582686 21.960952965642590584 41.647191068732112740 53.417348883616725175 55.627314956388204337 34.806066487898618789 -0.546757486495836886 40.011054721182013338 50.426804321839682643 3.555705878261624875 67.911857681643908791 68.923759009886950366 15.964736280891250075 3.854229554617409903 -4.010004604657993355 23.635124877367406526 80.809483697345811493 2.551255333744796516 -6.169839223530967587 21.044843067197597009 58.533048251225032743 85.063394041044404048 24.592775273611145792 13.836838191155795386 31.586839796284504445 59.098168905904444159 9.627137119267178633 47.505257869311314778 1.963126880994423118 44.498678159817067979 68.577156731385898070 33.163783285465029849 33.003721885140890890 11.847086780247618520 -13.712864263018422761 51.709664947712838057 -3.853988100745532108 29.426105335890348158 0.011481482336286319 53.107285431224106276 60.138511789554272013 68.205684645063826110 63.200420402641839246 66.270426439554427134 72.706710172831080286 41.930860421381737524 5.694984850177579716 66.430903945557673751 4990.736939284421168850 0.000000000000000000 0.000000000000000000 0.000000000000000000 0.000000000000000000 0.000000000000000000 0.000000000000000000 0.000000000000000000 0.000000000000000000 0.000000000000000000 0.000000000000000000 0.000000000000000000 0.000000000000000000 0.000000000000000000 0.000000000000000000 0.000000000000000000 0.000000000000000000 0.000000000000000000 0.000000000000000000 0.000000000000000000 0.000000000000000000 0.000000000000000000 0.000000000000000000 0.000000000000000000 0.000000000000000000 0.000000000000000000 0.000000000000000000 0.000000000000000000 0.000000000000000000 0.000000000000000000 0.000000000000000000 0.000000000000000000 0.000000000000000000 0.000000000000000000 0.000000000000000000 0.000000000000000000
74.259576660891781330 55.031298462797998639 32.147613882486325565 37.008086637982572142 58.393353348539044134 67.887101919224633662 3.387872221937546335 63.445090980025213412 56.804077841132958326 26.529071737820444810 75.144462641905420242 93.612719010184932245 27.026672870139751836 87.474212944029602568 1.026040947190856478 77.842939820091231695 48.908352400559991224 36.430698758467066511 54.237766539615222428 30.195367709279619106 -5.753035593920095891 69.722689352286550957 69.255129128218158030 85.452461972398396028 17.240263024197226116 35.597173339399347469 8.533566079150780581 -2.475406851417709220 57.584469176113302069 48.600123746841745742 14.691323742673651154 63.116105524199987542 55.952152065753239185 35.356266349202407184 75.775578552613993111 84.412938372418537369 67.948194157282713945 24.428138639476578930 18.522540387701734943 26.492212500781114670 42.085295101615855629 35.523963612251115762 49.982895682521963465 21.072598316103587024 73.419871345261725537 7.427051904829731654 73.933579567045313752 4.600906271895638611 -8.650678009268457203 37.930122232891193335 78.632224829800108523 0.165310582825632935 -6.420477979952893932 -8.805657881903609763 49.454742682799313513 -12.975849623679469147 14.570510662006793012 75.522038830912691765 10.001595084465517260 -16.978644105721478752 66.886481651843325835 31.312718072730557850 23.225001730990182836 19.440214807885482173 4.387590651690018717 5053.230168624511861708 0.000000000000000000 0.000000000000000000 0.000000000000000000 0.000000000000000000 0.000000000000000000 0.000000000000000000 0.000000000000000000 0.000000000000000000 0.000000000000000000 0.000000000000000000 0.000000000000000000 0.000000000000000000 0.000000000000000000 0.000000000000000000 0.000000000000000000 0.000000000000000000 0.000000000000000000 0.000000000000000000 0.000000000000000000 0.000000000000000000 0.000000000000000000 0.000000000000000000 0.000000000000000000 0.000000000000000000 0.000000000000000000 0.000000000000000000 0.000000000000000000 0.000000000000000000 0.000000000000000000 0.000000000000000000 0.000000000000000000 0.000000000000000000 0.000000000000000000 0.000000000000000000
57.265703918275534079 38.837403666641613142 96.363604873376047522 23.407833304486004522 27.650475912429989478 46.441985958834941073 -2.468871919731327136 58.621074404469815988 45.884797898420913498 57.521303761516399788 65.702568305917452562 65.893651654047573629 85.937229544596846154 41.636488724606955714 34.506761944522438057 29.184505582726359307 20.385073036661310653 67.935930137969251064 29.676075225134230351 91.918443169409471238 62.071244499667862726 78.284978582004512759 -8.530003951017224750 87.969060589463566657 62.346421731346978845 73.240517447046030952 64.891670983433911601 -3.694208768912689678 66.003723136518715364 59.456397247082037438 70.945131434274316007 55.001993220017318720 66.365928912516594096 48.149199382739027442 36.501126863599836270 72.921460477231065056 1.561086242343336039 14.597812441307450371 26.490800748457754565 -16.019062469365543677 9.041346701622511972 46.617381399941706377 -0.061522997053513606 5.746133072959363375 45.239122021800518780 16.838816242186162242 17.996918400338138611 49.442244858707645960 3.310755173394564821 2.408408146822644369 -13.419618486263992452 24.964842194636837291 67.471341077687839061 76.695314850095115844 32.576489669082803857 31.931379775526362863 54.124125251473870435 18.180121811375279606 34.355868735914057766 41.957965815809274090 42.510733559468562248 65.993823725119639789 48.370646305123784714 71.636044400085907569 49.938442563760546022 70.259707035833372402 5021.914872085227216303 0.000000000000000000 0.000000000000000000 0.000000000000000000 0.000000000000000000 0.000000000000000000 0.000000000000000000 0.000000000000000000 0.000000000000000000 0.000000000000000000 0.000000000000000000 0.000000000000000000 0.000000000000000000 0.000000000000000000 0.000000000000000000 0.000000000000000000 0.000000000000000000 0.000000000000000000 0.000000000000000000 0.000000000000000000 0.000000000000000000 0.000000000000000000 0.000000000000000000 0.000000000000000000 0.000000000000000000 0.000000000000000000 0.000000000000000000 0.000000000000000000 0.000000000000000000 0.000000000000000000 0.000000000000000000 0.000000000000000000 0.000000000000000000 0.000000000000000000
58.556684332318084785 92.904636985578648023 16.009654400645089822 75.300674727899178151 34.607430905512764241 54.620372866195943118 36.362262448876300880 37.234959143922743863 15.035349218113669423 16.091979818374674949 40.785632680095488922 14.157778473653634066 56.362435403878109241 34.350627984725974784 58.173768342007093679 8.436480847326166099 40.871196926879072464 35.000922744514120666 61.125351296971857096 70.537967125528837187 31.046634480411274382 69.762438536653064602 58.125779736861844071 4.004361348679347898 31.123814880128726656 16.547855100439960552 -1.584542996649303426 27.834600151018683789 11.363518509183354155 40.838171829525379053 55.409610397131693560 31.324527823659018111 69.126792905263656053 37.849784668793923004 40.517383671495451836 80.490193756740879394 82.074944449831775728 77.435009613710491294 82.908090599576851787 26.410716708466694058 1.005393629617040929 2.708970027067397979 64.403227566802726756 76.742136286046005011 5.944736401867137587 20.995453157353018980 71.586740272718955680 70.572559098725349713 -5.198180174724875258 79.460090698724798131 13.265655074233784205 37.676707410891921768 62.865083946429805906 82.015374777116790028 41.629647965380215169 56.582576559909448122 4.063591413273886843 20.972619095395941713 65.011018944404455056 36.372401700660191182 26.491170002570857633 -4.763782406210491871 2.105487899892800385 23.471049256068337030 62.362221985997251750 67.085705883877650990 56.871553744034564204 5009.264350925353028288 0.000000000000000000 0.000000000000000000 0.000000000000000000 0.000000000000000000 0.000000000000000000 0.000000000000000000 0.000000000000000000 0.000000000000000000 0.000000000000000000 0.000000000000000000 0.000000000000000000 0.000000000000000000 0.000000000000000000 0.000000000000000000 0.000000000000000000 0.000000000000000000 0.000000000000000000 0.000000000000000000 0.000000000000000000 0.000000000000000000 0.000000000000000000 0.000000000000000000 0.000000000000000000 0.000000000000000000 0.000000000000000000 0.000000000000000000 0.000000000000000000 0.000000000000000000 0.000000000000000000 0.000000000000000000 0.000000000000000000 0.000000000000000000
72.578085459970054671 56.781952063676207842 7.835523643477944056 92.009849197634920870 57.977088527978402510 23.987819942261527473 24.558174226093317571 82.638482578797152200 68.605794879892670224 41.456456976295427808 55.975881781764812217 57.351250793811438200 70.542964405342203804 82.586923905387564560 71.773257020727200484 50.260171088373397197 4.796405081070327370 59.169228174502656259 42.562462304186610140 15.048616637501936566 51.122846483525556494 26.720826746836202403 14.359634269368530823 28.946707523747488011 -3.417928742120652785 79.176328147458164608 15.006399784394787389 52.994815649586527684 -9.371113655677861587 61.016927410630216855 77.948583749718636682 27.806609098509191824 -4.399173968635784249 50.095526958505359971 23.422827261185780401 58.456686383473225987 23.014502059431514169 55.082991038704648190 8.480808655146898190 32.559431912464361858 48.176237714301834103 -0.380135926922793743 27.799001140640967833 33.626745720529299888 20.500684215843921976 75.794272607018740473 58.789444577717233642 58.974218277478200889 0.473755971415638300 46.061488698442587975 35.696305024077915391 47.105131487504891652 -9.913064835682670051 43.829365435571233434 71.925575019667363108 -10.865078615986391242 21.049339868357048289 -3.473115203849264532 19.438534429195751585 57.041913297862315346 -4.688227805945592408 -0.665337639072813403 51.549856860168048911 46.648679371293056306 68.153024860715930799 1.525136214476873420 -2.630070180845532235 39.972861837980829591 5051.248141090371973405 0.000000000000000000 0.000000000000000000 0.000000000000000000 0.000000000000000000 0.000000000000000000 0.000000000000000000 0.000000000000000000 0.000000000000000000 0.000000000000000000 0.000000000000000000 0.000000000000000000 0.000000000000000000 0.000000000000000000 0.000000000000000000 0.000000000000000000 0.000000000000000000 0.000000000000000000 0.000000000000000000 0.000000000000000000 0.000000000000000000 0.000000000000000000 0.000000000000000000 0.000000000000000000 0.000000000000000000 0.000000000000000000 0.000000000000000000 0.000000000000000000 0.000000000000000000 0.000000000000000000 0.000000000000000000 0.000000000000000000
42.546567768982789914 82.527967940139291159 23.922415569042939865 43.699936954571775516 80.473108472235622912 14.310502435472645999 60.137990943585748482 21.564909698211007338 41.641137785703932650 37.483627231352407705 51.687249504451003190 79.380922451713857413 36.783366181898117020 21.096411694477101406 81.715457134540301354 -6.096923529431091282 25.296467881934084687 92.961650276870017251 4.566260202706014404 84.245672501903058560 72.122046021998585275 12.449555321223487070 56.355887468764947812 89.902125401660029524 7.092176849166957453 48.924888762427968913 62.236484191292177570 38.818944858135964182 48.190377079319340226 74.660648485955746878 85.566336517942531259 27.524730628664730858 69.829451718910874547 75.496799465342505187 81.815306780916202456 42.557528161002196043 32.560076502405543408 60.481507358398658880 -4.808800246671919965 67.322080003195964082 57.933158316636166774 45.649467010327910543 -10.451967632156300425 37.235483571899379740 -8.121081177319869226 21.492706784977457346 5.343272926207092155 17.954472270312130888 78.511528399447882975 -15.800093422231409335 16.660498368026374294 59.097109226351889788 44.559213474535326327 18.078456720809697345 -9.785458915120750945 24.711625700177311415 18.069729671894563694 28.553421348295632498 12.981762738181870986 74.443655920789865377 48.224197861080185135 28.898526144659118842 18.608098421230575781 49.524587092672732069 25.357672645187083305 78.180756382383890468 -3.199171345572388248 -0.729146864538481765 21.469332323808288265 5037.740724077324557584 0.000000000000000000 0.000000000000000000 0.000000000000000000 0.000000000000000000 0.000000000000000000 0.000000000000000000 0.000000000000000000 0.000000000000000000 0.000000000000000000 0.000000000000000000 0.000000000000000000 0.000000000000000000 0.000000000000000000 0.000000000000000000 0.000000000000000000 0.000000000000000000 0.000000000000000000 0.000000000000000000 0.000000000000000000 0.000000000000000000 0.000000000000000000 0.000000000000000000 0.000000000000000000 0.000000000000000000 0.000000000000000000 0.000000000000000000 0.000000000000000000 0.000000000000000000 0.000000000000000000 0.000000000000000000
59.800351967219029348 38.861550555151048059 62.529952030390333562 80.340871260495546835 1.657645628104912561 50.373334071384270771 9.017688920775023931 90.533870475399766065 61.047201958401686284 9.413222088248261343 33.823056211642764879 43.143347735011786881 81.534646466061616366 43.399557545696275440 9.540865182793947241 29.244889029537723957 60.286872926282669027 92.145595274696120214 84.704134712288194464 39.019498261778359449 60.088306667090805036 25.964770947200150886 63.350560519332489662 66.102010718126535949 65.713145971140747292 41.873504193727839606 86.991316599798651055 67.848001421615393269 25.846940943573059712 76.352275278626592581 -4.275586319617688424 45.533915186343854486 20.450565013384796487 74.743115475900623323 -0.018890625826008645 78.676675271461036232 31.398831940062922996 13.769911875393182399 23.400485050731930414 -3.382114828713055132 64.098410362788257544 75.176533460957145394 66.057528680576581337 40.961529258491296446 46.817586084594196905 57.518019970859427303 18.611670615625211411 26.757338619785606681 68.347188530173568211 44.150562683815337550 40.890512505196397797 64.749346119653097276 54.675028556786060108 14.334065603232087227 -4.516388985205566087 31.253203552756403383 53.338422020377038280 65.141980813893368918 24.142874357245858619 66.524724853708434580 59.616741257857881919 19.945306104158046168 3.807211843100070325 61.643468277176424408 -17.329935045763747326 68.948300237257740264 57.200190645270865275 32.655804952564253085 29.464438540607979178 18.813361201595547811 4988.526294579562090803 0.000000000000000000 0.000000000000000000 0.000000000000000000 0.000000000000000000 0.000000000000000000 0.000000000000000000 0.000000000000000000 0.000000000000000000 0.000000000000000000 0.000000000000000000 0.000000000000000000 0.000000000000000000 0.000000000000000000 0.000000000000000000 0.000000000000000000 0.000000000000000000 0.000000000000000000 0.000000000000000000 0.000000000000000000 0.000000000000000000 0.000000000000000000 0.000000000000000000 0.000000000000000000 0.000000000000000000 0.000000000000000000 0.000000000000000000 0.000000000000000000 0.000000000000000000 0.000000000000000000
50.847906451084021739 96.272028521399207079 89.170413663246691272 76.713040565888022115 5.030763705223261439 61.797492528426637648 77.992767245104431595 91.711837449408534439 23.214777039169863571 49.811045857166419637 88.709380879968733780 64.871422937847896151 71.619114916272224036 69.349250291860627726 37.569327090833837701 80.360770239357748324 75.294420250759657165 40.140160540480060547 52.107666688022717949 38.417813005436791229 34.088224086104716548 54.752412757857598535 76.410226963016484092 85.853101104248736419 3.955844661793353367 83.588708505396553505 55.541476838953428796 46.164147126214402306 50.885148058871749299 28.669291473229954192 28.501679637708988935 50.705392108716409894 14.090593962697237629 -9.144071103005698475 74.720593793563281793 45.283280737717092279 29.198156651070842571 -7.899712376749072007 60.669558871303593151 -6.249797238666678467 1.143060188637182506 76.348682541957785475 34.907019156723244180 68.182716820271309643 11.747935586014396137 35.212780627010715762 56.792254742804274770 54.101681900802006453 -9.365471913606363330 24.443837890629836807 -19.503179756831674041 9.534616837055970962 11.358614051426837221 48.023479585768036770 19.032775763862961327 36.588957939112390250 6.675164747069043614 -0.845947528342840371 48.781006324517733219 66.526294984426144197 14.815718766371496429 31.687063621829324234 17.712017291285029330 70.703614499445833985 16.342164019716857837 18.301994716906058613 11.935060149920548866 39.667331915843874413 45.780963045999122585 -3.940571259363569112 53.440492586425506261 5051.766212441554671386 0.000000000000000000 0.000000000000000000 0.000000000000000000 0.000000000000000000 0.000000000000000000 0.000000000000000000 0.000000000000000000 0.000000000000000000 0.000000000000000000 0.000000000000000000 0.000000000000000000 0.000000000000000000 0.000000000000000000 0.000000000000000000 0.000000000000000000 0.000000000000000000 0.000000000000000000 0.000000000000000000 0.000000000000000000 0.000000000000000000 0.000000000000000000 0.000000000000000000 0.000000000000000000 0.000000000000000000 0.000000000000000000 0.000000000000000000 0.000000000000000000 0.000000000000000000
16.744822040252913098 4.319133250010048108 58.822994105062164749 81.059362713931363942 17.367452456962553242 97.607620822095469748 78.700022221759525110 81.038765933157563381 79.956636128152211995 48.722911344112119991 8.263510199083244245 93.496467194174584847 73.996529180513675783 86.768538815655048779 75.361155331972540239 15.897113720203398302 44.189370938946296974 79.558639579519152107 90.859930623477751510 -6.266903465616215918 -9.326319220574795565 70.999931208019404494 65.741851370359086104 75.654974573335337595 38.906518959379603473 39.291799342899309977 81.691399855680202791 -9.894511929748720291 22.811783865194243504 50.338352784577708121 79.695226086245440911 -10.750060306394242815 76.168462998774188577 71.899820777077167122 8.837089590988902899 -2.234145202833172306 53.584746237270181268 77.112290310736568699 1.876598815348621940 10.668614572861208956 -5.110592013139148904 77.408898417323882768 37.944464520299234778 51.229356317874902516 40.989488982135320327 -3.271576831451325162 43.906479706919611772 33.217592558626712673 63.277749582752676361 59.919287420941230948 18.838201844589956835 47.262279011650349503 51.525605853389663480 47.752406220386973246 59.699986771136906327 8.940202474294626001 30.501086068200944368 23.748004419277894073 68.707046311943344108 67.238062361265804157 7.156031716330776504 49.402945922531941392 16.176514728910390772 37.960464567431110083 21.273891520299702762 69.233126560843558650 43.445990669414896956 -13.685753180430351605 1.485858529662422711 50.295319970946394506 45.540591766553049524 44.615883310119826888 5025.668406063534348505 0.000000000000000000 0.000000000000000000 0.000000000000000000 0.000000000000000000 0.000000000000000000 0.000000000000000000 0.000000000000000000 0.000000000000000000 0.000000000000000000 0.000000000000000000 0.000000000000000000 0.000000000000000000 0.000000000000000000 0.000000000000000000 0.000000000000000000 0.000000000000000000 0.000000000000000000 0.000000000000000000 0.000000000000000000 0.000000000000000000 0.000000000000000000 0.000000000000000000 0.000000000000000000 0.000000000000000000 0.000000000000000000 0.000000000000000000 0.000000000000000000
87.378448939077472346 78.363863356660786508 57.751917670287873818 76.325902494514352270 -1.490443674216241909 94.063380303864889243 40.690604308454737748 14.835402064743659523 40.244877902984661944 18.280320863983867241 20.497827035588045419 73.198142026671888516 24.888495767810567827 89.961435934729124142 7.097684456285030308 44.710645409489558233 14.206674855710494043 10.654727016079416302 58.481146155700344025 -5.902095222933162688 17.243066388828747648 74.224522184990149754 24.465424860336703716 44.479746333981253770 73.757763677471658070 20.734490152486657166 62.154113277291898498 50.311409614272108115 69.257898501422801019 25.843649488241872803 70.917466222307794510 23.640249589756749060 73.316449668261640227 75.832749749838797015 23.883514161308998069 6.989787817110864054 67.326036998813393097 72.283671550914462500 20.402315253801923234 33.441612776796652895 73.504898424542204793 15.715120935349430553 79.767434545029985316 -11.806091505358498495 -4.004943721689640412 41.190965644836829540 73.636328255514598595 6.141714871133434173 29.902044950599055539 71.088517913508795232 60.712992354286370755 26.201739397898247574 4.506995761854714289 7.031378144069943659 -9.580990311622734623 7.189339977937422077 11.512729863118110529 55.337269639485590744 24.882081656252623247 53.000486726157447492 40.014381950854911452 -14.535061939322842406 23.353252370268144489 24.422996547860392980 4.847514546153622206 9.372365884167383143 59.336103900932087640 7.909766943327692701 72.301749575869308728 64.327677143803811077 5.564426456887762384 11.917484892014147846 41.154542481858761960 5007.736675569310136780 0.000000000000000000 0.000000000000000000 0.000000000000000000 0.000000000000000000 0.000000000000000000 0.000000000000000000 0.000000000000000000 0.000000000000000000 0.000000000000000000 0.000000000000000000 0.000000000000000000 0.000000000000000000 0.000000000000000000 0.000000000000000000 0.000000000000000000 0.000000000000000000 0.000000000000000000 0.000000000000000000 0.000000000000000000 0.000000000000000000 0.000000000000000000 0.000000000000000000 0.000000000000000000 0.000000000000000000 0.000000000000000000 0.000000000000000000
74.650071812520934600 98.564817282663128140 73.074402279782646019 56.038232858472625253 61.188995017019280453 86.289156381066447921 22.321108837894421129 71.760912161535429732 90.246415550379012416 11.825777557839266763 14.851692182436211809 84.773021942233810933 40.018809755508634396 55.511772001640032670 60.682954454977696912 71.258098930260757697 6.464371182823969164 55.506005500634486793 21.928330776163782900 10.589055791726048383 19.635546897013817613 81.760459585889890377 55.023253625879348760 -5.601726782786081493 15.834188093941074627 -5.761284240248159882 30.584088107607435347 13.839019691088600084 17.284314143124831276 38.878560539202233315 59.410573958617035828 20.470263980975573759 11.215921238639753099 18.720285716943504184 21.939035814564149973 60.945662167653040342 1.218220773208063434 57.740279326662061976 14.875922717506284698 67.549441183127811428 -15.121918802287050099 3.864138236444508934 42.855890180714318660 44.363262730696256142 85.723493190091872407 35.135588251056987019 69.327163796388475703 32.029752326588052824 -14.898734043753302458 51.461312946098431098 20.253525655524093452 -6.608551431858366243 -12.104215308270202200 69.344152701781524684 68.478854490926636345 51.310664976553262306 33.555684397229939009 6.961097032477479019 10.575487503834061442 77.302406005903549158 74.443160521098079130 76.694210279722398127 38.387865348341641436 29.247544357095915046 75.926086133679319801 72.611952855476772584 76.348515265217713477 72.597917208376088638 8.886141974210890027 0.737814403716416933 54.233621047953107563 73.746016731748483153 19.462852612292294907 28.703884301396545453 5035.937617897920063115 0.000000000000000000 0.000000000000000000 0.000000000000000000 0.000000000000000000 0.000000000000000000 0.000000000000000000 0.000000000000000000 0.000000000000000000 0.000000000000000000 0.000000000000000000 0.000000000000000000 0.000000000000000000 0.000000000000000000 0.000000000000000000 0.000000000000000000 0.000000000000000000 0.000000000000000000 0.000000000000000000 0.000000000000000000 0.000000000000000000 0.000000000000000000 0.000000000000000000 0.000000000000000000 0.000000000000000000 0.000000000000000000
76.373321118475217872 89.853684524189134208 96.750585128824795333 95.942161558821752010 35.279130138704104525 79.760836126941171642 78.905083541308457029 7.118008132066112381 22.179461621966591878 51.498413001952762613 85.060496818606523561 70.451418104302319989 5.925921269607309583 27.880098090660389687 39.192677816931599466 82.957407147381317714 14.361672720927801450 30.192164070416488642 64.834826861168650680 68.663904506304916708 18.515917149363438909 45.820557520835293985 26.100564395512620308 8.514284864969791755 87.713834957917399038 3.176660109080206240 68.954901821861469102 23.484688016431547908 -0.881348132480599844 9.401392559515260317 48.709199036258937099 82.932008348616435001 46.249468207335297620 81.745321558340748425 -9.361257581480471046 -9.113984939118715545 63.123327821675530913 13.250254722741187763 36.934757968970700404 64.164637354729080698 20.843749243123788517 18.792058626529271947 34.558670812999565669 8.409769631375681342 11.096082483396070728 -11.301557947254902814 23.103156127016262644 19.311448300270850353 66.588652496616134613 8.648805387516336651 66.202077871624055661 -7.784068284057857667 2.526743191777836017 72.702504824841057030 67.435500258348383795 78.434282786877190574 -6.306825950699108674 76.946561381447565964 45.645529455322574108 43.733278540632099407 76.415035686700704787 47.124445826637568757 -2.263436536520217146 -8.017972240667702977 66.757219386286877238 10.013087924626795200 20.138876013178460767 47.286086647793503346 11.495699107062684163 5.328533962827744830 61.017443852496285217 66.134735957236031823 63.362297963195075567 -19.445252355865626726 -20.091129093225490010 5053.195563312330705230 0.000000000000000000 0.000000000000000000 0.000000000000000000 0.000000000000000000 0.000000000000000000 0.000000000000000000 0.000000000000000000 0.000000000000000000 0.000000000000000000 0.000000000000000000 0.000000000000000000 0.000000000000000000 0.000000000000000000 0.000000000000000000 0.000000000000000000 0.000000000000000000 0.000000000000000000 0.000000000000000000 0.000000000000000000 0.000000000000000000 0.000000000000000000 0.000000000000000000 0.000000000000000000 0.000000000000000000
44.756791823140751774 46.132233749979306481 66.421805349976807520 16.037602705769028688 0.588569612352543015 93.004769926148085801 36.916673062104891301 76.129418693259111706 78.446047307953293171 25.033265757321913725 47.731948510124489360 37.329364402407172463 21.994251874810327507 8.644911234038671566 32.938193212757767014 37.306771145830595060 72.885237564290164869 -0.732069489896493231 63.987469496774089350 10.749738609156935354 65.440051087540012986 39.594350875850537363 84.991799365558861723 75.998200841325626698 10.230812459360578259 20.427464993946003347 9.715894795601982992 3.780704943282477970 27.559675735794471052 59.063682754819488707 -0.396096295756299455 38.624929897032032500 79.899991379334267094 79.373230255811336065 -9.016997742101956703 74.709614293173814303 -3.116632576194978910 -1.616715238953277733 2.770978945255393455 -9.977712657469393065 24.012083408909038695 28.703842110713566171 53.936333871934103001 44.349489943490041810 43.896724561685076083 16.775278340801705212 47.106834670270373522 5.476661373825287171 81.506683803355684859 44.314167882657201858 72.073730155210370185 66.140150295634384747 59.919808664055466352 49.601563251698301826 42.068180612852565048 13.113869879115757300 65.132079891433932062 -8.807987280969607369 22.975949939666399757 78.575518741833974445 15.830633730003182080 14.289761392366980175 50.271587788666792562 -3.026858367435433905 69.499845675933045186 25.316133304253845893 80.733304811078227203 -4.129640065267635052 5.184102156248840743 23.230368391983407861 51.606567272347064090 30.417133529666504188 53.264863577300424424 44.201151508210557495 46.881006079816870624 1.181846599514368990 5075.858789126885312726 0.000000000000000000 0.000000000000000000 0.000000000000000000 0.000000000000000000 0.000000000000000000 0.000000000000000000 0.000000000000000000 0.000000000000000000 0.000000000000000000 0.000000000000000000 0.000000000000000000 0.000000000000000000 0.000000000000000000 0.000000000000000000 0.000000000000000000 0.000000000000000000 0.000000000000000000 0.000000000000000000 0.000000000000000000 0.000000000000000000 0.000000000000000000 0.000000000000000000 0.000000000000000000
49.822592802722027727 4.487468938764664905 14.899109844880932485 83.501697158270445698 40.049011227301228644 4.791496927438059217 80.882050618023967559 70.887022533034027560 57.887267532039444973 72.906576397908125386 52.996130994872565623 94.108129922916162968 86.599569033534010032 11.662914623356156696 9.010342412590647498 3.357370525943018436 39.463636049051537213 4.984049321446272884 43.558179607787252507 22.539408939300994206 0.560198544085295680 88.233230384601327501 49.094283490352921717 82.258490087987709671 71.766669019698269949 50.007001804445877724 89.117685969728782425 18.151335422854145918 30.449860271631102648 52.769000655756983065 22.435647694066918945 -2.944234779170384897 -5.864774662121036819 27.843412246345494054 54.531379263943200897 -2.516926652986930080 83.487690503768902772 36.749360463761156836 73.735190054277339300 69.852947178936119599 74.336349435758506843 11.845839100331595262 -14.504932360032565697 47.299176975851025873 78.665574093818776191 61.003323991629820000 33.660817837413333109 6.511514507817405928 26.144128328475279233 79.041564069565637851 -13.775048541850539507 38.704771368241800644 40.779751797698736482 80.443010354296418996 57.545190348092077670 15.787845826337541411 38.463600454763835046 44.719284013812625744 -5.112644922431044847 38.709460921363515240 77.444522713118601587 40.554211895143865263 77.109778382099491978 38.020844499702377561 10.458961682298870244 22.031911055500813745 42.454973691337144714 0.546272210176677930 15.185756849381437661 61.373975474137040464 49.474000375263663898 58.080514399462416009 63.702590981652292612 60.425495251160889154 52.938698384014301723 49.437482773761836086 46.543182832479516264 4989.101438869413868815 0.000000000000000000 0.000000000000000000 0.000000000000000000 0.000000000000000000 0.000000000000000000 0.000000000000000000 0.000000000000000000 0.000000000000000000 0.000000000000000000 0.000000000000000000 0.000000000000000000 0.000000000000000000 0.000000000000000000 0.000000000000000000 0.000000000000000000 0.000000000000000000 0.000000000000000000 0.000000000000000000 0.000000000000000000 0.000000000000000000 0.000000000000000000 0.000000000000000000
56.717227382162114679 53.163153470718611970 44.173033510054551698 36.658795908659179474 45.183232555317466961 31.124246960450619781 89.602587994243080516 14.776417397843481183 82.282167146594630935 80.103511460881804851 15.746616605788801735 78.965190043400184550 9.979770687442851340 77.164418476705208150 44.629959327898497179 85.734665094228077464 40.409411096297091603 61.881097784228622061 84.222670858849880915 68.701739828348891592 14.786699311371108934 37.462779057506274683 47.235174178655768173 23.077888739662316908 63.357557614460127127 48.215927586278340300 2.291044848089757835 66.439396079436960463 33.438592259909455606 -0.842377296305826917 42.641223714085178642 80.659294392626392778 35.007981888282365901 14.182082985854162160 40.257229428258881399 10.419255293497167614 76.209102789022807656 80.349430706975994099 58.409118755326701944 72.327156846886310859 3.480606359707635988 -10.028937648064953692 5.251625264169510032 65.461414277165658859 69.912959943839197763 45.556087742663699203 30.666797839296627615 59.745931618242508421 32.219335465200515500 74.449781137923167762 60.578524844155921869 33.837650860511963913 -1.692718228318728535 66.840251131178334276 62.910531580914891947 -14.017060299320711181 14.088759976310019084 29.362342853227758610 -4.220266317528629685 -7.925711519141094286 -1.477697856230456352 -10.278224617985497247 20.652037677313238362 66.511491965362452561 -15.366398955792501368 63.921741076633040279 58.972519221957632851 51.496099731202050975 57.470789156644130458 27.299478527914910586 62.285708941990471033 53.382580971496977895 67.034919600792306937 4.163961357505925776 70.389733862355811311 29.090430045272423598 40.209245775483644536 53.395349105465463424 5030.309288023090630304 0.000000000000000000 0.000000000000000000 0.000000000000000000 0.000000000000000000 0.000000000000000000 0.000000000000000000 0.000000000000000000 0.000000000000000000 0.000000000000000000 0.000000000000000000 0.000000000000000000 0.000000000000000000 0.000000000000000000 0.000000000000000000 0.000000000000000000 0.000000000000000000 0.000000000000000000 0.000000000000000000 0.000000000000000000 0.000000000000000000 0.000000000000000000
50.551151803972061316 64.047611015459466444 5.888903371246514418 32.483359233194221360 57.537758138386905671 61.312332973697998284 72.734988434086659481 21.281577386311308686 39.466307297353836248 51.345268356193606962 39.991726362465399802 86.974826895456473608 20.953692215821988043 0.354420252056182328 11.405168551827683743 10.740414051759415770 -5.358962594585830352 94.965431533040344902 40.697022703032018853 48.741303894185122658 82.697068039926776351 66.144427455628061807 70.814823805011741342 45.056035928743575880 75.613956630515971824 61.785229505702744746 24.479820897114052514 78.074064672097620132 31.703862027064225515 48.563908419892364066 69.075601168071855795 53.507027809066229906 70.073305093545712907 65.079505296870763686 12.127371269236988383 65.281092327206167170 14.572713282041243943 8.142169037828432820 6.787961548246157051 79.166307847881242310 7.979324497585317033 54.693026967674853722 73.849198738427205058 25.331573666067075834 2.334646328686503125 8.008881965177261364 41.922521825425981490 -17.347017310350189234 55.426726635684531175 -1.435560630350142475 38.861920197893084605 1.245191093301077245 53.183922424094703274 56.800539497104942654 1.814978113456334086 74.739364329077233151 1.171884263400389870 15.435426080103383129 52.348891119105132930 53.489466327715916805 69.473760740008003722 25.401604128784555314 -15.571020264454880078 -12.519837705746695633 -10.962031658844136217 76.208865596897794603 4.274293930167836209 -1.492505222695985623 0.082234923667371618 0.264997644510373220 26.984445806034980109 11.158892885563318487 67.015793777091658967 -6.072903395024912498 -9.076080177998647969 23.612460452623924567 18.495714540121753089 77.521489174790545462 75.375188472812908458 5022.144854609417961910 0.000000000000000000 0.000000000000000000 0.000000000000000000 0.000000000000000000 0.000000000000000000 0.000000000000000000 0.000000000000000000 0.000000000000000000 0.000000000000000000 0.000000000000000000 0.000000000000000000 0.000000000000000000 0.000000000000000000 0.000000000000000000 0.000000000000000000 0.000000000000000000 0.000000000000000000 0.000000000000000000 0.000000000000000000 0.000000000000000000
68.138694272756552550 64.896813800603240452 0.161682142278960050 24.739667652009288190 95.710944796033487592 7.112678249171278111 57.307265114703582753 33.718635972948824531 48.384352433623035949 33.059280512173330635 93.792255907265811743 32.870943831984021699 25.048392897641875265 70.911962758634103920 34.692938892672749773 63.750830016853399229 27.159125361305122226 91.195996828567359671 6.872178829248528409 43.466304862703374567 1.316599518458811957 65.049755553924512697 22.635364929277365320 42.042538001405119985 41.358642340288099604 -8.620609587716925759 27.369011191133473915 12.271441912672145236 87.543494329531000631 71.486528027387606699 42.001266734323138508 43.691261661039064279 -0.429864837822334422 49.737792170868658559 14.531602557758239058 71.739328994451710741 25.838894841557749515 40.567929490500716838 62.036860268426352150 50.983514353719037615 -0.206036733161667485 45.634995694928122134 74.724109508286915116 41.490855468974430664 14.361619753736976079 32.123765413068539942 62.237778105012324659 81.951335593132711210 -10.477453836069440030 -5.541662204525014346 47.707710255776547115 53.937725136890009026 38.953335079785631478 51.767383103839080150 33.808564736304617782 32.086733019878437290 28.332583160579755344 71.861725917833865651 -4.996517623126567997 62.650522756314771300 5.188866802890601093 69.972890457861325331 -11.089409858261566555 -1.932012196104121671 72.199131042360647825 69.103147323022213300 -2.468341620483336385 0.358573521057248712 7.158718720635935284 37.592555425622329324 15.126738930133495131 77.173123433062045251 8.555742254548786008 27.008990158389231340 57.389758445661335884 8.044336714305952540 18.064624424110796497 46.321454994541269912 45.005850918973081320 31.795661815875178036 4983.044812183098656533 0.000000000000000000 0.000000000000000000 0.000000000000000000 0.000000000000000000 0.000000000000000000 0.000000000000000000 0.000000000000000000 0.000000000000000000 0.000000000000000000 0.000000000000000000 0.000000000000000000 0.000000000000000000 0.000000000000000000 0.000000000000000000 0.000000000000000000 0.000000000000000000 0.000000000000000000 0.000000000000000000 0.000000000000000000
85.121878621830660450 72.876842276366261331 14.065909668698893142 23.197392685710063631 36.963100216844438251 20.496435426415587244 10.266531215801164123 36.474517190219430063 70.361459928189503898 47.985492863110323469 86.458785588945175959 -0.786116402560759653 26.820624043296696470 69.268018656681135781 48.748217898422097960 21.212973389968354354 40.984511325414871408 91.558776233254661747 47.269797219319428905 43.193231420695020972 57.954470204155704494 31.370668620821092532 -1.932823560498466264 31.290424575751874414 16.237897908128125835 13.625777264862817262 6.684664620948883140 10.659297035766552852 75.227964593517882008 37.044235107436918497 74.327033060463904235 86.496156262609119381 64.818094811122065835 26.422291046471045206 51.941027027882597622 30.320354113520956219 -5.336742507733013063 -5.251940996516677451 11.095148187547694718 14.199391284640679345 43.227574049362154085 31.091644124185307874 -3.576414285711338792 61.019545534376597118 41.551217906689970505 67.652056284667764885 -13.013563742497234799 -1.643779418643530832 69.674453989534072207 8.692687797065740796 30.084639043970550887 54.789584858473808993 -10.372100626399042511 24.379189558756383605 29.949392311228116625 71.497769636562836126 44.777507411327697184 42.188740365665921672 17.373895818665658908 30.733687032541979534 19.101387860349429815 7.450812551531093675 14.653573536438358360 4.235166094651336977 4.670691505971571900 72.627681789687969172 32.537441898282246200 6.627833203625343117 59.338443041848236703 44.855322409429319919 80.490177325616627968 -13.987203443122336211 64.341250752708688765 -10.196674870102659938 73.386615989631735602 37.124545591515222043 78.974040594912324309 54.469668217862327708 -1.255352726240950290 -0.516882695645211498 52.457362960105101024 4988.501752539381413953 0.000000000000000000 0.000000000000000000 0.000000000000000000 0.000000000000000000 0.000000000000000000 0.000000000000000000 0.000000000000000000 0.000000000000000000 0.000000000000000000 0.000000000000000000 0.000000000000000000 0.000000000000000000 0.000000000000000000 0.000000000000000000 0.000000000000000000 0.000000000000000000 0.000000000000000000 0.000000000000000000
60.900778972131753619 56.941737207671486942 44.562853399212031036 60.311541439201576509 89.788659901815478293 61.292982211593610486 27.839183647837568714 8.229593532959192714 65.267741450134565184 32.839564647174896095 63.928419176095516718 83.913035969033217043 26.681364560956055243 -0.503991049196291563 25.412288107737492027 87.973131665262926049 89.660742570212903502 77.732220547464365268 77.650926002409079274 28.491741064506420855 63.573317801017196871 41.879214772638221120 61.410387956343754468 51.494112008430377614 38.332616686000989148 84.153005316509990053 -3.556786797245594656 51.804462928483275164 -9.763587362767175648 -4.039114369195074161 83.460537549927664713 3.748612844452033244 36.455237273729679259 73.014487394961221867 76.138959708129661408 48.770823580834758104 3.262315835326418778 54.789277511871382842 12.219833565157173894 77.999645628838010225 15.844004201193349957 77.653256985302093085 12.416069353580793333 -7.665728853392311137 15.623425716576479161 -9.239005250914495093 50.038232995146195492 74.943048926465166915 38.916040980661087190 47.404699628860100802 32.222972934673087764 -3.083367079413420697 32.634271239176385393 66.488309699607356151 1.172033635346146241 -5.446385236493615167 10.005458044350586277 54.594469150655100975 21.313045827830869428 -5.913239400129219447 67.452116197517767660 77.288684922054642357 -4.717945737449191768 12.121486136610151618 52.899185881624532612 32.751843060667795271 34.910417958492161006 -8.450841570929132018 -20.065719445494273998 14.902876722208294069 17.709006408178311176 66.024983510396168640 -7.205755876774160740 64.498805636414914488 31.040768492954047275 72.467390640621871967 55.292300388457469751 49.948696399395402068 53.891786653218204606 63.722546696166119773 12.749227624251695090 71.852565313463145458 4978.121357086451098439 0.000000000000000000 0.000000000000000000 0.000000000000000000 0.000000000000000000 0.000000000000000000 0.000000000000000000 0.000000000000000000 0.000000000000000000 0.000000000000000000 0.000000000000000000 0.000000000000000000 0.000000000000000000 0.000000000000000000 0.000000000000000000 0.000000000000000000 0.000000000000000000 0.000000000000000000
42.258286428618561104 24.166792958406272618 56.783615556951644976 63.562908903009095241 1.653410125959505983 69.430257396062884823 56.647293931696836466 36.070268276260193829 59.209122927438983197 38.706893190129520121 9.793365268571854187 15.808894702311860669 75.734623777587756877 8.062936985015417335 13.152398165347829462 2.247713609055495887 11.667979222865213274 11.105485288115907849 24.087118638494423806 24.011990231150697639 67.099526138950281506 30.969131798924042442 28.524042930685592268 84.341702532606802833 37.493136193503957543 11.566581204239945180 6.321476848966632645 72.096203904796652751 15.356778647022515827 41.045222727096799531 70.688881683393475441 9.774009879199844875 74.996390303363128282 48.939859686328276211 30.993734149964282665 59.065257049650817578 40.453227193418378249 58.459114330089022360 68.429188773451414818 68.460164832246150013 67.637854638327837620 77.364687034224928652 7.978442377379241890 41.788277505165410730 86.620492671800420226 59.049637078949622548 64.112940053622295977 10.567096955215323106 22.419699894263906970 8.202035523879072088 43.588892863065275662 11.876057888216781322 8.901734777328925929 51.908159798148794550 35.066489996084655445 67.609947370854399651 16.820042958840105030 52.813692623563277095 16.535560504658860737 8.385568099516063967 70.508500153787764475 17.732243019818071161 7.425472444477190237 -11.184897590228747077 -9.583038956831821054 37.434139563511109827 48.750811078173327928 80.068494730639841350 -16.962836829073861367 52.449881642224283951 32.975970539586455743 3.770491035326895002 39.194637585431280513 -2.303907380893527090 -8.245057648425717645 54.329114572676317607 57.522020709863376453 79.318502520139702483 -20.483023698494548626 24.221536838657133472 68.720118484440604334 72.579240143503596983 14.353857547695778152 5050.458417434992952622 0.000000000000000000 0.000000000000000000 0.000000000000000000 0.000000000000000000 0.000000000000000000 0.000000000000000000 0.000000000000000000 0.000000000000000000 0.000000000000000000 0.000000000000000000 0.000000000000000000 0.000000000000000000 0.000000000000000000 0.000000000000000000 0.000000000000000000 0.000000000000000000
37.272612361530732983 42.493593889545515196 60.200614536803094268 1.858420951224037720 57.002467158938493696 33.254876916365056161 7.062739496331307265 90.130038942780046796 9.457060003788694047 17.748977840709205367 35.227959781873373402 17.127475817267463043 17.300865689455722674 12.905211777190402245 37.037178654488442930 87.883734877651988882 79.454515500336640343 15.796618917632798684 84.270084997388508441 31.407424676491977777 74.710564165179093266 55.975751368921109474 44.474048243673273362 88.194187935648599819 61.934320621590948974 26.355439230070253132 40.937308458640529807 54.504918836021190032 81.125295346866181490 6.544005569525644717 4.774395179133486877 82.566948199255904228 43.072954111927955978 56.419689994955064094 83.559490588871526029 70.434043384234996665 58.953066719570486498 32.571780112025159326 83.479160213080149333 80.580014342370702707 37.721222483377459866 46.050031833354985622 41.984732096596985684 13.048813143425515904 2.407060083096322245 56.049910483129188776 74.806036538905942734 38.677158485177528746 30.170201983870263973 65.996476921120944326 30.734219905158390418 52.886240203768416279 -2.065902799347405505 21.056648211479757293 13.005030579078152186 51.074742007048953951 36.583508766218798769 30.606168329841729303 78.807244948352206393 77.849236131631954549 10.673277386042183679 44.743411680076945913 54.824000038910597254 49.311099763149755404 7.212962692160161282 -18.224627014549643178 34.435749786456113952 8.026892719847548818 34.030099623621197225 44.163178690398332549 46.703431890276199567 72.658346364645240101 58.326653161174377260 47.004728305611664041 66.620532088159251316 71.016786075003224710 6.562282519447467877 13.825706177738712910 9.447526693612889659 30.583013762881272157 38.323374422078508417 10.385389994330555652 72.090381928240674370 54.104439586744206281 5014.990578838660439942 0.000000000000000000 0.000000000000000000 0.000000000000000000 0.000000000000000000 0.000000000000000000 0.000000000000000000 0.000000000000000000 0.000000000000000000 0.000000000000000000 0.000000000000000000 0.000000000000000000 0.000000000000000000 0.000000000000000000 0.000000000000000000 0.000000000000000000
12.111771249389649441 57.954720119003269474 32.125824853692634520 99.333982979654933843 72.437735356242825446 22.423731807128103100 75.726433580480744467 -0.309361985904477166 35.779217927273769817 93.953474896389934656 59.430118152862107195 62.998717347758535823 48.741590388596740979 25.375845048118620184 30.640849976065407390 7.744880796593502481 6.963948897938044169 4.943240339105786418 68.865456734736866906 54.594300136392568845 42.641635573137349979 13.382718638830803926 45.147202729445879754 89.035888133810317413 50.444491322340851980 34.906855247711526147 39.829327270350567858 55.013849992644146880 13.282301468721488646 18.967496358719223792 72.163043844434000107 4.364341441656048204 -8.617288206863097599 6.980602127295878034 74.656204335809064787 27.734431123562401922 54.652198601942700407 9.312012004007801380 52.332787260255507533 55.232886069023706455 -13.548595335759131331 23.941738968595988268 9.586748280424689739 -8.155485178398786061 2.965069875294991775 60.851356184116902170 13.340153773027807915 78.896897577909669508 1.390437491535459813 14.527410653087127201 19.220898586903256700 24.376175497599600561 -6.625124009766000910 31.720099593051507725 30.793594349511785424 58.774734552045245550 25.359373437943109053 -9.242869678759337404 80.885196384485411158 9.426217492648362395 27.701614135202181188 11.006735887700031640 -13.309883351043756861 61.789696063724022679 50.320624608846500792 77.027027968625915832 52.157954216826837524 25.851117559343883556 42.024677924442194410 -8.452302879460443563 60.111668907585482202 14.765728443201446396 47.140018204684459135 49.178526079239837543 65.625912683337546127 68.637674576486148226 78.961947757592923836 -5.714071110763851991 78.460856234532442954 8.564090161541145108 45.344341118725651540 65.940802566969637155 -8.824704631593217385 29.331646200614713393 73.904052262020144326 5073.955108524341085285 0.000000000000000000 0.000000000000000000 0.000000000000000000 0.000000000000000000 0.000000000000000000 0.000000000000000000 0.000000000000000000 0.000000000000000000 0.000000000000000000 0.000000000000000000 0.000000000000000000 0.000000000000000000 0.000000000000000000 0.000000000000000000
56.074850495818658658 49.046824066803381470 25.051965331125163772 42.199727109867737340 59.560776573013399116 71.046785157140959654 7.944557637602470912 90.122788520534712120 74.951113446623764958 33.726308938804088200 65.004214736251142881 34.974976766227086955 42.480998203134369362 73.979190648396524921 73.356400992385687232 64.752410556987243240 36.899396736723453216 44.704113436889109323 -5.084884610564015972 88.046936377502518667 37.582763805243033062 85.245389378750758169 -6.641914162320804671 29.884749871236714114 14.669317215316711511 73.893123503031034716 19.265363254442199548 18.308897671937561569 59.346085494757410572 25.667580858469349891 41.837963803676977648 56.255049305102026835 -5.455635069850677255 11.504292817571531771 62.244099693284539399 24.632767230630328470 9.124900882042831896 80.603126681348058469 52.414790357744429627 20.304902471406247599 12.120681314247022442 49.723530966943656040 25.403980501654665147 32.699586277862557893 5.293010019263235222 -15.078160293068537001 73.182156665173039300 29.981519990929079711 12.361183493716470849 34.618440578591147982 -14.209788956538508486 82.660532182739544282 61.499621859055835671 21.847869485254324928 69.187094253946128219 58.050701014040058112 15.988257908978624755 33.330254777768686836 59.202047234843561796 46.165024932452539019 61.587199959568970087 15.104696184754168087 75.089405209459499702 18.700233581129293015 42.358870947934661899 41.238044081978948441 39.304740644486059864 13.863834362490436547 3.485992990429732430 29.507655970597916451 49.858542640858843242 58.864284557920186103 13.909114293073479018 -2.650737053850523495 5.055492242984158224 -22.556233954623465365 21.251145429102404449 -11.479390395243102674 49.547646393867651682 41.875550055702483121 -1.212931662803118371 28.876834310144840146 19.255539146849436349 41.014749951150648144 21.350798599079702456 -15.130246043614507201 5018.513807851001729432 0.000000000000000000 0.000000000000000000 0.000000000000000000 0.000000000000000000 0.000000000000000000 0.000000000000000000 0.000000000000000000 0.000000000000000000 0.000000000000000000 0.000000000000000000 0.000000000000000000 0.000000000000000000 0.000000000000000000
92.380774384251651554 65.894534618871560383 24.554413281286443294 77.589128046728049526 30.164511072239704959 25.972539660084631663 9.224107047215493793 24.036855698887375610 23.574307140543226069 19.487184608244849215 54.422898399763525390 85.212276281662269639 83.954676686225269577 91.867169921147763034 70.722941247304788703 60.324307843781966199 11.705141616789113357 15.394707473315722979 48.956440380729766559 37.449100254076611805 64.352624433261823356 29.858544957647435325 58.582570517138286448 10.385471041711172191 53.256098380671041070 17.912990367627173782 46.881916117000791644 21.661351810294128484 -3.643967494133352858 23.501088243820859702 41.529902039356940691 83.353928563072386737 30.998900161797273256 49.550172929770724295 74.274389112243412114 31.012145414693463863 -0.233876543742310261 85.129995466778396462 50.127864139297344082 8.335229626573099182 61.092957292888222298 58.211320603061849965 53.778444682840799373 41.144227679126288422 -8.355711196796407947 62.569578694441858602 50.969696257865649613 22.226287125407825584 28.468745611864168410 -13.366171237790110737 28.929114763565202395 -12.218122356546508911 13.475515629981742904 49.637820833879757743 1.971503279193562719 -10.141595300404619096 26.871811277473099722 -11.283308298929156877 -6.832798806488623811 43.258723634691904181 4.671078962121924860 4.368310697141126298 37.560135546125223982 -13.189964010313811826 41.773109522714761965 42.018732267903871502 1.382468195765898855 67.035143995875884571 -7.838225884478863037 3.099068246736965904 -8.340504400479547442 -17.026848517150270368 29.934528072616114258 31.365592979787063399 -6.733088446460213206 -12.995399044090682139 2.910899842696931472 -6.928729268702033650 44.342332428445892845 77.433914285071992367 51.124676598477208245 25.134097980673146822 76.240632647735367300 72.452275223270163451 -8.333411873227692723 72.435638642663249698 0.363503617517046962 5003.940253222804130928 0.000000000000000000 0.000000000000000000 0.000000000000000000 0.000000000000000000 0.000000000000000000 0.000000000000000000 0.000000000000000000 0.000000000000000000 0.000000000000000000 0.000000000000000000 0.000000000000000000 0.000000000000000000
96.993018571597929167 75.779821437887079583 28.269424111837782476 76.869819735648292180 97.171218895776860336 0.149324946267625602 73.055399190837562173 56.181330586341012179 7.517646397307145456 75.554745266915418256 82.649036162597127486 58.686064611690675008 10.067315861358991924 39.556036033525195705 2.163677303112404360 67.282727089808105347 76.974559642494739364 74.359181384341752619 68.078978347728153153 18.565870530244307446 53.922895073502523644 80.509795786396097128 47.195655308476801792 27.625330227664274929 73.405312168234331693 75.797199804135786394 71.982162916373980011 65.939035679103113807 22.298769505332728613 81.330250465264469995 33.073397576327920433 23.143621593921523072 38.477417897743492858 41.628231634062544231 56.506505142146757237 46.213872223418775320 55.441765890674496120 24.342892716885970117 16.480092412946294900 34.263345490675604310 -0.135425626452395420 2.275504627101827992 5.323103302891853517 70.980696336457128837 19.529160361780419919 38.691822630662358051 57.460395072103622738 48.252040097978692756 29.405299569131972959 18.491833266461721763 47.740924092941909862 31.622663958632237780 17.073097946073712450 -6.144575119719831946 -14.885090623187885228 -9.747510996048392329 8.077450251258145641 -2.928226180566856129 37.519704935808618984 -0.297708679176579949 9.788755176394332125 46.105610160710227774 62.682204423628007817 -0.505196335697490895 25.724229876868612621 45.517363066759600088 -16.620458071103740849 75.126804765360148508 0.688266478255883385 8.489013874105378221 -8.620987656708624769 51.050646828878797123 75.593750877483245176 -3.791470223947772666 -16.738381276831987066 27.068986420337918020 10.267456710210897342 -3.397825880105962426 22.088017692896240618 26.823181762190589694 48.918031557333193859 58.383432826374317415 69.324467719761784679 33.661102151114782544 28.445295974900151492 -2.941304314152333177 -10.442794123168333442 42.760415850827953932 5018.412459860908711562 0.000000000000000000 0.000000000000000000 0.000000000000000000 0.000000000000000000 0.000000000000000000 0.000000000000000000 0.000000000000000000 0.000000000000000000 0.000000000000000000 0.000000000000000000 0.000000000000000000
64.120373293385569013 39.310684405124533214 40.248284624376253760 23.199929358692969572 50.000071081965145936 56.835739948984226544 9.711547589619625498 96.774176609786408676 0.120110718124135651 94.947761091756888163 86.226281445884794152 5.521865810754051473 -1.531032800167417385 37.992987901133119522 87.236081700791885396 35.538014160251698570 46.346299144113807245 56.400462698279376639 18.002341270422228092 35.768289811903898112 0.135341201867222871 34.648558111597772324 10.310009479691554901 6.273074754276006360 37.437158452005299125 11.885406260865872596 72.833733084776767441 50.293028711461687408 77.939476185376435069 85.599110514016317097 59.690546087071417958 -9.309081306846278991 31.560630687511292081 9.206976241069353861 32.935883801090035661 43.736912175696865290 28.815043857420793216 53.970602642475213884 58.519505781295634961 76.373400181789421026 72.874088780419270961 19.783841047774505029 40.553788457231050302 40.077585099061096230 -10.576077121018563787 63.134909871360548550 43.786744101145224306 8.522622413162768140 14.875969782179648604 63.686074192110403658 57.403487652841725719 40.481993490258389556 20.926960109878400829 8.687772924057103552 37.622447173352675520 -8.731658677683151737 38.024332026104382010 -3.139549565971265110 2.222110279529633914 59.073936181557328950 17.964309098138716791 12.853039191515296835 45.953105208218140376 31.769828017959039101 24.076802494120062903 2.556680994294428189 77.477116924412698040 41.335445673117376941 43.397528384493249121 67.690162567655747239 62.610216635766072102 -18.337098896926519842 10.946424802118386310 47.475676872253288252 -12.552698345751780451 46.715039159846227790 0.807318924630902046 70.965286964349459709 55.250121869345178993 42.703054380857807359 33.581415031814806582 54.936502832857804890 13.265760501603939048 24.330842492375996500 71.056248006111061954 32.993009849575003045 66.969742492920246946 1.651411176488341681 60.783528103760879446 5069.398537750531431811 0.000000000000000000 0.000000000000000000 0.000000000000000000 0.000000000000000000 0.000000000000000000 0.000000000000000000 0.000000000000000000 0.000000000000000000 0.000000000000000000 0.000000000000000000
75.196585914556209218 15.289317015193878646 22.849788455821546052 37.634370725854971340 70.135176867370873310 22.152734181985564987 55.282079014010527374 37.634091140276147769 13.736522588715327942 66.993540237810009330 71.398055048093638675 -1.133533319783187387 41.835682664068563952 9.131470066558314613 51.603277134360517664 -4.395703063610389094 35.175076929803701375 58.688404678754544364 59.227392315341624851 39.559335696578656894 86.071819643417029511 81.172658011449868809 81.643632540260711039 12.014638088140607408 46.055088308856454660 39.271104008351727543 32.438605077855854120 -0.411030795094369239 55.274246265088166297 29.038884645678265883 46.601020521417197529 69.312960995064386793 57.731072061112968186 59.069190875006711394 49.291291621366283948 61.659325039084535547 72.714707823792508634 19.145628778029127659 -7.778039542680250662 -6.114535480695822756 39.929455880805335255 63.177565055319327314 3.845071456143681843 -10.479195419234827114 33.742546609474814545 4.362377632684520279 78.106858424674314278 71.252536280490886611 -14.965467641338433324 -2.091671451226249090 31.018096886461719919 76.413510349585109793 79.635562436410594955 -0.679775614457586386 0.731745653586756362 2.779230548366857789 23.386008026025589146 65.160511219564824614 50.126493281348196263 26.584022626219162788 0.305961800257630756 42.091999583161680221 -16.650106491938757358 16.257849528470870837 61.995694056596406085 4.954517928974695451 12.918898343585603072 16.043973612638719572 48.674235493272050235 26.713316655441342817 31.979156579038452435 -17.462816441373284704 44.640727626012278506 37.412065783028580768 29.573294316944654270 -8.225172691390934432 12.982405544750672988 28.236524679892031742 42.462136682490367434 51.096060704608035508 33.172020491698987144 -21.223494130593039131 14.477035517531714248 64.726842887679993055 57.731600604561208456 54.319901491152528195 41.295062249866923310 37.353639493770756985 38.512433013205551902 -6.106797131855287830 5053.993494361937337089 0.000000000000000000 0.000000000000000000 0.000000000000000000 0.000000000000000000 0.000000000000000000 0.000000000000000000 0.000000000000000000 0.000000000000000000 0.000000000000000000
44.623638717974799306 77.873554944326258465 86.462852292890033823 21.123638177753885969 62.118956898366072039 44.633277879716381165 24.324868453841183680 2.160028367725910670 76.159420474377796495 34.790859694866597351 67.775481870932864581 23.229035462996975525 32.407732350832773704 28.320820417118071077 15.410872927419223544 33.317189925227772562 71.859017525532479453 67.461047541937645633 40.753213222033892293 21.259033382286588676 -0.284073058532104739 71.519538349520431098 13.474834057329282189 52.156778685520635008 30.144346250993184100 68.210504955241589187 62.052977622315232509 73.695564538648881125 3.726513199645406615 49.795032400502925896 54.296919032481945067 58.410751018410188351 27.950787745071714596 15.310185020817119295 15.599377682957884517 25.706830024003906487 79.419278967589136187 84.533151160015449932 66.205739181244538827 64.048482797405185352 73.450525543814080720 4.046288449046173241 11.508029707494259242 9.649556082281264935 26.623780598041470569 -11.789665807270926834 80.636245807700660748 70.624709690496459302 33.006078240792817269 0.313055033662482884 -11.075408045532221024 33.206176329283692894 26.677723961425893862 67.216956989940740641 74.854861730689151500 20.978935510789007424 50.375995356014001914 8.594640730564147901 23.260143440185530039 -1.017168249401748881 59.167415155391289261 -7.667509299959919034 36.107939187679711779 -1.984755825814712438 53.640652034858334218 -17.172844092872821875 -19.456351499393093718 29.356775366437087627 59.674209560011632902 59.396666157805128705 17.963811492499598188 63.368162918229288039 23.779323380124623100 37.911996807668373322 4.144235462487994681 -17.477677659053096448 -4.836305173226218557 -0.389975084372355951 13.271235839950211499 50.944483901488169408 26.508452790055621051 73.318873864661654238 72.838437092288756958 45.769442975952522090 3.167939611055832216 16.347093744990086606 51.885224670642621447 6.932005719391195697 43.815145624562227056 -3.168846386734880838 70.578674513527829504 5065.493760840598042705 0.000000000000000000 0.000000000000000000 0.000000000000000000 0.000000000000000000 0.000000000000000000 0.000000000000000000 0.000000000000000000 0.000000000000000000
20.259073997722445881 55.201356059735985582 55.793979518841318566 30.369839045642390118 21.289629279139088425 40.183640582816558151 5.022457587608062823 80.317558018520301744 46.781717217686349386 56.394819151401371471 41.247267722580517102 53.576102861759956397 71.135012370725632991 56.554541907376474796 84.854040615863780772 38.773912138891944323 77.481399582856980146 35.722989335325863181 87.054009892658811509 7.982690473780301943 -5.093608398545088178 53.320748436321245833 85.997337114675701741 13.108132625973333063 1.672373974859155510 -3.824604472480524819 82.489615082630251663 43.133916155202022935 16.154134847616930415 78.503658185454057161 86.650244238396751939 9.371742638670820469 37.679698666550351049 39.029325586451534491 41.629967245639619478 56.611397396342809429 38.052026139858774911 62.433647390923582066 72.730285512820856297 76.569029020603480262 22.531357372549233986 -11.594625237164105869 80.002528604336902163 57.615925471408964142 51.734093358452604150 29.932537251833437608 38.033846820778627773 32.847895309354072424 53.441757634568247681 63.550078400078547247 -11.135578489077845532 0.093650161961374323 63.747146098457264429 33.313092260010165546 -9.306043171751653631 64.368505774019254773 75.080953017775982516 66.264894486219176883 -19.169242166629679502 25.354371575952438178 40.413342070883629731 -11.280544913396358453 -11.395630090393211731 22.506399142740214359 1.487007133531900394 -17.831394019803070705 37.982508811092777989 30.966393745258422143 54.804439850906142340 -10.600728349979313236 52.551248939165013496 -14.662581583220802628 9.008429223058435298 69.703256884691683126 38.151310057598649905 0.683217362137575890 -20.939660580707879944 45.506432837874498887 47.959891092319914208 54.664610139316003767 -13.270987172808066390 49.834950617537771222 4.742670686429470095 25.991158924001734221 50.960215339648897270 70.926516776311316903 46.253511130418836217 6.508791836212918014 60.610102992797557420 12.520337813705793906 -1.666628659336716112 -22.347125334856656309 5062.625518710063261096 0.000000000000000000 0.000000000000000000 0.000000000000000000 0.000000000000000000 0.000000000000000000 0.000000000000000000 0.000000000000000000
44.267866131557873643 22.929734117085970979 42.306289938016476526 16.627792561305131613 52.101754700314337754 87.795647743135916130 56.750893830604475454 6.828736570476310774 51.537734855475910933 72.672071133589255965 26.252740149643965850 57.044228060157962545 43.003555164224593454 56.439422704262767638 6.971216186422193317 10.120508847342023273 57.627141811448737485 17.436943532099149934 26.759714528653319121 74.721947532394295877 47.388959759931040594 87.616736534806747727 1.894417439719003227 62.391254270712451557 9.490924813483822220 13.917671326705333357 57.226414037459207407 -7.092505309234687694 23.366771608224780721 58.123525580731318030 19.185128478870613122 39.082408800568053664 27.079088483505877605 73.748098770689097137 6.503059992893190255 70.078764340588875825 -1.563270752558150178 -7.643751348445848137 -4.106459329356210830 14.668759441520137443 9.891797753401133875 28.529358591637560494 18.234827694757370864 26.992728183344617321 55.251175548748918231 80.916014977138914332 40.010213705818856056 -0.617387595328212413 -8.572762537442004671 46.235811279882952363 38.513507806598553884 47.857692614758356342 -1.643567369003843481 2.121508848907119216 58.476092956166162651 42.861199580684498756 61.309785217478776076 4.492141796328166237 3.753130219720389960 -2.336613157582030809 60.589182753891584809 -14.857462764767991104 67.769870105124226711 5.353915564928044546 34.230065193484577435 58.179336861588268448 23.760977982531223063 9.374805530785033980 -12.375465928570429597 49.507932734911754835 63.248260527081683335 46.651853672023761987 -5.614196717355454780 80.018626802252029506 35.153550951363953914 67.914164392519310809 63.124632489105188426 44.089918637042018190 3.210886270326849257 71.635644059498190472 25.733735604269636355 28.902979933888286013 52.440467069002266953 69.052507755351470564 48.851969707131658538 -5.004240821113402404 36.206373698765958125 56.980735051552116488 44.949491346638112077 -0.269590490312875630 40.177819958898979280 49.919730716362366252 -1.132237221899430324 5055.856590669955949124 0.000000000000000000 0.000000000000000000 0.000000000000000000 0.000000000000000000 0.000000000000000000 0.000000000000000000
72.120731308424510075 18.219584634591758032 74.450248060304318187 43.513582057320135732 73.372599429681471861 11.429811697920060354 75.083761433681203812 19.016685986411125953 47.956065355979959008 12.947683056194104978 35.493767443686742524 48.238273861683715893 32.090407937660643256 41.014119640201066375 82.531773363669799437 13.258622079347748723 88.409819580457252641 1.409164345914832417 42.655170545234184942 71.817957065350697121 38.085978271154438346 16.946887056262866622 -2.422214666203570843 74.328614250724115209 75.981255880443342221 59.950767667596899457 28.845548431108007037 -2.464079820585816982 44.174545289885173815 12.375103821531867609 66.148741006047245605 89.447222970260312991 39.540600794532686280 22.674963210594015095 61.534113668837250088 22.307225447010502251 41.668015454232346428 15.418725194500904507 33.413881897713132219 52.344293927095073116 42.483690766985780840 24.641939367667909266 22.374159280942276240 67.045353394099350908 18.863993619244300959 61.143304361556779725 57.917408843624080816 -5.235763123708355948 -14.616782790472736764 31.480799501204046464 -1.395317748973292638 50.930187517542705677 -12.302540633716972707 70.739822940962824305 -0.943829594031200259 36.390824946175847288 0.100875197931145522 66.698077147329030367 61.296875006193872082 -5.164994177632321382 -8.211134971282527673 14.104932966841506214 10.208262271761036288 15.062930300773061276 8.209857321847557898 22.427697598849896110 75.473784047758869065 42.198409721733519007 -5.898698545670697513 36.750484062746807012 -2.574492877700336635 8.282330050582014991 59.465912803573189649 74.867598987381654752 73.181485505325653662 0.187438353112792555 57.638367960767951104 32.414770786900120925 37.638677291336719577 8.728300873659637915 17.479949665374011403 35.216675338312924737 0.065149447753352518 55.703362714421103874 26.372217077530091700 7.544465870383675110 14.870820056338491355 18.412422763929619407 49.524801314724300028 26.147214852749023350 40.128928077255977769 50.130014109599080996 71.266270603036886655 10.767487701687187496 5071.162531892163315206 0.000000000000000000 0.000000000000000000 0.000000000000000000 0.000000000000000000 0.000000000000000000
44.406634622521522715 80.201698623945532063 78.480764352058045574 38.377205592250767552 87.864938692906619622 78.885987345518941538 -2.517541776597546743 54.412366849926584678 13.417485292937785246 5.023644711503215454 3.310325475330063050 69.423364608235615947 44.633329430737788357 89.572781350897514585 9.500699064572426522 41.293306104392698330 85.634227472786989210 60.520999080360923017 21.644685000525178964 -5.008554502534034114 37.078668138081127381 6.348161994949816034 20.846175900225397015 84.721929536003173666 76.262528482039613209 53.110000239326730309 52.676598060293009951 32.242706186730444529 21.212081153884255968 45.632711259977980944 86.515848047364698914 -5.391614467619612050 19.097581152024801554 81.454315171382177141 70.924904684684648259 81.332828492907822238 -5.650931768389702903 39.437968159824912107 77.196846343937053803 27.473595232220748841 48.086313934757697552 28.638443970285525353 56.694707161664986472 45.822334492330256239 79.882219908812103881 2.452879679998797968 38.160310624774268717 38.238891349240844875 63.522500053045369839 49.336837949837658357 71.429489532230348914 -2.708372205466993421 60.340155492027079731 11.875520066494338778 -9.176700131140716366 51.305300129593355507 -1.873722865166879359 36.576656144593975739 53.546988829502097929 23.305872084115950571 36.081574352729155919 47.853779059183764844 4.493258312578035429 9.814824243958852890 13.742155339712084583 12.540582229816315873 63.907885733205503698 55.030581882203648547 41.815998971847889720 -20.507458515881694439 -0.606816883410470354 30.007003562261598262 34.028209391158441122 12.186639376931218237 -3.307604840318102646 -5.558040708703511967 -1.649301770095458863 7.022115576094705602 17.744577040402273127 67.362124761564103892 65.988398767794407718 56.549712994371830632 54.519163062155840294 63.016915105087100812 58.710576761824583514 61.454353996462231180 43.278234315352534622 37.305850101579551392 1.317793107826354060 63.330631443839202177 -22.016211347897911565 71.206140433495988873 55.536453646188334687 49.049026433879603815 46.678341749123518412 5042.904063578102977772 0.000000000000000000 0.000000000000000000 0.000000000000000000 0.000000000000000000
21.630410786047210792 5.085974464812649032 13.075361166181181716 88.721567337033860667 94.373613649783308688 47.970721992448133619 33.856258062084457094 81.483967610019419681 25.875469638037788656 6.192683015704732341 23.959896172196206265 49.091704977928564801 51.991227382093946119 7.715974989449330579 35.368106517646381803 45.032719374936050372 29.645263572470927471 36.142151074863164695 32.948093746409590210 80.216305904184295628 -5.074750899213839261 48.453474074688074325 8.838221321484537540 34.381184514255217266 -3.773990291307273814 86.887753762403804103 30.452868023787893037 86.802907282794492971 49.817007748314644289 44.122998409406683606 42.726536226407667129 2.353647589615389890 85.011646283079556952 85.249122506598453697 80.451902861216993301 -7.459338314349270860 9.297599738911866751 38.366183840649007664 22.988627914415669551 57.395319335426393081 81.990161834546469777 34.076395392434470466 45.555339009988507826 -4.850688869724478991 0.583645133925184467 12.149762409773401828 69.436994446888547827 61.337878623883298701 51.557193683373924387 -15.654711260342164536 69.117761105338502148 59.063682350332477711 28.456204619966808167 -3.431165088325917267 21.654983973229114724 66.375535628155788004 49.274371920115129342 -9.223922119649625273 5.321613637183499890 12.913820651161181274 30.070960166803395452 24.714412298612401742 55.468803331547661628 15.362847464401028219 19.595862012985030276 31.656723641411176118 70.028523510849566946 34.248937467250712530 7.496242420112817939 10.653957516675269801 -14.480534360240342906 69.711710822881556737 40.138653311059314888 46.887254960309434182 66.867426971107150280 14.547487829228643363 -16.802626454562371805 -2.705457134559541288 2.402674354110402533 23.840020956497639304 60.066198874641727912 -14.115727733438085068 73.968656391332629596 12.394998372162547184 -15.028047585659933816 54.657676986771683403 -0.568273353266754100 18.975157399516941581 58.720197354298562686 1.546154749092760738 41.697147326295421976 61.110764312868106174 4.943058463351540865 37.868942710699428744 70.851731567927785704 5.543450711653466811 4983.610405735612403078 0.000000000000000000 0.000000000000000000 0.000000000000000000
93.461656984801109616 42.373928859374700551 45.027678875916713253 68.261518680705904671 89.163928249991556640 70.715509646187285853 40.058063322711134902 91.914902973365585126 64.497242406853885655 34.393462585918179286 -3.451732040655218992 93.369732384960812510 48.172082765272548954 87.084473785927286826 49.128605323697911444 21.980774857102993280 48.415677492445055918 36.718263022140952501 53.965106273295546657 -2.606980223781192763 2.357920434406157284 13.589416655220123431 57.267482987742866385 19.581590668957140622 81.353755600762127642 84.456695114243927947 81.089771026194441106 48.243257851934785663 80.770775524824188096 -6.666337941147851609 81.952656583862435014 24.303854939106610544 39.784758366559223930 77.617934986054990532 85.350796628721383286 24.492043187652878800 -8.765362826098826332 24.970810384751032984 18.233822871343676297 30.912434776737704567 41.997709231940973496 46.319466079988686147 28.030262600555747809 22.753692976055649666 -8.189824822974882679 75.510600933726138351 2.578897036436668344 -7.145139809785835183 0.438496779425737060 14.384565412097305881 79.413162031614760394 69.946020706619179919 27.227656129779937544 -15.039961685998347818 17.310228535938328776 31.159765714221869359 5.564015503450487898 33.727761035893308872 53.566942311651772002 36.360257819184766959 72.899605354673326474 2.821257702413511481 -13.641502868022168826 -6.353456972504785583 64.873058851882603904 33.025901779974901729 44.122125863011106617 65.107014916678735972 -0.468799825323653607 71.455994509167410911 9.675809420031335151 -17.810279232869149268 3.194011665306096148 68.331921903738688684 24.963134400679898306 61.394768943702857200 -9.295720020792153093 37.935279947393119926 69.461083452806533955 64.752462166103839536 17.711565098039290689 -6.808497528155058376 44.583715243643801784 16.821555908699512116 67.031379303502973244 37.978613842331078843 38.635574704865469187 -21.897261332470016271 -6.210671074700716332 -19.011934216508922901 50.084342182952298117 -12.824469567847772922 68.143079246786385283 -8.284456012698459659 31.820736129125222647 -0.363487533953353648 34.053983009247957625 5058.272495498716125439 0.000000000000000000 0.000000000000000000
78.396744451262065922 66.053206147224045708 22.596133612166287463 61.911973867711694197 79.791457433330677418 49.346420790452981464 72.084738082056645680 51.693921182206551634 91.947698727547646058 14.537334199558145542 41.030060552067183721 66.033447726967082758 55.996479325520915893 76.226815663340246942 88.147684163443358329 89.280992898636512223 81.419406440751743048 55.417519568211091041 25.172509791948090907 48.789623743010508861 55.108728478031224540 71.584021170188378846 7.217256832774900488 23.043431264787095358 40.184504032045474275 -4.009659970051762556 81.420375510341500558 24.525900155008919512 39.142074250419994996 79.450932171197422349 60.718020494071218707 49.609050150296582160 40.264007281143292971 15.483548887183719245 -11.898486586111609142 4.799362006749785081 34.199221643712817809 42.067267817992416212 3.965396905195603949 35.626212509978174126 -12.292807585210564270 65.039693847590257292 -4.735047933192147340 42.183475715660321725 -6.678929322324119511 62.277490898371830497 9.460570775638888819 9.414995892339458550 77.708312236641830850 3.514744812522103246 -5.994885127899113542 -17.194731916350772138 62.831659306266573140 27.459326369747156349 2.532015180227400464 43.088076283282347845 36.138947054414941817 20.763771522863020635 23.678803603529573252 40.603667654913614626 57.253817654268800652 -15.634660936524614527 -13.739581611868540989 51.147728014562915178 31.847938185530075828 42.138815301645124123 76.495515296737181643 25.280987373451544897 45.422674216570257499 59.226528323896232564 -20.325628680519827185 22.032685739694247928 40.677968915322438193 11.599713456937173817 20.678281994798656029 -15.525788612701916236 -13.128366258785749920 45.772942763924980625 -18.644421493838581938 62.694457867646249838 5.883584732183649635 -19.551102092934350196 81.525769726143039406 -1.689606542958539848 -10.754993365303906927 42.013909301490109272 43.156676412823067324 64.688781590215199913 69.761991572698050845 14.081545764753695238 34.013660977952270059 49.731667582210675960 60.471007341734889451 66.122407048007502794 1.884311770644238493 16.757284422041891503 61.385330641299120202 26.718897229220239353 4993.622514423696884478 0.000000000000000000
24.325437886433139312 30.698309268306466890 0.847240297349777238 64.415466784541408174 8.274050796300734589 60.862669794157632452 13.858047504559388940 50.152868758575579022 37.480763862896601779 17.971281831587802458 21.302341213256358543 35.444057327505205990 -0.116964648464935372 82.933413023520245133 83.643656017514160794 -3.011934914937249630 53.454857559693692792 12.488732891233436106 71.215250134860696107 84.263849613989222576 23.312576705502472407 91.376062194401953320 81.967945422981330239 74.368638517491561402 68.261003154159325845 -0.494975883636337599 22.670859319610642046 1.993714279929390543 69.147637498927721822 77.693271099771266108 64.221799781286733833 47.801604925968860016 86.306906947440012345 59.632921602688803375 -9.943858446946894247 50.142108722254775444 9.652793198560399190 80.636509789657196734 74.171374292414157026 31.655153811694294319 -2.317711174960164655 25.684213004630468191 23.977759508848709658 60.521829891092622233 57.588630400542804466 78.938289174950412530 33.741248430763128852 56.710306233364903505 62.465040668422531667 43.985414712172314466 26.882565480295443905 -8.664206088179332355 79.762886702679281825 42.681103268951034124 10.913510345921437761 30.051779670557436930 33.852457362088131276 67.920875603051172220 30.057200072124416579 34.352977149961503756 56.623465183040451620 58.208473029307853608 16.779432443638444994 41.654581996457949344 36.067934426436679018 16.111936573379658455 27.768644438467831037 22.641495884543182626 55.783764048814354908 64.480975374479328366 -4.558871389211596181 32.191091975681160875 15.924858805747270196 73.162583407761886178 29.795525971104737550 -11.717914225820546648 19.453291743130190383 19.993989539734435823 29.992370970116990492 70.454674014567089557 51.723793531175253690 42.684170586567859118 9.697110197128715470 19.547239715148094774 4.585541781182513432 7.336858546063513842 -12.671670390691881281 -19.444221265245062114 72.304155033325713475 0.031513383096658742 15.359416425661077454 8.676478479490164375 -17.443384346101513671 24.555218863756632430 15.889664201506544572 53.228022050428492662 9.099494690968452204 39.232347894396980337 11.029059268021704554 4978.725473696841618221
