1.000000000000000000 0.017065372991981201 0.006749608902431542 0.007088352250033294 0.001717122775406595 0.015766284642498473 0.016978152623209213 0.013543472822297080 0.013461417497899173 0.008809192263816212 0.001739009503663723 0.012711290073432984 0.009460272843618573 0.014148858089227221 0.009542771435165071 0.001963456336576236 0.015276719194042665 0.009447277411317555 0.000211374558307921 0.009146465123844354 0.018737209069472377 0.003022875057539728 0.001030201729210814 0.010659345945509033 0.008097873932937918 0.009778555188332075 0.016806952742049006 0.016854285880624351 0.002402112732666981 0.006706718238775719 0.016277495874049055 0.013497207740598422 0.009083454597130496 0.006040430552250536 0.008876388014573662 0.014351761315901488 0.016433330026851205 0.015774843013428633 0.009408103255965099 0.001351458729176732 0.008379350364235212 0.001127847901011722 0.001040338608209294 0.017883273913555157 0.001698170995287588 0.016188646754106705 0.005168873850165979 0.005889740576458982 0.012879734582949144 0.002964800053169050 0.016169746544879383 0.000659287316074009 0.014494452511847600 0.001662042246888567 0.016308664216377548 0.008377323798543442 0.002016887133707531 0.012002979209364063 0.015272905104650627 0.011202292179248516 0.017582684469787727 0.009200339718514219 0.011256287394892123 0.014535405525940289 0.002480467726777438 0.004144710558939128 0.018817067209457680 0.018060523952568741 0.011920019591533892 0.002151494299582053 0.017936040067770206 0.015105997252404817 0.010546237905284268 0.013510170564969977 0.007261619567623984 0.017834405709202094 0.007886607613221575 0.000532286966352136 0.007615891217564999 0.015050951153260788 0.016303560712283175 0.008670807484893423 0.012187162830607910 0.015947559934214310 0.015612757161579661 0.008082524649709825 0.000781406124925929 0.017652046435693996 0.003819239487400611 0.012081044087195396 0.003270109653392015 0.001118215639471580 0.018473598831894443 0.002161826937129426 0.015580918245931736 0.002083295370960286 0.012265193495034153 0.010040640681767478 0.001655766291940023 0.002086285829667494
0.000000000000000000 1.000000000000000000 0.012138217750418108 0.011686857283221361 0.010708267579498498 0.017686218631153754 0.003153594117977687 0.008938006325349114 0.005589808681598429 0.010989073546371676 0.005944523320891036 0.013319204514493695 0.019642226247330367 0.014322021571498440 0.000943302187701304 0.016806529251826088 0.003932606616505459 0.011619107731882898 0.008331699075782113 0.011426211564038016 0.005737298444938947 0.013851991261645579 0.003482616505796327 0.010969122901494601 0.004313227222201226 0.004858741196388611 0.017174539833405191 0.013357823866403615 0.017351997151119899 0.011647597222686290 0.015769850293159155 0.019145440147959547 0.014282735772414441 0.005979864466682062 0.011478363358864322 0.003845351681671376 0.014785137872966817 0.015795949229236595 0.018554469778224777 0.017209866422219208 0.002610315545154536 0.001235693038894763 0.017954514954979066 0.004249744729441320 0.011225224080326387 0.019393420874315660 0.019782839204600413 0.013792692349050985 0.005993713904012889 0.013925270899827809 0.016351238302375393 0.018991882889906817 0.014014551643188751 0.012832628174394017 0.016909139922212775 0.013834231568283877 0.018505203778250483 0.010044432240286349 0.001309901057888154 0.013649607085872612 0.009911173417218588 0.008861712321348345 0.006824251684012487 0.012356092514885198 0.009513625302606367 0.018249090661348485 0.014118738857948008 0.006477765726984379 0.010068638340448258 0.004913350701530866 0.008983785825415917 0.018761968560594106 0.005114932107275864 0.014646047978069777 0.005141702928588732 0.006054728438181915 0.016890989616718182 0.006211879770722508 0.007211517536075490 0.016447842640534328 0.007431473517268554 0.013777452761127067 0.013445693121619589 0.012211592127371771 0.002624661196643701 0.017157913474573752 0.003773603156384346 0.014480470255497944 0.000317194645521334 0.012483991480420205 0.011313916926545738 0.006395247829879987 0.006941789030464123 0.016503303109877562 0.011461993986959436 0.007546898710437390 0.012819474331192245 0.001106337304734337 0.011710691458096043 0.007199353487538922
0.000000000000000000 0.000000000000000000 1.000000000000000000 0.019460130382497942 0.009035982658177958 0.006915708715841738 0.008679673662459518 0.002053108928404942 0.003119414340727340 0.000270065290198337 0.018749608578372476 0.010354848204973548 0.007004358525514365 0.014597868771995389 0.017343045393736933 0.012077830571101096 0.018065171217646957 0.008699192626377512 0.006696993509539426 0.003768179371594473 0.015710058563680077 0.018113678809749800 0.005263106160134059 0.009305007389078303 0.002213859663346357 0.000145561276769825 0.016939143109888963 0.009152166515945068 0.011342561742088933 0.017091790599391157 0.014097137827650206 0.008116894219938395 0.009791859575588075 0.003145996540332065 0.003538781357532977 0.010504123559982335 0.018759439542192100 0.011942846809633345 0.011601026253499873 0.012385836197056214 0.006320740432124273 0.002277358081804375 0.014954916429283437 0.015509505348946628 0.003873458740992524 0.014858843812149782 0.015644285093448517 0.019157509265745803 0.005323920060424969 0.014976121688615748 0.015535162830055035 0.015110316929242413 0.004124512764240821 0.003965123387431746 0.018777960462803958 0.010483618312836319 0.004611195631018692 0.001323019630129342 0.006943274661286299 0.005635388668303000 0.013078539893860147 0.018270226667065053 0.014857105009085724 0.009568769629367854 0.003412869612604668 0.016610140266916075 0.008431011483076074 0.006996541666157000 0.006977126571324762 0.009355042625538112 0.018116980618474662 0.007239484021004632 0.003440063181943150 0.000860856569137594 0.002446950248765013 0.016138829989193595 0.002965277867609209 0.006656109941184169 0.004857130537980233 0.003427906093742837 0.008644114196023815 0.002977590324032060 0.008559771805124997 0.018457973777340920 0.000548452186882083 0.016817847923172088 0.011079815963825622 0.012062288175712074 0.003553126745502069 0.015780853317730228 0.010028405261473354 0.016829857434521551 0.015855294764145180 0.008283921240831762 0.000953262817027986 0.001021361624078297 0.003591610169450122 0.001272986676304110 0.018396238701409013 0.003390702217024778
0.000000000000000000 0.000000000000000000 0.000000000000000000 1.000000000000000000 0.007989098849379707 0.017413486799349571 0.011339003053335751 0.017701559533599649 0.004928452687870482 0.004782425877895735 0.014110025063073642 0.011988474280386909 0.013308377591299983 0.000448175713488748 0.015385494250817377 0.016359615123073289 0.005914799702144368 0.011915284408599505 0.001053880727260988 0.010002969801847830 0.017612808642582637 0.008767890030647168 0.008647424534706140 0.016162727730912242 0.013635847429819645 0.016240843889254581 0.012119239242881160 0.005506710565680711 0.011163123371434793 0.004020867226602414 0.014109767438994026 0.008918734810059982 0.015882816410584640 0.010253816630386926 0.001230754676987814 0.004717827125103817 0.004425501961751958 0.017895315357062753 0.012389503777788450 0.001752773600040127 0.007206895298433307 0.013803874081675832 0.013818301602636055 0.015504160457402083 0.006176669510827509 0.006770494542325053 0.003355537506670390 0.001762441381595653 0.018353786854662241 0.006901729044138198 0.014043995597147906 0.008046535032103778 0.014716879366832761 0.011179394400719449 0.010137815514273644 0.006464863918159487 0.008877098015804261 0.013164261096400225 0.010330925833475869 0.010548392085241817 0.005751746497642392 0.011605835931620932 0.014405280829992453 0.011615339099259213 0.011955318188094319 0.000949922815390099 0.010631324426565099 0.004484613275430510 0.011222164189007754 0.013828839691339150 0.007217838450269008 0.005404594173514637 0.019103702754767821 0.010128352200301151 0.016037002202287647 -0.000005601667592274 0.006996985804376807 0.008534386598753997 0.009202004863548623 0.019147860308615757 0.008351527030658357 0.000958653662527054 0.012461567395886507 0.017435376282063080 0.011585712659566139 0.018033201844870641 0.008616194528121233 0.005369615384796247 0.013525536234991449 0.018194158846521702 0.017336243405208906 0.009641468642782456 0.017494465525670192 0.018709116222816947 0.007941643925916758 0.012405471678055797 0.006392657872903182 0.003967991530297119 0.012097601044299923 0.001174605421414394
0.000000000000000000 0.000000000000000000 0.000000000000000000 0.000000000000000000 1.000000000000000000 0.005942724504238365 0.009458204474258849 0.004636195417699191 0.009121778911893794 0.004300569149185184 0.012087488443512363 0.016975176138922309 0.018381178196346229 0.010770463650031117 0.013981794946873708 0.013999856947405008 0.012093492497621929 0.016915449949777069 0.009291318500856209 0.001547132386267087 0.003687950277428153 0.017186452763936301 0.010930505441729989 0.018624109235438269 0.003994191590586244 0.007676574080910053 0.007378994123748191 0.013250289440708772 0.000195736345892964 0.011584003930100839 0.014861825222375297 0.003606571395177444 0.001128789643156504 0.003045585361743445 0.012507898668913022 0.007905256868014235 0.006359770355520177 0.006549779810529234 0.009478195774038188 0.017825049149215171 0.001251925674892863 0.014407327611422303 0.004531053308845891 0.017785005490901919 0.004122999698670454 0.011020255731956006 0.015440672340762622 0.004144122308915799 0.010605526967333519 0.001721730025491980 0.009887908211444757 0.001546300250030513 0.018060862919685991 0.001207366261863068 0.008800179088247333 0.010779557301676936 0.005950665062138337 0.012176418351160961 0.005626764023239383 0.011519938479354643 0.005617086559487177 0.004061778487320389 0.005421683229587873 0.012339738087917197 0.014142863099333021 0.006556204531778600 0.007852471483053760 0.006943696794598410 0.008029200165299150 0.016779693262336210 0.013585422891621507 0.008969922873405950 0.018000062466525881 0.001360254544108244 0.007405536107607281 0.015172752731976193 0.009147595237697351 0.011714582650289393 0.002805387954058963 0.010366342136962718 0.008901680813300712 0.000461252170483582 0.015191148458072019 0.011199113687955127 0.016861776457992719 0.012563997403899151 0.012469123838030562 0.016882769822019618 0.017722241639415364 0.000606018365530977 0.015829377577848837 0.017804932396334523 0.009334142412142208 0.002887250807125851 -0.000005273436171267 0.010082947372515579 0.019351433296246185 0.014586219159551430 0.001978389441466161 0.016561700981304044
0.000000000000000000 0.000000000000000000 0.000000000000000000 0.000000000000000000 0.000000000000000000 1.000000000000000000 0.002290790021006557 0.004355285217741216 0.010682751903264846 0.007815874142836739 0.010027455252827689 0.017937552665404310 0.013446585484075561 0.015390329825107489 0.019316037938401916 0.016620164982575208 0.000117500275082828 0.011452207313199743 0.012036432913312920 0.012835305454863532 0.003074392238091139 0.005982361228755815 0.001775420277604595 0.016615790965622140 0.001077960710801932 0.014424270575198550 0.011780653256399196 0.019348402472785745 0.007637692746551530 0.002240552753449177 0.000203531411303059 0.011643546048989184 0.016380171588306233 0.002601901100434721 0.001154171237160914 0.001804287000002855 0.010996411849226798 0.012586599665195321 0.010740143297495711 0.016348288621760854 0.010888725423438899 0.013342078922115282 0.004655955732419635 0.015836074791739287 0.015076365802588056 0.004866826000527912 0.010818559841632011 0.010557290121204290 0.000014609531161851 0.000797597112195332 0.016831257068496138 0.015179321999293399 0.010554009387870244 0.008111321967821087 0.010749945787269776 0.001045384918591386 0.002238492170864800 0.005726647640473875 0.001272104989510632 0.008939656882801119 0.002715136080935480 0.010649574419631443 0.018696949053419162 0.007047693720400606 0.001295074546811770 0.003586512843530679 0.005314185107982749 0.013209457929947299 0.000797508947781101 0.008512721197656576 0.007374862264389545 0.016483613074150739 0.014621634376747178 0.019362711848453684 0.003995447318793252 0.000749998153376810 0.015907806537493459 0.002698317774346243 0.016298736130555540 0.001987281214491451 0.006083939095400424 0.014747719361457979 0.012365725481968086 0.014909684567900917 0.015665341090687280 0.015571243566912177 0.000992978901212047 0.011229304523176371 0.002388580864096269 0.002789838580066924 0.007823624654560659 0.016834773692090604 0.005565787275776710 0.000496446216982189 0.011501988605526240 0.002276373725678685 0.011779300562747485 0.012822927523470626 0.016575861146619787 0.016532096844511714
0.000000000000000000 0.000000000000000000 0.000000000000000000 0.000000000000000000 0.000000000000000000 0.000000000000000000 1.000000000000000000 0.015226724876357050 0.003517091610721766 0.006115916819171131 0.002092326852799966 0.018506335358030555 0.003921654549154949 0.001760597116962278 0.005045842715859275 0.008753743804555257 0.012888018684984031 0.008147415841507286 0.018669929320821850 0.003199147065270320 -0.000148621209224901 0.008792066566133070 0.006066855142445305 0.010173659814117589 0.013984234829341089 0.018275224951914547 0.009420122220005721 0.004338782785873923 0.018762929090203221 0.002508281168174156 0.014698404829257992 0.009405809013470474 0.004176336091128803 0.015697828987700297 0.008521338002538414 0.003577762646822751 0.003627741134304246 0.016281364729892025 0.004778182843589811 0.009617191344047427 0.006250775065350858 0.013750521716145566 0.015906615992287439 0.004683490986229103 0.001451071696919561 -0.000279870592346317 0.015938626303052598 0.013779450669709096 0.018993358713343390 0.007049426079058012 0.013694914995342689 0.017616946796310297 0.001170808154030464 0.000227922945597020 0.013801538483997167 0.002318703115096795 0.003761978943165335 0.016014197346675727 0.002237722502374553 0.003548893980485315 0.002147855681870234 0.001997665483165054 0.002896533132940309 0.013214228099849214 0.018746035806526028 0.016990780407721725 0.018501875083283801 0.009646188479928305 0.009093222293493826 0.015491760465887074 0.004178072702545848 0.014800429744272042 0.017677395570885716 0.014123369507228372 0.017570227632212873 0.016697332299005559 0.001769051616027479 0.007601672905408445 0.013596229975341675 0.009988123532871557 0.003926414870382397 0.003028970644742668 0.015971203267786158 0.009650855399501888 0.001013717316155271 0.004314106332119513 0.017712512958860747 0.018016485508345018 0.006185894918724416 0.017668286897464937 0.010590088827849084 0.016871817677658024 0.016737921516071192 0.017607136636710249 0.008637799592018791 0.010104972117568429 0.007055835920395753 0.015493909377919441 0.004178101093137475 0.015148149373638573
0.000000000000000000 0.000000000000000000 0.000000000000000000 0.000000000000000000 0.000000000000000000 0.000000000000000000 0.000000000000000000 1.000000000000000000 0.016050041198705536 0.014392877991471315 0.004773538991096656 0.004498627253860713 0.009394986163856645 0.005811355116968412 0.005829329024572272 0.000612795486816205 0.017152777526305021 0.019055639186441667 0.000490015619956105 0.017988629235573574 0.002666209690136052 0.006850233808695880 0.007398096795494809 0.002946487865302448 0.006306529904460740 0.006649275559189064 0.014483304198984101 0.002591166341433485 0.007629867356836226 0.006419112178475913 0.008962389519056160 0.000020847272007939 0.010234276543306751 0.007044291957761449 0.013734851972250370 0.016115941820727196 0.018089740635959303 0.002971278575801148 0.010614374256203825 0.001377704832688684 0.003738680920709731 0.006303363804944653 0.002930640892750183 0.018035915176197043 0.017741803755705686 0.013553322059718754 0.001785959384929600 0.009660440116687404 -0.000293168929543540 0.019291146451727397 0.012862355339662937 -0.000695899292971216 0.017868821800023617 0.015327210459102075 0.001300520997285482 0.002321465488063570 0.017223887242790309 0.005774961701760153 0.002245541712457551 0.008022928575620562 0.019266640488165128 0.015464740936794792 0.012934536337639671 0.000579597518852272 0.000145004394180593 0.007013514004200100 0.002819333974717691 0.002877540489752309 0.009948818191842530 0.008007171977007987 0.019293265136404950 0.000128847106533157 0.010615857680991891 0.002870395153312775 0.001993697270237510 0.003614099968652241 0.012216151204381171 0.013272166810316623 0.008075809853268485 0.003440520704985796 0.003030368153366664 0.009557796508752507 0.017197605006068699 0.018292268616409237 0.014582191642458974 0.000905164543254574 0.002675088562325008 0.012085757588510292 0.003560279124566398 0.010888802562351882 0.017947115996101205 0.012926195789908300 0.016419741291515650 0.017449338297179904 0.006484152637840531 0.002470735310376057 0.019307263502941003 0.003792823796234833 0.018803834856929429 0.009306559921003427
0.000000000000000000 0.000000000000000000 0.000000000000000000 0.000000000000000000 0.000000000000000000 0.000000000000000000 0.000000000000000000 0.000000000000000000 1.000000000000000000 0.016963369928523750 0.005628808231833479 0.003830462651674229 0.009397520755422972 0.008367678405665347 0.013871038179526892 0.004818928513227307 0.006848561380173165 0.012454857333402743 -0.000145033949071283 0.018078904893703462 0.018650839539988397 0.005095874769715021 0.006344069293886609 0.007598142938076764 0.009956361238538823 0.016996960682015245 0.006553396448387411 0.004192870621366124 0.017685419180044407 0.017130437491416416 0.010372554520514683 0.000902729114549640 0.002303735631208608 0.012797217313887010 0.011444026090892860 0.016257294876464524 0.010317649420634661 0.009367504696012273 0.009500171581873646 0.012801052530519877 0.000155788972239218 0.011099531569505284 0.012765238599251827 0.012977225946553593 0.007982401517934971 0.006710168326493499 0.001439162535759195 0.003460307242303489 -0.000010428160139741 0.007132842445116711 0.011327814243472678 0.007942030246926421 0.008320408409261697 0.012969341450160946 0.017555150983914174 0.007747825612883525 0.013101926583463151 0.000875473599283436 0.007920080342918044 0.007785711202880541 0.005587442519939744 0.009576453010514610 0.010282312155661550 0.009452222981727786 0.014175850139664539 0.017394083695995124 0.008808039049570877 -0.000463867201380865 0.015604144670232818 0.012183232939511499 0.008671680130056892 0.001972468604956958 0.016940809429400884 0.012526002887495438 0.015831491270644739 0.014766637580081116 0.015309557348524731 0.016467051854355215 0.016623438477368819 0.001681439703753642 0.009312143996610749 0.010343663143409598 0.013684377656352283 0.017307156756632597 0.005446617493127149 0.014251997212671287 0.001417165640634304 0.001430554408956755 0.011193355244812157 0.009293622730893888 0.012088801336754803 0.004423874225872676 0.017824698682905860 0.010660138696731540 0.000410386222633272 0.000840077114712995 0.015860920950456353 0.011747350278397475 0.002786725057401161 0.012103957864452225
0.000000000000000000 0.000000000000000000 0.000000000000000000 0.000000000000000000 0.000000000000000000 0.000000000000000000 0.000000000000000000 0.000000000000000000 0.000000000000000000 1.000000000000000000 0.014197825629783400 0.011648085349625472 0.018719832534892584 0.014207993802544283 0.005310895578715189 0.007886600017960082 0.001137304141911146 0.013591375361493701 0.015645246519731676 0.013565670029568206 0.015844820759937026 0.006942482730805541 0.013692134937667105 0.008560669605945445 0.013508138720443099 0.012611237386714502 0.001588306033549695 0.000617922706292879 0.003182524723729248 0.017064835481182556 0.010452246093371583 0.006653313852089988 0.006344530943532086 0.003241330994252621 0.005599827359234773 0.015500377196542018 0.018962444686535643 0.009979359062091105 0.006712495009170268 0.011881620365052819 0.008774011786801105 0.006896982594444784 0.000738343965869021 -0.000159297653840717 0.009011316370070065 0.006822422373160989 0.010976639882409355 0.000142685260873387 0.012196908076680127 0.004616578103785558 0.018254842467324020 0.007255935286987363 0.015427220643590421 0.000401358517902653 0.008374099876978621 0.007956720000189108 0.010820405740287803 0.011668119461746443 0.015180075547295757 0.014508261166840605 0.002107025065982947 0.001514675409370994 0.017866010441760845 0.014884478045958457 0.017207756022170530 0.002140476999889268 0.018813023925756671 0.002921667991806454 0.018173482430349684 0.010883617831805860 0.005026918916349235 0.009760785846296319 0.010186040756676546 0.009923370798208056 0.002006877918283443 0.015670577299114068 0.010669060206928628 0.016479587605658576 0.004381634202530712 0.018332130331282285 0.013798697532621593 0.003405397621983247 0.015711259454501095 0.013879069562394947 0.015786396509092328 0.010589436551017000 0.013349449380819563 0.016142259936563062 0.005662966638129712 0.004552798458330677 0.000752174060385701 0.002208601735633750 0.007726138377206897 0.018406394645769229 0.000919281759649100 0.000600872530512742 0.017487090215041523 0.009821070333458012 0.005330936267063257 0.007848936826556862
0.000000000000000000 0.000000000000000000 0.000000000000000000 0.000000000000000000 0.000000000000000000 0.000000000000000000 0.000000000000000000 0.000000000000000000 0.000000000000000000 0.000000000000000000 1.000000000000000000 0.017052993593100176 0.003474422749686016 0.009625935678064338 0.002416540105341765 0.016904797413456622 0.004093844059224307 0.008816593869797050 0.003594361189761796 0.010267936412488561 0.008232663783989850 0.003743762947346261 0.005518352856879450 0.015863964867227350 0.011831368925765398 -0.000166841323997527 0.012413899583498086 0.009488049160898035 0.019286411501516054 0.005390924024150817 0.008557678365940756 0.002185873320644623 0.015586274662639602 0.004027682209617591 0.003683041867026856 0.014132090014523292 0.003476190564982392 0.008580352022275788 0.001808357704959539 0.011948311760361856 0.006211733319446077 0.005859571380381312 0.009031533661110671 0.003131312875948923 0.002070081784540967 0.006478572875612848 0.008610475033752557 0.018343867929291564 0.008565467540355594 0.007585772422592233 0.000008522632705923 0.016175140696908789 0.011558314221823495 0.000135033976685485 0.009191059044935902 0.002256760307402616 0.011238285394061595 0.016158089982814067 0.016708627990769106 0.014602854242030387 0.019218989627968655 0.001141241076489442 0.011775896642710289 0.008210205984499192 0.002946200575490890 0.012951148400926132 0.001840193173055228 0.008374376435809886 0.011465584686598125 0.011371244346369234 0.006441583143731276 0.000447710084957667 0.016254332264236438 0.002419979752102337 0.014328974677830314 0.004359887988526654 0.011885272128479740 0.015859723230503220 0.012593726551695770 0.004349792671790346 0.017398119763681014 0.010727195589350119 0.014293876553689366 0.017497803422668740 0.011146687368035100 0.017854634293896249 0.012205621782206079 0.016898812719633255 0.000201407766698748 0.018601999570034788 0.001024407979215995 0.008102956694848137 0.009794050754494580 0.003581920090840285 0.013849977143659693 0.005942051927680808 0.011988546055481310 0.003994531540148050 0.014403115850248917 0.005807997982879735
0.000000000000000000 0.000000000000000000 0.000000000000000000 0.000000000000000000 0.000000000000000000 0.000000000000000000 0.000000000000000000 0.000000000000000000 0.000000000000000000 0.000000000000000000 0.000000000000000000 1.000000000000000000 0.004545131740824964 0.000099601721277373 0.005058188312495725 0.000451466754809103 0.011681648310479950 0.006501580239663875 0.001014238128935240 0.014530888501698841 0.012637001354101932 0.013116581505206218 0.015127121041250661 0.017328165768298112 0.008648693969630791 0.011761661665877873 0.004140831420721382 0.016860754084683773 -0.000052979476174496 0.002691452135508733 0.016731221459358601 0.008756296769862202 0.018677234914015278 0.002380277783345066 0.007314993116172445 0.015069171550019652 0.001560208146044975 0.007200658870990007 0.000821593255423749 0.007382884244878193 0.016275503620669821 0.015322444265899470 0.004478170548975489 0.012743400770308626 0.004169565655420493 0.006875998160970609 0.011975081675401785 0.013622141372865122 0.012427571412211793 0.002364678418226949 0.005537530572091278 0.015716906014593295 0.008351918589001334 0.017080551986263605 0.009685008619902876 0.005632887814116147 0.012825071783280658 0.015462693016164326 0.003057848018813941 0.012944303670585838 0.004067068888089971 0.009921866680975200 0.013474041133044585 0.016429423322866100 0.011265708035580671 0.001185201337567431 0.016923956320760124 0.014000043586955935 0.017044032815522286 0.018649884203385553 0.005095840348184498 0.013276320524088307 0.013723986580841957 0.007887956677342425 0.016035593988202333 0.001873146991405091 0.003613905532951592 0.007076783668513413 0.016944652505290699 0.002264303869696924 0.002528024169236419 0.006165944116167768 0.005178681217490960 0.006088766972397020 0.001052137450413320 0.018039271964441682 0.009920930049925837 -0.000404499519255570 0.007414529622136569 0.000830632654023592 0.015331191549858313 0.018513181030762015 0.017138378377235152 0.001887414390893351 0.001318220534234578 0.014626232260621460 0.016032448196012773 0.016023182220807355 0.010953864563991958 0.005840479195948336
0.000000000000000000 0.000000000000000000 0.000000000000000000 0.000000000000000000 0.000000000000000000 0.000000000000000000 0.000000000000000000 0.000000000000000000 0.000000000000000000 0.000000000000000000 0.000000000000000000 0.000000000000000000 1.000000000000000000 0.003671982426132747 0.003406991769119940 0.017750488784836656 0.009473912015300004 0.009853629177970769 0.002772054095245759 0.006274363598529446 0.007571824665813249 0.012096698122948049 0.016503500402309516 0.017151386016040885 0.010526236492959867 0.017974226456792659 0.014959865680384307 0.004858845665188411 0.012544296932073597 0.018131559823730117 0.009077596985425571 0.004887826873407859 0.017756602774990422 0.013269947812847103 0.017940562403137440 0.014102684026623555 0.003215757628764722 0.008315266894782219 0.012642115870053072 0.006925852440219629 0.017209249747225371 0.002365761055265416 0.007301145914031056 0.003549249135147321 0.014797871587139149 0.011286317978326294 0.015283653537448223 0.017999198308501850 -0.000091978977028182 0.012348551191748077 0.010093644666400049 0.012112390781697851 0.017279832375925477 0.008675043898640281 0.000281077033524596 0.013466732857165485 0.011369883511230991 0.015688732821316199 0.014537641722659322 0.010400527411545268 0.002122075526357504 0.002895561950892401 0.007316870739131567 0.017114926266097792 0.011276317143941140 0.018109096421748419 0.014268585431077143 0.001176935706274115 0.003058681611034407 0.001554205473577079 0.008788140216220045 0.001213189253003660 0.017529343481828521 0.014163371215701236 0.009170563940172993 0.014289895933663452 0.008914880300843815 0.005913338446926660 0.015534287050393312 0.017428039992946235 0.016701470581248296 0.017983819050375535 0.007651893837143161 0.013073629710814791 0.014675624976909623 -0.000504898717651091 0.016548816919308342 0.010138626571123202 0.016192697793070674 0.000856544908162402 0.000454292083263429 0.006836472571558431 -0.000319770405944418 0.012323783486531636 0.003237866499261562 0.007468539558646919 0.008205363155445171 0.016869605027890325 0.017667101045704157 0.000308676614453107
0.000000000000000000 0.000000000000000000 0.000000000000000000 0.000000000000000000 0.000000000000000000 0.000000000000000000 0.000000000000000000 0.000000000000000000 0.000000000000000000 0.000000000000000000 0.000000000000000000 0.000000000000000000 0.000000000000000000 1.000000000000000000 0.009255341585023558 0.012894724768484578 0.000497907471541083 0.015363662017920651 0.013812192784178810 0.003696572151107722 0.002554933890401740 0.013399580304749095 0.017561360829852355 0.015100957562814299 0.002125120297538806 0.007147359163826617 0.009962405266293750 0.009659915256142312 0.010184110497432041 0.011954142744958013 0.003380474449774188 0.000281874997087151 0.008652332011430640 0.011593368930232082 0.005356906351230536 0.005535283255111050 0.015801571126220094 -0.000857934619006707 0.005485551276956786 0.015262562652737600 0.006955037341014871 0.017045175892340482 0.006257952095320235 -0.001293302782218804 0.017321922632990702 0.011121234668934705 0.000496213651168725 0.011504417287252286 0.011579252532058439 0.008222686301353312 0.005054225176013634 0.012252014265375354 0.001618209536657237 0.015269444097358847 0.012354453049422013 0.011180875399564491 0.009133416722366927 -0.000155440018970541 0.017640178279857029 0.005612280581192932 -0.000528745281848877 0.016961634323647608 0.006921519634727001 0.003924988033609589 0.011356127650609834 0.008870126293044714 -0.001018115706713755 0.012948965907363105 0.005404822369675868 -0.000479908910876157 0.017966392160733712 0.018582550681670685 0.016549646256879564 0.005037376936496443 0.015369284370700745 0.002860652790839500 0.002898770260192280 -0.000780268390559540 0.018009369151651470 0.006851160554404761 0.012356241305656683 0.003463046083883997 0.004083275781583215 0.007075206017956311 -0.000317999536246455 0.017884829849406012 0.003595950925779104 0.015557987820364516 -0.000118433758186185 0.013818398830108302 0.010145798892077498 0.012436333808095975 0.000996067270904782 0.001292840497150576 0.005645392068556819 0.010607812515636498 -0.000447490925296228 0.008719155934555812 0.005790287112648852 0.013497438680760851
0.000000000000000000 0.000000000000000000 0.000000000000000000 0.000000000000000000 0.000000000000000000 0.000000000000000000 0.000000000000000000 0.000000000000000000 0.000000000000000000 0.000000000000000000 0.000000000000000000 0.000000000000000000 0.000000000000000000 0.000000000000000000 1.000000000000000000 0.002976942526168624 0.007991349202570714 0.005908211947704843 0.015371852784714715 0.010658913807571096 0.009905792509932183 0.015303219821725177 0.006960833601586650 0.002209680738567774 0.010888042466563521 0.012617601725632581 0.013276986583804863 0.011169413160306785 0.002844972456741470 0.017830533098797029 0.007628885167347466 0.007887761209552082 -0.000193138516153469 0.001562280449658339 0.009910870165552950 0.013298010731078280 0.000595244725099353 0.004311552319488755 0.002424902921832317 -0.001105294842044919 0.004632246373707007 0.009300575531575086 0.008546311618403182 0.015483690377566556 0.005378105694502357 0.016883664134927819 0.015099930965059703 0.005633356335211082 -0.000625455389960377 0.017239723016326213 0.013509205936283776 0.016629551886956636 0.012114353734621370 -0.000691447472994064 0.013864465166271517 0.013335024842055097 0.017931575865867785 -0.000248492524385157 0.000776091049762841 0.005918030103795981 0.008429959012277315 0.008278007600535459 0.000581463356760622 0.017303095895999081 0.006921139233008003 0.014069042862310506 -0.000534168461083846 0.010302228437231295 0.012550027275210473 0.011967555862608481 0.013720820865292156 0.006081520639873875 -0.000355029108994185 0.006512900868077796 0.013982614550659730 0.000227887168151272 0.010669467259390429 0.011094166542944374 0.000371796981093831 0.000905189686519376 0.003363369481615967 0.003063961139606032 0.002077469019892930 0.006283788480227059 0.012002053641322355 0.012360479313201540 0.013875346451248355 0.002099364460172478 -0.000227706537438361 0.008142523362898247 0.004778400554726924 0.000945908939146518 0.015890577488001975 0.004139608335943351 0.005874240509810153 0.005209067519605978 0.007431283381494647 0.014710851362754733 0.008447665007946234 0.000110458514581322
0.000000000000000000 0.000000000000000000 0.000000000000000000 0.000000000000000000 0.000000000000000000 0.000000000000000000 0.000000000000000000 0.000000000000000000 0.000000000000000000 0.000000000000000000 0.000000000000000000 0.000000000000000000 0.000000000000000000 0.000000000000000000 0.000000000000000000 1.000000000000000000 0.003620241206339110 0.013992174967635424 0.000822897058939476 0.012145991428057919 0.004491425758894234 0.012555848920032073 0.004004199563309586 0.008342215690419321 0.010752869346064434 0.004442318439700279 0.002929562187012777 0.017826112737484835 0.012834995427492240 0.008687594794856989 0.004713035817656424 0.016623890890407979 0.002905511093518560 -0.000512918520835408 0.011566211438653013 0.014518703695397879 0.006249353022109216 0.002903059256105772 0.017013754240237790 0.007533709914948891 0.007444301854831626 0.015470015479335556 0.008704172182132701 0.004060741224247696 0.000545793813117605 0.010016716100551586 0.011308497394205483 0.010909531336759343 0.010259248916364691 0.017919376742414363 0.009575260548838012 0.009263453309874629 0.002179909305579005 0.012284650048219860 0.000099290952169655 0.001880830445740849 0.016356204945619512 0.002561160950099132 0.002335300562152939 0.010779536697468410 -0.000761778133971715 -0.000776379927845659 0.014009215044140617 0.014879895177052533 0.001506486467151798 0.013152902877082449 0.006622905803822680 0.011820073503247430 0.016331028218911449 0.011159288176471542 0.007561770115742035 0.000406876508044667 0.000805722580837262 0.012659595989163394 0.004611502474464355 0.009164877864406456 0.005605048008647370 0.009828165336892165 0.000235361210785882 0.013015735076560455 0.005114376153437150 0.002359345217981037 0.006848668424410612 0.005667046785674851 0.016635704110195704 0.001821697580048016 0.004845838061259904 0.015314972370528075 0.012599188779759506 0.003807660137442530 0.002252606352248154 0.008754162468947819 0.015131766713403237 0.002421635320076445 0.009778591212225903 0.000113213663019395 0.004366725775579706 0.016867915429383255 0.009212452748736760 0.018172489238430248
0.000000000000000000 0.000000000000000000 0.000000000000000000 0.000000000000000000 0.000000000000000000 0.000000000000000000 0.000000000000000000 0.000000000000000000 0.000000000000000000 0.000000000000000000 0.000000000000000000 0.000000000000000000 0.000000000000000000 0.000000000000000000 0.000000000000000000 0.000000000000000000 1.000000000000000000 0.002195485157043941 0.016906497793638450 0.013436378824408266 0.015406986704920633 0.014332913155545229 0.001368844308786544 0.014275501100902598 0.014561726448112109 0.018219058339868865 0.002678505814663553 -0.000910938597206662 0.013488270839031874 0.000066107404266679 0.002241833553595471 0.013148699472500205 0.005021720069069941 0.012549390892700733 0.007390929002804510 0.012272456634623454 -0.000828138570252745 0.016546073562176435 0.002586469044628698 0.017224729114678487 -0.000599932200611589 0.005716298725123672 0.001971646295891563 0.002117070668743705 0.004586564458596347 0.012713685538827476 0.003021948963282728 0.018197883324103051 0.004964531438198493 0.006686301473332362 0.005254333594349798 0.002972036859594246 0.012269469186682263 0.005332020175393454 0.017457862372810905 0.009682937193999991 0.002935577082769812 0.007366644332133369 0.004085006976935787 0.011488875164091236 0.003068219519096974 0.000251729497675855 0.009572022626962049 0.001896313234023371 0.001853393421343828 0.015265817588859103 0.012924346172004117 0.000895033936481355 0.017202925270720267 0.004992049786058186 0.000085853446568336 0.002553829601066603 0.017163393188428768 0.013220536465531551 0.011309754108006692 0.012539217867885017 0.008801603532007143 0.002725839674409276 0.010596793458935910 0.009120750813077116 0.011348916841512126 0.012572347500635107 -0.000672822235764793 -0.001454214823760621 0.010081259169254940 0.003843321236155520 0.011682163834238524 0.016960893817078833 0.001099200238821352 0.007587436315760428 0.003534583831144850 0.006740277556811172 0.005176744457691566 0.001419957617445122 -0.000195782978474404 -0.000056951084587214 0.003678222844815863 0.005720721509475979 0.002022774513400884 0.015448148022282998
0.000000000000000000 0.000000000000000000 0.000000000000000000 0.000000000000000000 0.000000000000000000 0.000000000000000000 0.000000000000000000 0.000000000000000000 0.000000000000000000 0.000000000000000000 0.000000000000000000 0.000000000000000000 0.000000000000000000 0.000000000000000000 0.000000000000000000 0.000000000000000000 0.000000000000000000 1.000000000000000000 0.004974759516501432 0.003578123892013904 0.001683432277780905 0.015751052390171872 0.008453370178394577 -0.000373193323422086 -0.000324216931810422 0.013469081978435136 -0.000779990536863428 0.005165860641548937 0.007315942886207399 0.004479293973148446 0.015249243175954181 0.010675422599260718 0.004456549420955506 0.018336257392291451 0.007471030707680465 0.007140675233078307 0.005691503027347585 0.009085236019940060 0.002713813341164047 0.002949837971162442 0.009103544855934792 0.012582322503911810 0.009967557691734448 0.014441593953889604 0.008596691891239433 0.006802056323725646 0.004905314012976981 0.001899441072470916 0.000053463536054746 0.003881787015893998 0.000236578922946227 0.005749656399518387 0.014193865683783396 0.003814350876235104 0.016456571343144922 0.011413906988888566 0.015985760206403150 0.015956535861496923 0.012023360274405861 0.006464588048398292 -0.000532752178554606 0.011339837697228813 0.014402547232647276 0.005219611666929981 0.016324276935464652 0.011079757955376404 0.017937721231296000 0.018347993767026591 0.010203524987914955 -0.000115941365834160 0.001145016279819925 0.015168417887165286 0.003744514119233238 0.005450229713635743 0.008037931664052997 0.006303104564436424 0.001922351098020161 0.001994976117748490 0.007207590460135235 0.008493354018153492 0.018492914580554194 -0.000165799197227445 0.013707759017161831 0.000323919901623162 0.000910726681757611 0.013685432722308212 0.003475149461128461 0.006069988094441855 0.013892014914757155 -0.000115228560721641 0.003240490361209616 0.016412104274137286 0.005450638216194751 0.014378595207256754 0.006586728390497987 0.018430799526014934 0.006040890551382982 0.014481152650222831 0.010594844617755715 0.017571597487849162
0.000000000000000000 0.000000000000000000 0.000000000000000000 0.000000000000000000 0.000000000000000000 0.000000000000000000 0.000000000000000000 0.000000000000000000 0.000000000000000000 0.000000000000000000 0.000000000000000000 0.000000000000000000 0.000000000000000000 0.000000000000000000 0.000000000000000000 0.000000000000000000 0.000000000000000000 0.000000000000000000 1.000000000000000000 0.005431282100120609 0.017309744644962561 0.003751627263981661 0.018095342696114070 0.002448823952230683 0.004263204849799517 0.014708321716107116 0.013039464862524559 0.003167407954355289 0.014991207849682678 0.009915073918224073 0.012794873308133344 0.017273331598564538 0.001634592701758295 0.009007566324233763 0.000201014994560532 0.000503229645014643 0.002496119104772968 0.005760886868861364 0.007572726566017394 0.011511320078578366 0.005348645647860422 0.007084228109251036 0.004091521064722518 0.016058091227881145 0.001868054382644516 0.016352994486189085 0.007768055251889163 0.000167668123192700 0.006352508763320441 0.005658475909754251 0.007390773917510446 0.010075021739261454 0.003532968178087906 0.001699235435791117 0.002267766185879347 0.010338899428837429 0.008001686695922059 0.008252050977956251 0.002082879411742156 0.017582739618901815 0.007956939405522723 0.017688609651321647 0.017197671619082297 0.000903636549863862 0.003952275596452756 0.015678216202343286 0.011665482923058020 0.012393703914122900 -0.000919131043293435 0.008517233241525309 0.006940357921599838 0.005393037804598041 0.003156666848646826 0.009138433823388048 0.012078356125652608 0.014855632913970594 0.017361453057529931 0.014020807204062194 0.009780208813514969 0.012043186767783322 0.001320429236385484 0.006599453120783849 0.010652988974509559 0.000570820062199939 0.006417207241533014 0.011701783864958498 0.012127997692732886 0.014168532795836280 0.003643272903720417 0.018197820765444718 0.004718037119043954 0.003779755167409019 0.004675913270920568 0.017909414649623149 0.013548354044885417 0.013360064341254654 0.009443341006622129 0.001712023278616705 0.006033542838871988 0.000997876164990653
0.000000000000000000 0.000000000000000000 0.000000000000000000 0.000000000000000000 0.000000000000000000 0.000000000000000000 0.000000000000000000 0.000000000000000000 0.000000000000000000 0.000000000000000000 0.000000000000000000 0.000000000000000000 0.000000000000000000 0.000000000000000000 0.000000000000000000 0.000000000000000000 0.000000000000000000 0.000000000000000000 0.000000000000000000 1.000000000000000000 0.008872821575109767 0.007631444774668475 0.015055798447843716 0.014316482692388119 0.017842267451335020 0.000690699571939864 0.008782727903376589 0.010199408885880909 0.016762607110270021 0.004148849100781428 0.012750246226640727 0.008002636130598734 0.008104380032953124 0.007231699963832734 0.003997335893840418 0.004896579347760278 0.006256381974357914 0.005766982222149994 -0.000224103210682023 0.014336190358131419 0.008650445449072027 0.007411129488916231 -0.001389402465018416 -0.000982484499754860 0.006837467020428579 0.001633478200506445 0.002823784894535033 0.016581942697031619 0.012390049626062461 0.006692302352324066 0.012685878979849532 0.016182057120527209 0.000060647913562406 0.014453150010823810 0.009843608341560960 0.006293123234515944 -0.000508190482666070 0.010552517599558414 0.001785409097889212 0.015413527668158853 0.014510669664262848 -0.000236580373608964 0.011448470951070050 0.008959995575378349 0.005288239460513326 0.009112780845720441 0.011949848454584714 0.008729179584038457 0.011706557897360652 0.001195541278343303 -0.000222450239881787 0.010027405974402407 0.015920164273624714 0.006260736953509447 0.004564365745531387 0.013696429444838820 0.014455374458319186 0.005825727409443996 0.005453423797473106 -0.001405517462949184 0.003881820465362505 0.016734022803414895 0.004558658218208139 0.013900813038163446 0.000846970127705710 0.007353978156664525 0.012597027256599894 0.013271312189943318 0.003843833759721810 0.015460057646812972 0.001347243412298136 -0.000783995516316606 0.013712434316594913 0.009607868186998310 0.004003655632719942 0.000590642880256336 0.015460964310642162 -0.001011226721668613 0.010378791183981426 -0.000893563058141604
0.000000000000000000 0.000000000000000000 0.000000000000000000 0.000000000000000000 0.000000000000000000 0.000000000000000000 0.000000000000000000 0.000000000000000000 0.000000000000000000 0.000000000000000000 0.000000000000000000 0.000000000000000000 0.000000000000000000 0.000000000000000000 0.000000000000000000 0.000000000000000000 0.000000000000000000 0.000000000000000000 0.000000000000000000 0.000000000000000000 1.000000000000000000 0.010814187758070993 0.003453688563642858 0.015128110494459689 0.017892410503266749 0.002315406078358419 0.003386118720353504 0.003193423341899261 -0.000491127653183501 0.008627864692796210 0.009793059124950751 0.004604939032570704 0.000431105663597027 0.013909286619093046 0.012843049072500881 0.004693895883293814 0.004934793565398371 -0.001413168095466825 0.007253705326565037 0.013814847698228489 0.007725656640269605 0.010211526359986227 0.009255941128160023 0.000703912326725625 0.007378654856571574 0.001284939196786439 0.011771360058200762 -0.001359920952207138 0.007414936134913595 0.016512323193226403 0.012765690191446414 0.008196634391537505 0.001655990058743657 0.010320448496637170 0.014372383596726714 0.007040897399033242 0.012587418808499536 0.008921015075358451 0.006647347185044333 0.006283528042293796 0.005190950255357111 0.007458508311355630 0.009435005425338856 0.000693300230579654 0.004011755824597911 0.017147077209158569 0.017266112870595797 -0.000659252549042885 0.010148669753346948 0.000916292943854153 0.016549701010647080 0.013576810584973880 0.007880196502023441 0.012167631981164042 -0.000626638556008129 0.010454599380456836 0.002734772718174179 0.010511584890649996 0.010321400447985508 0.010942649541781757 0.004132951409119237 0.010969959734888493 0.014263702071018966 0.007762203914065496 0.003779095314841688 0.007611510981144386 0.007296106826481166 0.008191089488475016 -0.000181819172106329 0.010408975361690703 0.017946630197162899 0.013966440233443440 0.002390509993829816 0.006991796105255011 0.000077361002389671 0.018359685124365824 0.001008206317960207 0.013604340721046361 0.017143182808606289 0.015931518233053034
0.000000000000000000 0.000000000000000000 0.000000000000000000 0.000000000000000000 0.000000000000000000 0.000000000000000000 0.000000000000000000 0.000000000000000000 0.000000000000000000 0.000000000000000000 0.000000000000000000 0.000000000000000000 0.000000000000000000 0.000000000000000000 0.000000000000000000 0.000000000000000000 0.000000000000000000 0.000000000000000000 0.000000000000000000 0.000000000000000000 0.000000000000000000 1.000000000000000000 0.001736387540405983 0.016214051169230557 0.010243976445773975 -0.001088857689045467 0.001735303212021151 0.003083541254013210 0.015853503330974291 -0.000742442885265994 0.001436549658983046 0.001577909731527857 0.006216197971842239 0.009651597223877387 0.013335763594161739 0.007986504044001643 0.010294211870961767 0.016739234821044627 0.017019624577425844 0.006062965605105258 0.001063827879273023 0.016357035185965155 0.009004526966103077 0.000714772752389437 0.009226314660460453 0.003785105866670150 0.015203376852468321 0.007127712929088433 0.009204741608473219 -0.001037489474232420 0.003239200885210020 0.010318425462520119 0.008530505510927502 0.008140056008944593 0.011945464306003772 0.010174070657324764 0.012646690942540012 0.016786006003460092 0.001492268483224033 0.001865936335372263 0.015715624455779533 0.016968153122789167 0.010087521401356469 0.004369050101956465 -0.000568724054722287 0.017527468032261424 0.013353515799175396 0.018091645094820169 0.017509671196566462 0.011268301093973886 -0.000864570792920327 0.001326792432622134 0.017777472087175710 0.007733242349835021 0.017671590929738201 0.008808499996536760 0.005155934657726226 0.010775961595615214 0.017271291748337442 0.003388605701367173 0.002512460260636377 -0.000844561713384260 0.015181246568148662 0.014301816500450686 -0.000612081972664139 0.001064059330215370 0.003931620565581441 0.008879702830838172 0.004467021208272917 0.002962184639867393 0.009113492518312354 0.009845418217454343 0.015281594915358831 0.014037611217094358 0.007827847126187119 0.001849647160480665 0.003240586417506294 0.009278376739153726 0.001559770401052595 0.007308612828669838
0.000000000000000000 0.000000000000000000 0.000000000000000000 0.000000000000000000 0.000000000000000000 0.000000000000000000 0.000000000000000000 0.000000000000000000 0.000000000000000000 0.000000000000000000 0.000000000000000000 0.000000000000000000 0.000000000000000000 0.000000000000000000 0.000000000000000000 0.000000000000000000 0.000000000000000000 0.000000000000000000 0.000000000000000000 0.000000000000000000 0.000000000000000000 0.000000000000000000 1.000000000000000000 0.008749491909772646 0.005817933142151360 0.011477980675881870 0.015808171792420240 0.008212548790007651 0.016697078462743747 -0.000166851064068549 0.009458549170735081 0.007624153074311102 0.002473567701253664 0.008072050171812223 0.008490188817998203 0.001490737836326338 0.017608830948681188 0.001164325449037217 0.002899749715239229 0.017499403801065752 -0.000007127250671009 0.006237021159690440 0.010455570412333401 0.015378849300778106 0.003813899088505029 0.013010474238946492 0.003628028994478253 0.006844815894020588 0.006689171495350734 0.015477300677578416 0.012411413440834304 0.017531753374447383 0.008269608693917687 0.009880086366937359 0.002271882519094469 0.000568615695080871 0.014753802523430778 0.008427121363543027 0.002317433192373613 0.015319204249130181 0.002469996096445326 0.015780048403687255 0.014771714587389354 0.009752712107990613 -0.000700667260311812 0.001759193569696370 0.002796265910660887 0.016333912402095530 0.012104658439314036 0.012195979558376537 0.001585573439901810 0.007884761182527785 0.009366955675287265 0.014240207969398323 0.015444127730605767 0.008909115104110740 0.011205708138064624 0.013326579490836057 0.011651508080628033 0.009544200202864122 0.007915446386287198 0.001897206212662730 0.006280451270412793 0.001316795008362175 0.004922952156321814 0.003530691297358751 0.017322750147429143 0.001352757638680457 0.005691177142525579 0.000363465026182730 0.000655062993734426 0.009340257064172054 0.004857992374182221 0.000971642727535279 0.003017866872703689 0.012085416083076944 0.000229641895293471 0.017769684371566303 0.006465508578755919 0.000282293070647422
0.000000000000000000 0.000000000000000000 0.000000000000000000 0.000000000000000000 0.000000000000000000 0.000000000000000000 0.000000000000000000 0.000000000000000000 0.000000000000000000 0.000000000000000000 0.000000000000000000 0.000000000000000000 0.000000000000000000 0.000000000000000000 0.000000000000000000 0.000000000000000000 0.000000000000000000 0.000000000000000000 0.000000000000000000 0.000000000000000000 0.000000000000000000 0.000000000000000000 0.000000000000000000 1.000000000000000000 0.008069974988860716 0.007069220373045234 0.007916052169554750 0.004064205230058148 0.005485736066818220 0.012765434521730656 0.006971103917154680 0.015053038029026074 0.017756881338937117 0.002439703968459315 0.002829285888648230 0.002756822041805414 0.006227783364290963 0.011438355927142738 0.006701681785844321 0.007634643077705639 0.016285755714504770 0.002413091845474630 0.010931985831650023 0.012139906078403578 0.009438059705938718 0.006277228284293861 0.012256025939589009 0.010409098717375822 0.016034343414116616 -0.000238919261697384 0.013844344300227612 0.015668770084556357 0.011651652795931352 0.005010845525435189 0.016182494278142882 0.009063895084032856 0.003489026479459457 0.008604218497299101 0.003116734066181095 -0.001216374232784680 0.011809595307860092 0.016081028227634447 0.006940638325145658 0.001319986280730036 -0.001062063475057693 0.002169155611814421 0.014524245873170076 0.006336247296218483 -0.000804252938283191 0.015677582007790132 0.008654040849057394 0.003368470124375680 0.003819422377343608 0.000421530608156595 0.001606863007944881 0.006747151015287858 0.011140975087389817 0.000865322672819133 0.012622648617690463 0.016821660827941114 0.010492123387278911 0.001292460656958457 0.002787799058217024 0.017867421653974969 0.014543134017085371 0.002558822982489444 -0.000486645307306588 0.013136003173962683 0.005561363409869571 0.001718699848530191 -0.000399510839932513 0.007943539625356419 0.003681843695490727 0.012034557497418852 0.017156359310474129 0.002561682957431242 0.005791444466378069 0.004168959808270292 0.008698407214097795 -0.000530458674425965
0.000000000000000000 0.000000000000000000 0.000000000000000000 0.000000000000000000 0.000000000000000000 0.000000000000000000 0.000000000000000000 0.000000000000000000 0.000000000000000000 0.000000000000000000 0.000000000000000000 0.000000000000000000 0.000000000000000000 0.000000000000000000 0.000000000000000000 0.000000000000000000 0.000000000000000000 0.000000000000000000 0.000000000000000000 0.000000000000000000 0.000000000000000000 0.000000000000000000 0.000000000000000000 0.000000000000000000 1.000000000000000000 0.001055016014517730 0.004689448210257805 0.005579563947328330 0.015419443620160419 -0.000052403687113787 -0.000109552852439774 0.009364892656021129 -0.000614018204683929 0.009013929486486816 0.011224286590584619 0.016302698840930333 0.015636564764618593 0.011461749485414953 0.008248612191154992 0.000621698994705261 0.016788380179393814 0.015445963330974602 0.010963729647019763 0.005077510034497098 0.016410392262012609 0.008405025977663207 0.016743028339266632 0.000418419129544794 0.015906502959654362 0.014950890651087421 0.001949098708106334 0.011765590565314848 0.013374557647532898 0.001327660114604602 0.012457762375916023 0.009769607027040397 0.001222017637899117 0.003023940618596548 0.011568756843832547 0.012393846088716055 0.002159299373913300 -0.000204541500747024 0.005656456185234309 0.011894945693553118 0.014959240672238415 0.017152749565046820 0.012760106703274071 0.014688109345588151 0.013375891305482189 0.012306345317029321 -0.000395566750096931 0.000142404221817959 0.013006167148421210 0.010999046347782204 0.014265680773352817 0.009549049796722745 -0.000650899531819018 0.006816870967771927 0.008183556674504521 0.004033445536200552 0.001244274572374647 0.010141261161017793 0.007821828054729122 0.008498451833662910 0.001247483990243491 -0.000445504112276281 0.010016055988102332 0.009083933349115751 0.005904519874773420 0.001959863232887134 0.004951635294680794 0.012181804539657422 0.008049824032026951 0.015758242130139790 0.003990106256898143 0.016490925094435786 0.006929608320155720 0.018029712863653870 0.010985251391675360 0.017392602777284299
0.000000000000000000 0.000000000000000000 0.000000000000000000 0.000000000000000000 0.000000000000000000 0.000000000000000000 0.000000000000000000 0.000000000000000000 0.000000000000000000 0.000000000000000000 0.000000000000000000 0.000000000000000000 0.000000000000000000 0.000000000000000000 0.000000000000000000 0.000000000000000000 0.000000000000000000 0.000000000000000000 0.000000000000000000 0.000000000000000000 0.000000000000000000 0.000000000000000000 0.000000000000000000 0.000000000000000000 0.000000000000000000 1.000000000000000000 0.004381175902001979 0.003620353188069677 0.001391039822046783 0.007735934573923285 -0.000828492235331049 0.003163463903140655 0.004147544967928614 0.005615766321574458 0.014701467633586597 0.014695685505790800 0.003816480846514663 0.016684838318045472 0.014031320831640139 -0.000039010742545727 0.007192065760595953 0.013345933933559203 0.004026923213612318 0.003128003020768121 0.007997807264134175 0.001606980914632188 0.004986273222812355 0.000464322427353116 0.014504181426418654 0.010765195486682557 0.005953691249361382 0.014644846392837833 0.008681123013287075 0.012377148035364511 0.016225641978161433 0.000815929575368729 0.010766403478796926 0.008933398482253906 0.012406327756186549 0.001067300824096362 0.010613169018297910 0.010719054566620314 0.007771005366776326 0.014057380568885711 0.013954714793273917 0.008032215849310369 0.004419343392017550 0.013328584894284370 0.016281758110955946 0.001276776482891755 0.016648449597389120 0.011744841330038629 0.006051472306969898 0.012671732954668502 0.004536735647320761 0.000117743324218301 0.015138160877890600 -0.000315933399808279 0.001873183049093517 0.014186002169334293 0.001465788961104047 0.017213289011942121 0.011097122830309558 0.004808722385788634 0.004799408596796768 0.016268351894931383 0.010352584688170120 0.005118226147572103 0.016541655137613742 0.005718628267664766 0.000327949456393193 0.017712783344682539 0.007034813304764436 -0.001504816543140001 0.004405352657078666 0.003681899332316219 0.006156083917891312 0.011838404093497849 -0.001601715876693536 0.013095755688188085
0.000000000000000000 0.000000000000000000 0.000000000000000000 0.000000000000000000 0.000000000000000000 0.000000000000000000 0.000000000000000000 0.000000000000000000 0.000000000000000000 0.000000000000000000 0.000000000000000000 0.000000000000000000 0.000000000000000000 0.000000000000000000 0.000000000000000000 0.000000000000000000 0.000000000000000000 0.000000000000000000 0.000000000000000000 0.000000000000000000 0.000000000000000000 0.000000000000000000 0.000000000000000000 0.000000000000000000 0.000000000000000000 0.000000000000000000 1.000000000000000000 0.009082728116554663 0.014110530510243005 0.000081137763867696 0.011734493158791649 0.002115182785183867 0.002163256210343054 0.013415833974743285 -0.001072516381451168 -0.000317946847321357 -0.001461363081917744 0.017273319779903817 0.015778664160383853 0.009726601043062335 0.004312002759768602 0.017019579283535913 0.009562423121858470 0.010235089697907408 0.017438274710746635 -0.000543757904768278 -0.000437633418069041 -0.001096512075347348 0.012607612157133683 0.005303543356791235 -0.000109828486278412 0.015875251184700664 0.007539998145120457 0.008921815866327150 0.016290283055974790 0.005127840246052245 0.005463594098834957 0.003808359542725484 0.012682693008294974 -0.001418466301115085 0.015240735234605406 0.004659123497307699 0.008418534554484816 0.011061189939937412 0.006485716425254505 0.010928496358828281 0.016473446782934997 0.017091652431107478 0.007847040461420400 0.001620407566156882 0.015681907289883643 0.003965162329738019 0.014583861356024812 0.012143812872061158 0.007861542400634419 0.017556602645565272 0.009475044443026678 0.017634392948811198 0.013039840700609486 0.017578392912418528 0.016203823960988663 0.005819254650918729 0.006043986757605154 -0.001398265904988294 0.000734924428837224 0.017347242938321562 0.009337420929357167 0.016883795347864848 0.000492159004470712 0.000114974534339752 0.010640792212204443 0.013421610652632436 0.016016737899118932 0.017059110252808790 0.000331406210537716 0.001831528417647258 0.009937947758853514 0.003147099960419516 0.014270262281607212 0.009668600861121068
0.000000000000000000 0.000000000000000000 0.000000000000000000 0.000000000000000000 0.000000000000000000 0.000000000000000000 0.000000000000000000 0.000000000000000000 0.000000000000000000 0.000000000000000000 0.000000000000000000 0.000000000000000000 0.000000000000000000 0.000000000000000000 0.000000000000000000 0.000000000000000000 0.000000000000000000 0.000000000000000000 0.000000000000000000 0.000000000000000000 0.000000000000000000 0.000000000000000000 0.000000000000000000 0.000000000000000000 0.000000000000000000 0.000000000000000000 0.000000000000000000 1.000000000000000000 0.002141242205357761 0.008548771261771570 0.010467896336988511 0.015762704208304237 0.004254029255025884 0.004514484006217527 0.011360652352714065 0.009102902804327276 0.005225239176122252 0.002731490397777655 0.017122876021879573 0.005540509091887663 0.003928987959770557 0.017202773225722147 -0.000259882223550128 0.011777453994308367 0.015229105651967268 0.003960552229681974 0.016047930496514613 0.000990794063023860 0.015607731235619449 0.008064056619615907 0.001660573036498632 0.012882131720228866 0.000561293553201604 0.003384597017890507 0.007523781756507057 0.007350209376638538 0.014442315620784187 0.012707276686733153 0.012016471112650097 0.007184257196605639 0.017672627307392708 0.008551262091718777 0.016647319056938056 0.015051654314821084 0.000697174178541710 0.014574859755740825 -0.001468597116145480 0.005404580292158624 0.014807868831211447 0.004345620656745213 0.009616995169024841 0.011923950357910515 0.007507572589162258 0.008706113716587331 -0.001152921147315873 0.014126914402864343 0.006300165486145839 0.001745642596261548 0.013548457934134412 0.006610069874753565 0.010017950453614562 0.013445527512420724 0.013321184756200056 0.002286060088574350 0.016342209600235729 0.005387593888861299 0.000349862106070387 0.005814793320652392 0.017287923294976731 0.009954373289248857 0.003796609594213047 0.004187022588261879 0.005147137461211366 0.017072153803394732 0.004479945312137237 0.006043258105667597 0.016027544822151064 -0.000464665150378237 0.006555236595965513 0.003343820441411776
0.000000000000000000 0.000000000000000000 0.000000000000000000 0.000000000000000000 0.000000000000000000 0.000000000000000000 0.000000000000000000 0.000000000000000000 0.000000000000000000 0.000000000000000000 0.000000000000000000 0.000000000000000000 0.000000000000000000 0.000000000000000000 0.000000000000000000 0.000000000000000000 0.000000000000000000 0.000000000000000000 0.000000000000000000 0.000000000000000000 0.000000000000000000 0.000000000000000000 0.000000000000000000 0.000000000000000000 0.000000000000000000 0.000000000000000000 0.000000000000000000 0.000000000000000000 1.000000000000000000 0.015436712320007978 0.011611938984054507 0.014662207579140923 0.015813337809841177 0.002126806719174497 0.009546154207817896 0.002536981113981107 0.001749679310523735 0.010434105434312493 0.005193825187513539 0.012729250932672121 0.015354520211824893 -0.000582629526242731 0.012861507253073751 0.005590623015983981 0.001272220686183086 0.016666853027841062 0.016853296048183045 0.007966644893819650 0.016013235815333149 0.014085537410899117 0.010389225410961361 0.014884697937317752 0.008211700014076607 0.006652829166434223 0.011944457767121514 0.011805301572654681 0.014940746670276634 0.015356820207217540 0.015799809605522071 -0.000482484857311246 0.002874247839071032 0.009026396372136048 0.016348087813975599 0.001269445970573787 0.009636796112856186 0.004715613498368085 0.009558272489570469 0.008329898760109644 0.009246600652150551 0.015517854864006799 0.009547691351940706 0.006883215181513482 0.001750537076088388 0.000881680282400823 0.004267649143176697 0.016700930482040133 0.014691520184594067 0.016732165363262792 0.007810069593065325 0.016645183503986881 0.003773456615197383 0.016377107346895965 0.007940017877860975 -0.001710253182588419 0.010471289806597821 0.005233845268924877 0.002621237454750442 0.013774463571496347 -0.000318918351799023 0.001188596291768866 -0.000050347857448545 0.010471017712953480 0.016831486200795009 0.001514974032973705 -0.000842354376652387 0.000183765093195289 0.004127977186660594 0.006175919865411159 0.001292565579415735 0.010333309953727802
0.000000000000000000 0.000000000000000000 0.000000000000000000 0.000000000000000000 0.000000000000000000 0.000000000000000000 0.000000000000000000 0.000000000000000000 0.000000000000000000 0.000000000000000000 0.000000000000000000 0.000000000000000000 0.000000000000000000 0.000000000000000000 0.000000000000000000 0.000000000000000000 0.000000000000000000 0.000000000000000000 0.000000000000000000 0.000000000000000000 0.000000000000000000 0.000000000000000000 0.000000000000000000 0.000000000000000000 0.000000000000000000 0.000000000000000000 0.000000000000000000 0.000000000000000000 0.000000000000000000 1.000000000000000000 0.009534288083933015 0.015350769162521920 0.004969270599311291 0.012345988478037950 0.015117255420411063 0.016403423327042654 0.008731037796943236 0.008745824874095295 0.002474007711947699 0.004189968564755539 0.006391016672138343 0.003751398702477742 0.008932699997871369 0.009796543754018784 0.016455012124505328 0.006210896727707868 0.002845688149983836 0.004708555638058167 -0.001686883974169001 0.004012208243910088 0.013132277486530909 0.001697666406777126 0.007201192756839361 0.002445996129158472 0.004090302521738454 0.003665789769826208 -0.001977444354675758 0.000789290299310794 0.011465017674818497 0.004514890940608871 0.004790992873804327 0.012076649083579622 0.009575198190081447 -0.002137460130300748 0.006038516926002582 0.006353473088998376 0.003838692746984654 0.010780445538965724 0.008831984787001994 -0.002133620650347669 0.003044207277977117 0.010840393417544506 0.008614120279191062 0.006106093781871764 0.000719712359671509 -0.000291089699101836 0.011420079949663497 -0.000486601467576007 0.003870612368662787 0.003880851727227023 0.016765278956986613 -0.001775169585566855 0.013598636284178421 0.004144133884334684 0.000094275620974261 -0.000451419367407138 0.016753692862229910 0.007456380067726076 0.016125819414367980 0.007045332532740082 -0.000397279778487869 0.009249685563822127 0.009364807967096274 0.001754756293418401 0.014314329180120759 0.012466083713996726 0.014205802501223944 0.005442346357783238 0.015277384945036202 0.010565973498772273
0.000000000000000000 0.000000000000000000 0.000000000000000000 0.000000000000000000 0.000000000000000000 0.000000000000000000 0.000000000000000000 0.000000000000000000 0.000000000000000000 0.000000000000000000 0.000000000000000000 0.000000000000000000 0.000000000000000000 0.000000000000000000 0.000000000000000000 0.000000000000000000 0.000000000000000000 0.000000000000000000 0.000000000000000000 0.000000000000000000 0.000000000000000000 0.000000000000000000 0.000000000000000000 0.000000000000000000 0.000000000000000000 0.000000000000000000 0.000000000000000000 0.000000000000000000 0.000000000000000000 0.000000000000000000 1.000000000000000000 0.017218295571326071 -0.000916520811411821 0.007968321861546848 0.017112092687254315 0.012704411381955981 -0.000516273310204456 0.005951774808808903 0.009763844027880659 0.014830351334958627 0.015621043769369587 0.001231281657031447 0.003721380701034202 0.002064359007146612 0.003849905710549814 0.006767662982607670 0.010532279478169098 0.016814504634620149 0.003075581945083285 0.004258360432717411 0.016858331689316278 0.010324929718597102 0.013029740739062009 0.006775194589115495 0.001825697018256655 0.011892478938296903 0.003569212354464097 0.005316176122221237 0.016561251812855490 0.012240753591953507 0.003897219487400339 0.010895051702873771 -0.000801202723480152 0.001545060923328805 0.002826152476071453 0.013759672249369017 0.001782389578953349 -0.001136758834400232 0.007377104673456789 0.006289483767843132 0.003122962819751914 -0.001692352324580839 -0.001263118955703988 0.011563359503938810 -0.000869240344322311 0.004586790500843406 0.004104534489501775 0.010484641245500539 0.003216717052958532 -0.001953521220954973 0.014286086246627583 0.009827911224060808 0.010275628939584232 0.008028509365523526 0.013663348323873531 0.001295857915373012 0.012274665133302828 -0.002298386700504762 0.013136649529352201 -0.000011624020617127 0.005819271016988456 0.010005389660564239 -0.002572739367769392 -0.000829845433665616 0.016076684362830728 0.004300010481237600 0.016476422293574371 0.016211341820496727 0.009018221828514222 0.001870227117498488
0.000000000000000000 0.000000000000000000 0.000000000000000000 0.000000000000000000 0.000000000000000000 0.000000000000000000 0.000000000000000000 0.000000000000000000 0.000000000000000000 0.000000000000000000 0.000000000000000000 0.000000000000000000 0.000000000000000000 0.000000000000000000 0.000000000000000000 0.000000000000000000 0.000000000000000000 0.000000000000000000 0.000000000000000000 0.000000000000000000 0.000000000000000000 0.000000000000000000 0.000000000000000000 0.000000000000000000 0.000000000000000000 0.000000000000000000 0.000000000000000000 0.000000000000000000 0.000000000000000000 0.000000000000000000 0.000000000000000000 1.000000000000000000 0.015859443194246137 0.009196954186307888 0.006392874674071207 0.006667250991033303 -0.001493609437798894 0.016945998410291964 0.015061307572630682 0.010794187143239509 0.009267919103184152 0.008998292408845320 0.000947615005705210 0.010326591684849258 0.011617274053572605 0.007687024686743593 0.007964415308862247 0.002633874856570662 0.009569617273594956 0.009745839099532876 0.000364708790157515 0.009953050447411883 0.002239978180490852 0.000361077754118080 0.000917669907403353 0.006145344409125197 0.004645011270637521 0.006088553049456818 -0.001236213184801094 -0.001455111263638709 0.015748936308152595 0.011830602432799387 0.007984453541395493 0.013525894588878817 0.010185960422220560 0.006262401518221666 0.012392156801008997 0.010459487523799948 -0.000684992477123234 0.001722514018994397 0.001765673878639279 0.001153362580101437 0.007142679336215385 0.009003059000658814 -0.000791023954926505 0.006057996031497338 0.008272615515838964 0.000278931331376642 0.011825347272107940 -0.000144186028699041 0.000693628868233549 0.009830970967453539 -0.000249483012882931 0.014200952195538288 0.014977546920726165 0.005736290462181858 0.006224788642527935 0.000305407259457559 0.000578187525483602 0.005087571881334979 0.001301041474575781 0.010954453135818500 0.006910486640114401 0.002351045279139834 0.013271571842247205 0.010185512921282319 0.005756092049971607 0.011473780443357484 0.014718553191477047 0.005310955161317413
0.000000000000000000 0.000000000000000000 0.000000000000000000 0.000000000000000000 0.000000000000000000 0.000000000000000000 0.000000000000000000 0.000000000000000000 0.000000000000000000 0.000000000000000000 0.000000000000000000 0.000000000000000000 0.000000000000000000 0.000000000000000000 0.000000000000000000 0.000000000000000000 0.000000000000000000 0.000000000000000000 0.000000000000000000 0.000000000000000000 0.000000000000000000 0.000000000000000000 0.000000000000000000 0.000000000000000000 0.000000000000000000 0.000000000000000000 0.000000000000000000 0.000000000000000000 0.000000000000000000 0.000000000000000000 0.000000000000000000 0.000000000000000000 1.000000000000000000 0.001022708818968538 0.007691972337811214 0.002487158893249756 0.011893709283220782 0.008487558633225849 0.011950326639065416 -0.001314844943529974 0.012111289270682772 0.002962060766697932 0.001833592755769473 0.010300579962693051 0.000546739716101329 0.001641116518182706 0.010047803539146976 0.006101859343414754 0.008049883379169537 0.002331391893197505 0.009180081458112775 0.006701799790157677 0.011319132777898654 0.007606248402905926 0.002530721101807218 -0.000118888569150752 0.015104528376974478 0.005212544802867942 0.014472418745595059 -0.000124886698141107 0.014297771522865356 0.013042438342660100 0.005264391195710003 0.013702997094974908 0.011954427046912556 0.006795425358589986 0.014136129168179369 0.016215703691532826 0.005879251144128685 0.002887822523488585 0.015015623771169117 0.000409074511398864 0.011781625699992252 0.008920247311327669 -0.001522017795941503 0.002667510292964166 0.004736478594146254 0.011867737606267543 0.012886104042968246 0.002982977998302731 0.015411437387665117 -0.000476841596611310 0.013777216312095454 0.010784037739680561 0.008577168704079902 0.000817163980053068 0.006539709999429922 0.006904337553029082 0.007900756636584997 0.008955363669968196 0.008100416280891981 0.001374164575442721 -0.000603990106050061 -0.001342464543074725 0.000482662938926981 0.010561705201696471 0.016420648744293474 0.005957258342739765 0.010086559369189381 0.017555973622341049
0.000000000000000000 0.000000000000000000 0.000000000000000000 0.000000000000000000 0.000000000000000000 0.000000000000000000 0.000000000000000000 0.000000000000000000 0.000000000000000000 0.000000000000000000 0.000000000000000000 0.000000000000000000 0.000000000000000000 0.000000000000000000 0.000000000000000000 0.000000000000000000 0.000000000000000000 0.000000000000000000 0.000000000000000000 0.000000000000000000 0.000000000000000000 0.000000000000000000 0.000000000000000000 0.000000000000000000 0.000000000000000000 0.000000000000000000 0.000000000000000000 0.000000000000000000 0.000000000000000000 0.000000000000000000 0.000000000000000000 0.000000000000000000 0.000000000000000000 1.000000000000000000 0.007596633130249794 0.012186935864390661 -0.000126049055821728 0.015841427306831444 -0.000601811566323588 0.007779947413956741 -0.000124404258097501 0.009733091767853832 0.016863719002236169 0.003453466220420059 0.014558991162593612 -0.000764010419490353 0.004610202770539867 0.017180904111443636 0.016631627117356811 0.003928349524487120 0.002246903019606839 0.004288925831734429 0.010107051638115878 0.013912729315610554 0.006880676721425190 0.001527334354972352 0.004092255682105719 0.004740432972008803 -0.001168004768883472 -0.000792092401588056 0.011881133670458198 0.003868865693336773 -0.000121793174377414 0.008366639313075174 0.015112016977748791 -0.000277288279155531 0.012435852519965608 0.010947795601954123 0.013493301274480183 -0.001313085451552081 0.011674535025921098 0.002166645937700436 0.002681296819676356 0.008094468348423518 0.007558652358112870 0.004480269176863646 -0.000054533834498332 0.016741504034886064 0.001698224339910874 0.004874945009509349 -0.000717271857704232 0.007028338852800999 0.004102663525829328 0.008415715292640309 0.011500027866813265 0.008885388609268829 0.005000814165141842 0.001177233127987370 0.008694394476162886 0.001800845424109782 -0.001767868966946021 0.012493794852919479 0.010611426860980398 0.000017959500940635 0.012252614657408975 0.001753237754727342 -0.002401745949485142 0.014497583618631956 0.016655485837552778 0.011751550804614107
0.000000000000000000 0.000000000000000000 0.000000000000000000 0.000000000000000000 0.000000000000000000 0.000000000000000000 0.000000000000000000 0.000000000000000000 0.000000000000000000 0.000000000000000000 0.000000000000000000 0.000000000000000000 0.000000000000000000 0.000000000000000000 0.000000000000000000 0.000000000000000000 0.000000000000000000 0.000000000000000000 0.000000000000000000 0.000000000000000000 0.000000000000000000 0.000000000000000000 0.000000000000000000 0.000000000000000000 0.000000000000000000 0.000000000000000000 0.000000000000000000 0.000000000000000000 0.000000000000000000 0.000000000000000000 0.000000000000000000 0.000000000000000000 0.000000000000000000 0.000000000000000000 1.000000000000000000 0.011788180355470869 0.010852341975108225 0.000227566534447386 -0.001273669266460927 0.006717182616098496 -0.001400751285557194 0.005193924471277060 0.008993354153961752 0.006388879924945880 0.004960262230350607 0.012972631268190045 0.008776232611790431 0.008368190215793022 0.005034113344541537 -0.002371320374391211 0.014396506485155065 0.015889019524453919 0.008680420623011347 0.017457110762757289 0.011760684579801827 0.014300218374620465 0.011728738175713401 0.012553358510854503 0.014530537516094580 0.003510600105859402 0.016246665571418878 0.004536344556763797 0.013632072671463625 0.002201108383050451 0.009276923250728767 0.010789301027857547 0.012359802338546227 0.006583580647329928 0.000679947419155319 0.004005203538153667 0.008067028731395488 0.008642342229497219 0.011778327874493452 0.009470480780556888 0.010535872174401301 0.002983648930207583 0.001917864575382480 0.012084016316438056 0.007685606715667802 0.002542384696100799 0.014120482182224876 0.012710959835117703 0.014850240380512239 0.001211913999918552 0.006560322976779371 0.003661194701695648 0.016279554633139858 0.001622110199700628 0.008986713079176912 0.002290387752433119 -0.000333090360176351 0.001762169119487999 0.007652181474679960 0.000267691140986349 -0.001709127974328565 0.000762902346421825 0.010123216147850543 -0.001807035971160912 0.000862024747108789 -0.002454123053981759
0.000000000000000000 0.000000000000000000 0.000000000000000000 0.000000000000000000 0.000000000000000000 0.000000000000000000 0.000000000000000000 0.000000000000000000 0.000000000000000000 0.000000000000000000 0.000000000000000000 0.000000000000000000 0.000000000000000000 0.000000000000000000 0.000000000000000000 0.000000000000000000 0.000000000000000000 0.000000000000000000 0.000000000000000000 0.000000000000000000 0.000000000000000000 0.000000000000000000 0.000000000000000000 0.000000000000000000 0.000000000000000000 0.000000000000000000 0.000000000000000000 0.000000000000000000 0.000000000000000000 0.000000000000000000 0.000000000000000000 0.000000000000000000 0.000000000000000000 0.000000000000000000 0.000000000000000000 1.000000000000000000 0.007216396703922345 0.005199590508834038 0.006473890615412684 -0.001247445750031441 0.013676034723322666 0.014807004918704658 -0.000881615693647372 0.014726191700723193 0.001148721405205986 -0.000155901564233648 0.010050502463933703 0.004674612114324419 0.001512213956331815 0.017678712375277586 0.011160564680424616 -0.000830203430917917 0.014716055422190873 0.002325011704653285 0.009224472260533422 0.009460752402291548 0.004938348227610461 0.010035759662617594 0.018351501151518766 0.016367236149754549 -0.000532627848580702 0.014978576927753031 0.002135418565319190 0.004816764211469111 -0.000108711226218931 0.002966216883222852 0.011405712923102896 0.016806704180039402 0.007839280206391292 0.001301934009011548 0.004482528167132691 0.010315112734071914 0.011859337084649906 0.016390195651557547 0.009110751928261858 0.002593409563492807 0.006433868533193919 -0.001126193659411793 0.012341309780016310 0.003590626405245954 0.000273141784254042 0.009989351075775380 0.015948448147783012 0.009290783956094758 0.002081928533000778 -0.001665590105492609 0.013681443188196625 0.006563442053113711 0.002636822565481406 0.001157018480696717 0.009739784676615716 -0.000267994922440326 0.012433005940593614 0.014958770740065455 0.013062492196898102 0.015236168251525248 0.016296138132334530 0.010123845189365505 0.014972355186465322 0.009330198534231478
0.000000000000000000 0.000000000000000000 0.000000000000000000 0.000000000000000000 0.000000000000000000 0.000000000000000000 0.000000000000000000 0.000000000000000000 0.000000000000000000 0.000000000000000000 0.000000000000000000 0.000000000000000000 0.000000000000000000 0.000000000000000000 0.000000000000000000 0.000000000000000000 0.000000000000000000 0.000000000000000000 0.000000000000000000 0.000000000000000000 0.000000000000000000 0.000000000000000000 0.000000000000000000 0.000000000000000000 0.000000000000000000 0.000000000000000000 0.000000000000000000 0.000000000000000000 0.000000000000000000 0.000000000000000000 0.000000000000000000 0.000000000000000000 0.000000000000000000 0.000000000000000000 0.000000000000000000 0.000000000000000000 1.000000000000000000 -0.000223837000263874 0.002923284824567803 0.012451498572037598 0.007595708429141211 0.010170563180119005 0.004460843251696049 0.006275941181279492 0.006967552296352617 0.006836787522688982 0.005382401181372664 -0.000972470806923336 0.001063926841002900 -0.000446858692286396 0.012483356657514991 0.010994150624299525 0.015399096280870236 -0.001883652386280483 -0.001662025367768182 0.012075603108305273 0.016440036875367332 -0.000161784134595939 0.002900960496510621 0.006252379286779100 0.007300750416935150 0.006585363152794913 -0.000796357451832816 -0.001686662655631987 0.015518328688280762 0.006909581390295241 0.010633699953700072 0.008955560280197828 0.008156365963098162 0.006372550381909394 0.004414425114441153 0.003709477105277196 0.001510531858280357 -0.000646778521173961 0.014158739158536150 0.001409356196250846 0.006414961063910185 0.002341496805492251 -0.002398307862186505 0.012493155399264339 0.008951664500953018 0.007385472606496604 0.001432345234491894 0.009376758693388776 0.013843211175564283 0.010264419305818208 -0.001715956355712524 -0.002541066678586851 0.006446653434404187 0.014286361804234220 0.003347660677862314 0.008271644983029519 0.003994538539367234 0.000677339816660388 0.016115821293459575 0.002871397116226273 0.008020021137917220 0.003368330333619286 0.014203584402339457 0.000788924565582851
0.000000000000000000 0.000000000000000000 0.000000000000000000 0.000000000000000000 0.000000000000000000 0.000000000000000000 0.000000000000000000 0.000000000000000000 0.000000000000000000 0.000000000000000000 0.000000000000000000 0.000000000000000000 0.000000000000000000 0.000000000000000000 0.000000000000000000 0.000000000000000000 0.000000000000000000 0.000000000000000000 0.000000000000000000 0.000000000000000000 0.000000000000000000 0.000000000000000000 0.000000000000000000 0.000000000000000000 0.000000000000000000 0.000000000000000000 0.000000000000000000 0.000000000000000000 0.000000000000000000 0.000000000000000000 0.000000000000000000 0.000000000000000000 0.000000000000000000 0.000000000000000000 0.000000000000000000 0.000000000000000000 0.000000000000000000 1.000000000000000000 -0.000435342931314475 0.012681102074763365 0.000464591970169519 0.009919529163337335 0.001266460568501316 0.015853192445320928 0.004242103122900235 0.013976233318809286 0.007725930857061271 0.014668394074028035 0.014816628851045040 0.007171835907058494 0.004147742795509328 0.010260467711522057 0.010344244634054742 0.013230130513541901 0.003311112249275044 -0.001984197327245257 0.010546778588541363 0.005950094386940727 0.014851363191830842 0.004949298530468320 0.007016368261210252 0.006347311217601272 0.002951470016419132 0.005470057700113941 0.004234196784502229 0.003957607073863319 0.011611409456072471 0.014803597522050668 0.004077342204340014 0.009640571219851112 0.000368790557684488 0.002530982734775492 0.000141460675580788 0.012130262310183548 0.015404975354145811 0.005039734714998749 0.006075109758861711 0.009999879277487023 -0.000025335987763114 0.011991224938050139 0.000413538124761011 0.010909173471851373 0.015566141473431171 0.009305514589705459 0.001507788015455591 0.011614925561559776 0.003991597933924037 0.009655129255180700 0.013421067748379254 0.004414926167888745 0.011594466964327043 0.010721675518984241 0.014712154435624049 0.014527030625893216 0.008942723944020322 0.012094305410077969 -0.000157983596482721 0.013458008864852020 0.008972985882502211 0.012854546970091378
0.000000000000000000 0.000000000000000000 0.000000000000000000 0.000000000000000000 0.000000000000000000 0.000000000000000000 0.000000000000000000 0.000000000000000000 0.000000000000000000 0.000000000000000000 0.000000000000000000 0.000000000000000000 0.000000000000000000 0.000000000000000000 0.000000000000000000 0.000000000000000000 0.000000000000000000 0.000000000000000000 0.000000000000000000 0.000000000000000000 0.000000000000000000 0.000000000000000000 0.000000000000000000 0.000000000000000000 0.000000000000000000 0.000000000000000000 0.000000000000000000 0.000000000000000000 0.000000000000000000 0.000000000000000000 0.000000000000000000 0.000000000000000000 0.000000000000000000 0.000000000000000000 0.000000000000000000 0.000000000000000000 0.000000000000000000 0.000000000000000000 1.000000000000000000 0.003753740323989453 0.004880237879707676 -0.001871231007212560 0.002624646889011069 0.010697333246910414 0.004192866606797485 -0.001311235962019472 -0.001110478116694424 0.000660945742507352 0.000684317352651613 0.008437995107111230 0.005930151940954960 0.008843757159924318 0.008580719019330938 0.016217131555017906 0.016569312188291455 -0.000681589748047185 0.008333857709142458 0.005100238149907975 0.005954770623188340 0.001844397741359178 0.008665907727211991 -0.000912641471473130 0.014343395523224729 0.000267677163128828 -0.000311048990464860 0.011015912073242779 0.004014729860407319 0.006105893298375892 -0.002040348666659566 0.003251263860496940 -0.001999138797854319 0.015354300827192182 -0.002014723959646449 0.000841244861871556 0.005068320095343924 0.004269660531905002 -0.000124120169657332 0.015322648130439410 0.003685956868159197 0.013183607457475679 0.003457599129931677 -0.001041225160578220 0.005594084362781835 -0.001645166882166341 0.013249136684595283 0.006006778906136253 0.009226546815783696 0.014576612225440978 0.015855836749690596 0.011622456160751962 0.009292709295683363 0.006072846752269524 0.001504072816815242 0.009555704529185204 0.006043096771213641 0.007111015279216362 0.010643513699626806 0.000693552781517822 0.010369498708769565 0.015742530719827678
0.000000000000000000 0.000000000000000000 0.000000000000000000 0.000000000000000000 0.000000000000000000 0.000000000000000000 0.000000000000000000 0.000000000000000000 0.000000000000000000 0.000000000000000000 0.000000000000000000 0.000000000000000000 0.000000000000000000 0.000000000000000000 0.000000000000000000 0.000000000000000000 0.000000000000000000 0.000000000000000000 0.000000000000000000 0.000000000000000000 0.000000000000000000 0.000000000000000000 0.000000000000000000 0.000000000000000000 0.000000000000000000 0.000000000000000000 0.000000000000000000 0.000000000000000000 0.000000000000000000 0.000000000000000000 0.000000000000000000 0.000000000000000000 0.000000000000000000 0.000000000000000000 0.000000000000000000 0.000000000000000000 0.000000000000000000 0.000000000000000000 0.000000000000000000 1.000000000000000000 0.001722314273571424 0.014676599925474518 0.006815861784437277 0.006652737722600143 0.008610954180101714 0.001666159370919898 0.002193232450719422 0.001024966517959997 -0.001831883761742215 0.009931150042130941 0.007857056804685850 0.013047839170945170 0.016194045020257675 0.011026170296560719 0.015088414136576101 -0.002069487126786648 0.001567378045003860 0.007019219055785188 0.002710821019521136 0.001341182899838706 0.010418076133190854 0.007025578293309979 0.015413247543664821 0.007604304568648286 0.011385582746939767 -0.002471733591065377 0.013159158560416358 0.006006079007802846 0.007958168910621292 0.004664834996097660 0.009913122947027814 0.009661963089070259 0.007977378403758223 0.000183468933250375 0.004105526680587977 0.008393150684647806 -0.000558945334619290 0.010603520804420650 0.005241832789656595 0.003466450535837463 0.008701297314173783 0.003165002831402137 0.009766394561827006 0.016283296385054710 0.016986138332914218 0.008704112512097763 0.008040183633351813 0.012969846500761122 0.005031062484089357 0.011239778011045330 0.017468670772349433 0.006739682201306582 0.001576195108669531 0.007818183943401913 0.006986254790408659 0.009549614412190495 0.008887516001216341 0.002776051877534069 0.007359775530574241 0.007261833033729343
0.000000000000000000 0.000000000000000000 0.000000000000000000 0.000000000000000000 0.000000000000000000 0.000000000000000000 0.000000000000000000 0.000000000000000000 0.000000000000000000 0.000000000000000000 0.000000000000000000 0.000000000000000000 0.000000000000000000 0.000000000000000000 0.000000000000000000 0.000000000000000000 0.000000000000000000 0.000000000000000000 0.000000000000000000 0.000000000000000000 0.000000000000000000 0.000000000000000000 0.000000000000000000 0.000000000000000000 0.000000000000000000 0.000000000000000000 0.000000000000000000 0.000000000000000000 0.000000000000000000 0.000000000000000000 0.000000000000000000 0.000000000000000000 0.000000000000000000 0.000000000000000000 0.000000000000000000 0.000000000000000000 0.000000000000000000 0.000000000000000000 0.000000000000000000 0.000000000000000000 1.000000000000000000 0.012648497914820377 0.000696117142138489 0.002656263652133060 0.008314655153632371 0.002655430879075340 0.014122777711945832 0.009154191679598536 0.007852431263978917 0.002280005179523387 0.015781101512831179 0.014722152669831940 -0.000372994964371544 0.002994050690644145 0.009942064219415112 0.003083857900990327 0.015425985628531497 0.000134826414421186 0.016560245451511725 0.016710739663070864 0.014029141130634221 -0.001662283818653938 0.007579856898462120 0.008613324791835365 0.009359712771510481 0.015244624026824341 -0.001191401293990561 0.001769499272295256 0.012334582760510051 -0.000509628070411917 0.011957328389310538 0.004970562726731902 0.009000398582402773 0.009612623299595998 0.011096045986090999 0.012009345525056028 0.006574986497751547 0.007816559550416310 0.016439564839013977 0.008599727908075051 -0.003001462120008938 0.011500912192644307 0.009886012847397926 0.000075908576138095 0.007362801266176867 -0.001643057117140158 0.002660775192106013 -0.001330623096736280 0.009123028915954918 -0.001943270261504639 0.001943963151588539 0.009128735210165693 0.000151004695950588 -0.000095719305670008 0.001445127115235540 -0.001475400699539321 0.014884809235003049 0.000050675408189323 0.005805410847098942 -0.001251167001485283
0.000000000000000000 0.000000000000000000 0.000000000000000000 0.000000000000000000 0.000000000000000000 0.000000000000000000 0.000000000000000000 0.000000000000000000 0.000000000000000000 0.000000000000000000 0.000000000000000000 0.000000000000000000 0.000000000000000000 0.000000000000000000 0.000000000000000000 0.000000000000000000 0.000000000000000000 0.000000000000000000 0.000000000000000000 0.000000000000000000 0.000000000000000000 0.000000000000000000 0.000000000000000000 0.000000000000000000 0.000000000000000000 0.000000000000000000 0.000000000000000000 0.000000000000000000 0.000000000000000000 0.000000000000000000 0.000000000000000000 0.000000000000000000 0.000000000000000000 0.000000000000000000 0.000000000000000000 0.000000000000000000 0.000000000000000000 0.000000000000000000 0.000000000000000000 0.000000000000000000 0.000000000000000000 1.000000000000000000 0.006930052884890743 0.004593062050713205 -0.000693506465402429 0.011591674246355948 0.015024959896151633 0.015251363337953938 0.013986798254822588 0.013636589530567877 0.005786122559164566 0.013932282308614518 -0.002348333402293801 0.007003383854952786 0.001107078870720609 -0.001163052198685261 -0.000444019687622886 0.005719438690350578 -0.001095260995962432 0.002814631683188629 -0.000282006402956060 0.011556577842064368 0.000382507926105605 0.003400682788792545 0.013245080634290314 -0.002874915368979008 0.003440858661149780 0.007650537252666316 0.010119278227593781 0.015500476687877881 0.007028506390688880 0.016826284719462809 0.005665413575970526 0.008316210967862439 0.007289300226400346 0.011369072722814415 0.013744435770723993 0.013621375047949769 0.009577616503624858 0.003009237920101539 0.001033868935670689 0.002094442759925539 0.005797476101933875 0.012832269695424602 0.015095646737945567 0.001140305590123532 0.004584557279987052 0.004169415716982054 0.008449367689109758 0.012578319408069707 0.006553404941524454 0.013623360464596553 -0.002026615068513131 0.006900714760979984 0.014591318912736949 0.007703896544256436 0.011912524773284536 0.015867258573282216 0.010203897283254154 0.009395431525567972
0.000000000000000000 0.000000000000000000 0.000000000000000000 0.000000000000000000 0.000000000000000000 0.000000000000000000 0.000000000000000000 0.000000000000000000 0.000000000000000000 0.000000000000000000 0.000000000000000000 0.000000000000000000 0.000000000000000000 0.000000000000000000 0.000000000000000000 0.000000000000000000 0.000000000000000000 0.000000000000000000 0.000000000000000000 0.000000000000000000 0.000000000000000000 0.000000000000000000 0.000000000000000000 0.000000000000000000 0.000000000000000000 0.000000000000000000 0.000000000000000000 0.000000000000000000 0.000000000000000000 0.000000000000000000 0.000000000000000000 0.000000000000000000 0.000000000000000000 0.000000000000000000 0.000000000000000000 0.000000000000000000 0.000000000000000000 0.000000000000000000 0.000000000000000000 0.000000000000000000 0.000000000000000000 0.000000000000000000 1.000000000000000000 0.005131510527180996 0.015058080156493738 0.005183995840931012 0.003615119254163290 0.015929355385444963 0.000588158406885076 0.011404107606993796 0.008841734633149068 0.012943998192921094 0.005022041283419185 0.000605285030451972 -0.002940231166026570 0.005209389547125840 0.002823678157909022 0.010208140103277998 0.007079396934999531 0.010523410347946370 0.005039463980029290 0.010797552374207032 0.011187739801548023 0.003465970885505557 0.001124011970027742 0.001888548685632745 0.015618471796067590 0.002765274578821226 0.002309945192175990 -0.000845806970636900 0.011730078921505040 0.016389571452221200 0.002269615016415120 0.005291709791503572 0.005999857825388307 -0.002339817717223990 -0.000778990413423439 0.016431884019023398 -0.000077263879162012 0.013765968873574452 0.013071427523467362 0.000216080150782887 0.013617675642928460 0.000446987964969732 0.014619149301904198 0.005683590897254014 0.006711954963297332 0.003639085072724872 0.016683350152780368 -0.000284921175380137 0.005672614994034830 -0.002434242988613782 0.008423033818702139 0.007759849917083892 0.015274956335037808 0.001242897767569470 0.016000103710308824 0.015614083352819526 0.015118378484014228 0.008291765525008855
0.000000000000000000 0.000000000000000000 0.000000000000000000 0.000000000000000000 0.000000000000000000 0.000000000000000000 0.000000000000000000 0.000000000000000000 0.000000000000000000 0.000000000000000000 0.000000000000000000 0.000000000000000000 0.000000000000000000 0.000000000000000000 0.000000000000000000 0.000000000000000000 0.000000000000000000 0.000000000000000000 0.000000000000000000 0.000000000000000000 0.000000000000000000 0.000000000000000000 0.000000000000000000 0.000000000000000000 0.000000000000000000 0.000000000000000000 0.000000000000000000 0.000000000000000000 0.000000000000000000 0.000000000000000000 0.000000000000000000 0.000000000000000000 0.000000000000000000 0.000000000000000000 0.000000000000000000 0.000000000000000000 0.000000000000000000 0.000000000000000000 0.000000000000000000 0.000000000000000000 0.000000000000000000 0.000000000000000000 0.000000000000000000 1.000000000000000000 -0.000671757488723605 0.014228632091794775 0.011475176543581732 0.005750383460172460 0.010139935273630558 0.011184406960205227 0.012563091524634137 0.007118999922335658 0.005763520199645713 -0.001521207312223700 0.010971055828483579 0.017166799413842620 0.010240941420809349 -0.001852751094992211 0.007534809628890081 0.004617450920007041 0.008829581846563950 0.001549814569846264 0.015902712895375499 -0.001512177077651601 0.008789561061111678 -0.002008284743397965 0.015186619965257202 0.013153252540465657 0.004907215264206006 -0.001444365779497822 0.010077150622928384 -0.002634961024879568 0.011192871729338517 0.008469605886729166 0.010204356459312735 0.010208473850321207 0.008302938596128191 0.009251105464785336 -0.002018752553031948 0.004708041344445169 0.010092214239022733 0.003177493781019604 0.005977958632216086 -0.001714313063502778 0.013826003325126100 0.014302799178419272 0.001614222143400872 0.002123575124590037 0.001933538048545465 0.008178759374900171 0.006151866941966838 0.007660576915421824 0.012669862204533301 0.006201043253882310 0.013140243714420106 0.008293240885268427 0.005279909159731138 -0.001840031903496437 0.003330257671658896 0.014945222120872995
0.000000000000000000 0.000000000000000000 0.000000000000000000 0.000000000000000000 0.000000000000000000 0.000000000000000000 0.000000000000000000 0.000000000000000000 0.000000000000000000 0.000000000000000000 0.000000000000000000 0.000000000000000000 0.000000000000000000 0.000000000000000000 0.000000000000000000 0.000000000000000000 0.000000000000000000 0.000000000000000000 0.000000000000000000 0.000000000000000000 0.000000000000000000 0.000000000000000000 0.000000000000000000 0.000000000000000000 0.000000000000000000 0.000000000000000000 0.000000000000000000 0.000000000000000000 0.000000000000000000 0.000000000000000000 0.000000000000000000 0.000000000000000000 0.000000000000000000 0.000000000000000000 0.000000000000000000 0.000000000000000000 0.000000000000000000 0.000000000000000000 0.000000000000000000 0.000000000000000000 0.000000000000000000 0.000000000000000000 0.000000000000000000 0.000000000000000000 1.000000000000000000 -0.001487340319918566 0.004585591326450161 -0.002653711273762806 0.002071530684752181 0.016541238692595366 0.011111326063311493 0.004106506865110484 0.014077390517716648 0.002851907357980270 0.000159601127521109 0.011532223874679453 0.013973558100720394 0.008713132987682963 -0.001916222158556359 -0.000549184123711789 0.004929909776463592 0.008424215320544022 0.009878323428186186 0.010261760178188827 0.008096822716519502 0.003035758270691584 -0.003227442375327778 0.016114413475207378 0.013157245620617649 0.015226794564584940 0.005234934092070762 -0.002270250383785458 0.005526368393284365 0.003666777730837479 0.006450167002248536 0.014932699668622557 -0.000931778679781073 0.011433946753730053 -0.002196507754470612 0.013471266825341265 0.004239338909841088 0.001443685247647822 0.004901432444500820 0.002594574323290614 0.014096695505511493 0.011270502536413780 -0.002312727699519873 0.007818186540419676 0.005984477521553559 0.015794738048367084 0.008969428876352428 -0.001972475691690306 0.013676106596582516 0.011835556916469243 -0.001368459236646665 0.017027471487549503 -0.002003013307089795 0.000791304733357912 -0.001238871517973431 0.004636487511901967
0.000000000000000000 0.000000000000000000 0.000000000000000000 0.000000000000000000 0.000000000000000000 0.000000000000000000 0.000000000000000000 0.000000000000000000 0.000000000000000000 0.000000000000000000 0.000000000000000000 0.000000000000000000 0.000000000000000000 0.000000000000000000 0.000000000000000000 0.000000000000000000 0.000000000000000000 0.000000000000000000 0.000000000000000000 0.000000000000000000 0.000000000000000000 0.000000000000000000 0.000000000000000000 0.000000000000000000 0.000000000000000000 0.000000000000000000 0.000000000000000000 0.000000000000000000 0.000000000000000000 0.000000000000000000 0.000000000000000000 0.000000000000000000 0.000000000000000000 0.000000000000000000 0.000000000000000000 0.000000000000000000 0.000000000000000000 0.000000000000000000 0.000000000000000000 0.000000000000000000 0.000000000000000000 0.000000000000000000 0.000000000000000000 0.000000000000000000 0.000000000000000000 1.000000000000000000 0.013712686797754470 -0.002269507376602104 0.003584457409658910 0.016035798094728257 0.000842674822153824 0.000976927723520579 0.009559517555903002 0.012222607312011460 0.015259792722246784 0.000308328291247733 0.015659893973914804 0.013552233371901526 0.009743996953334191 0.007610729998561500 0.010628059080128427 0.006670318366747667 0.003644813069116075 0.005410153842924543 0.009521299861030490 0.008542977768891208 0.002366574604069933 0.008983877045022348 0.000024913761493637 0.004916148020642709 0.006976180080356735 0.015649736755294862 0.006953607183333905 0.014330298201254558 0.009523964693253799 0.006356618773175514 -0.001174387193380524 0.008293829116464407 0.003170771408891700 -0.001658947245984227 0.011614417967496843 0.010007568740429811 -0.000699141288600028 0.009737546517428064 0.011896959033778080 0.000542715749996390 0.015517703729424494 0.011135235636340737 0.012505277654893494 0.007147038054133585 0.011083416737191055 0.001220636723034587 0.007970763492664547 0.000620395684569544 0.008880160014294366 0.001017455186626347 0.007303128387227338 0.016083079976534798 0.015309140063315721 -0.001721492666748532
0.000000000000000000 0.000000000000000000 0.000000000000000000 0.000000000000000000 0.000000000000000000 0.000000000000000000 0.000000000000000000 0.000000000000000000 0.000000000000000000 0.000000000000000000 0.000000000000000000 0.000000000000000000 0.000000000000000000 0.000000000000000000 0.000000000000000000 0.000000000000000000 0.000000000000000000 0.000000000000000000 0.000000000000000000 0.000000000000000000 0.000000000000000000 0.000000000000000000 0.000000000000000000 0.000000000000000000 0.000000000000000000 0.000000000000000000 0.000000000000000000 0.000000000000000000 0.000000000000000000 0.000000000000000000 0.000000000000000000 0.000000000000000000 0.000000000000000000 0.000000000000000000 0.000000000000000000 0.000000000000000000 0.000000000000000000 0.000000000000000000 0.000000000000000000 0.000000000000000000 0.000000000000000000 0.000000000000000000 0.000000000000000000 0.000000000000000000 0.000000000000000000 0.000000000000000000 1.000000000000000000 0.017191607456315611 0.012528337051593846 0.005191437200483697 0.003128993463549168 0.016418355999771449 0.008370943801028149 0.000343442705922062 0.000790483244395568 0.012220171555483012 -0.002199896491283008 0.011495921566016169 0.003711026453430628 0.013546267371465619 0.008978244320105428 0.013263779405064480 0.010372466980159856 0.002335185354673543 -0.002299739097917628 0.007804659908880389 -0.002270930823983229 0.010044706056313002 0.006194720539494408 0.012662758771015820 0.014274232672669742 0.002782483687895683 0.008598591836959239 0.009106894719445046 0.011628958802032780 0.008802152750583381 0.016353084481630181 0.005295551637662986 0.013817695762585878 0.002140311442555238 0.014273582665684723 0.015529568233744732 0.010417468848440666 -0.001895156610678091 -0.002301245256632205 0.002281923236634384 -0.001531477370288900 -0.001882260033515033 -0.001297343007687649 0.003421284687517538 0.013991410027403849 0.015012476283812682 0.000509972889990972 0.010781750755487769 0.002576875589091389 0.009720796901229270 0.014630268591485052 -0.001858561292907692 0.003780392504230765 -0.000907717045404343
0.000000000000000000 0.000000000000000000 0.000000000000000000 0.000000000000000000 0.000000000000000000 0.000000000000000000 0.000000000000000000 0.000000000000000000 0.000000000000000000 0.000000000000000000 0.000000000000000000 0.000000000000000000 0.000000000000000000 0.000000000000000000 0.000000000000000000 0.000000000000000000 0.000000000000000000 0.000000000000000000 0.000000000000000000 0.000000000000000000 0.000000000000000000 0.000000000000000000 0.000000000000000000 0.000000000000000000 0.000000000000000000 0.000000000000000000 0.000000000000000000 0.000000000000000000 0.000000000000000000 0.000000000000000000 0.000000000000000000 0.000000000000000000 0.000000000000000000 0.000000000000000000 0.000000000000000000 0.000000000000000000 0.000000000000000000 0.000000000000000000 0.000000000000000000 0.000000000000000000 0.000000000000000000 0.000000000000000000 0.000000000000000000 0.000000000000000000 0.000000000000000000 0.000000000000000000 0.000000000000000000 1.000000000000000000 0.003874272566925907 0.010645570273489318 0.011952766740192735 0.009894481411157015 0.011098780992159716 0.013330129181327833 -0.000928365565284009 0.004979915624813194 0.007408415047315606 0.000590141722800974 0.003378582631821535 0.011513142620793502 -0.002947487228463145 -0.002824371282424936 0.003288621232588935 0.012814690976635859 -0.000367400779663131 -0.002961200493340864 0.010829038075313602 -0.003505639150633120 -0.002318636414490057 0.014847211427957167 -0.002534634312496084 0.003570673681628664 0.003382124112688148 0.009125180571605216 0.010276851871887583 0.014906841766437289 0.014734449250008292 0.004418352510892640 0.013167598000164937 -0.002102302388588091 0.001117368074471575 0.003411947247508910 -0.000907589233688375 0.010061047212097229 0.000256139166090657 0.003625576593140967 -0.002540324893387861 0.013445185210847676 0.004127531781392943 0.015882619748290628 -0.001363408444024928 0.009317282224385088 0.015623068518977134 0.009453745095912564 0.004299377943009685 0.016615048423429181 0.006054925348657016 0.002423333508465460 0.015232478216793504 0.016273911570690140
0.000000000000000000 0.000000000000000000 0.000000000000000000 0.000000000000000000 0.000000000000000000 0.000000000000000000 0.000000000000000000 0.000000000000000000 0.000000000000000000 0.000000000000000000 0.000000000000000000 0.000000000000000000 0.000000000000000000 0.000000000000000000 0.000000000000000000 0.000000000000000000 0.000000000000000000 0.000000000000000000 0.000000000000000000 0.000000000000000000 0.000000000000000000 0.000000000000000000 0.000000000000000000 0.000000000000000000 0.000000000000000000 0.000000000000000000 0.000000000000000000 0.000000000000000000 0.000000000000000000 0.000000000000000000 0.000000000000000000 0.000000000000000000 0.000000000000000000 0.000000000000000000 0.000000000000000000 0.000000000000000000 0.000000000000000000 0.000000000000000000 0.000000000000000000 0.000000000000000000 0.000000000000000000 0.000000000000000000 0.000000000000000000 0.000000000000000000 0.000000000000000000 0.000000000000000000 0.000000000000000000 0.000000000000000000 1.000000000000000000 0.013968342183313590 0.015228144608637967 -0.003425855323045417 -0.001643690519672879 0.013099875662113835 0.002416896147742246 0.006589934583873749 0.013069846834966460 0.014164476557347535 0.006493132330784020 0.006198284861336465 0.012522281318217417 -0.002239920362811164 0.007318819943543246 0.012658428124371943 0.009630268729181692 -0.000994516797988717 0.005386955777175792 0.001879052822766076 0.011627291923420014 0.016420398002947621 -0.001255326624253520 0.006861802713945677 0.005773690302304802 0.005903721827697717 0.014973077704462913 0.004318594754531762 0.010380820996823645 0.008863618117839521 -0.002720143901058123 0.011435009056649586 -0.002751925344484866 0.001206835196383731 0.002936219682239830 0.003099939606717962 0.010518487769230055 0.009020245712061130 0.016483326654922921 0.011679069955283632 0.017277742729855956 0.013062970149602773 -0.000476586674065460 0.001854229690157742 0.013878459159167609 0.011512434017810233 -0.001540547978432458 0.015114744990940109 0.005360040630278759 0.007204091509088222 0.016096796754174601 0.004130855255124021
0.000000000000000000 0.000000000000000000 0.000000000000000000 0.000000000000000000 0.000000000000000000 0.000000000000000000 0.000000000000000000 0.000000000000000000 0.000000000000000000 0.000000000000000000 0.000000000000000000 0.000000000000000000 0.000000000000000000 0.000000000000000000 0.000000000000000000 0.000000000000000000 0.000000000000000000 0.000000000000000000 0.000000000000000000 0.000000000000000000 0.000000000000000000 0.000000000000000000 0.000000000000000000 0.000000000000000000 0.000000000000000000 0.000000000000000000 0.000000000000000000 0.000000000000000000 0.000000000000000000 0.000000000000000000 0.000000000000000000 0.000000000000000000 0.000000000000000000 0.000000000000000000 0.000000000000000000 0.000000000000000000 0.000000000000000000 0.000000000000000000 0.000000000000000000 0.000000000000000000 0.000000000000000000 0.000000000000000000 0.000000000000000000 0.000000000000000000 0.000000000000000000 0.000000000000000000 0.000000000000000000 0.000000000000000000 0.000000000000000000 1.000000000000000000 -0.002007162838459774 -0.002166145585202570 0.005802257672723015 0.002178067014823808 0.014312852460568149 0.012774210978884306 0.011789044066338968 0.001550980847449617 0.016271904478210052 -0.002132041623650354 0.006648274366106882 0.006625101809022301 0.003860709775409849 0.013949240372897890 0.008753720626080312 0.013830325901794062 -0.002817049326757547 0.009464605805110975 -0.001549676985686671 0.007132667175095469 0.001897957873434348 0.006606686121343156 0.005439797348540437 0.002261860383448692 0.002172180478195248 -0.002504432167527860 -0.001322253831797565 0.006217505448966409 0.010116069252122739 0.008545731868922862 0.000506474692108455 0.003652031702705220 0.000470463551598215 0.004385735371701227 0.014879885250705939 0.013333478556660555 0.013034315199405129 0.015205742295733618 0.002759384257438846 0.005936740647759226 0.015574840492675266 0.006090105704365291 -0.002984936917532972 0.004147595920427070 0.003587125378850640 0.008542537199586624 -0.000475295947151030 0.015287390349060882 0.011600996594316277 0.007728109864654245
0.000000000000000000 0.000000000000000000 0.000000000000000000 0.000000000000000000 0.000000000000000000 0.000000000000000000 0.000000000000000000 0.000000000000000000 0.000000000000000000 0.000000000000000000 0.000000000000000000 0.000000000000000000 0.000000000000000000 0.000000000000000000 0.000000000000000000 0.000000000000000000 0.000000000000000000 0.000000000000000000 0.000000000000000000 0.000000000000000000 0.000000000000000000 0.000000000000000000 0.000000000000000000 0.000000000000000000 0.000000000000000000 0.000000000000000000 0.000000000000000000 0.000000000000000000 0.000000000000000000 0.000000000000000000 0.000000000000000000 0.000000000000000000 0.000000000000000000 0.000000000000000000 0.000000000000000000 0.000000000000000000 0.000000000000000000 0.000000000000000000 0.000000000000000000 0.000000000000000000 0.000000000000000000 0.000000000000000000 0.000000000000000000 0.000000000000000000 0.000000000000000000 0.000000000000000000 0.000000000000000000 0.000000000000000000 0.000000000000000000 0.000000000000000000 1.000000000000000000 -0.000174606990056196 -0.003080151814023685 0.012894739975479023 -0.000580248563620266 0.005505691283570413 0.013528521264800900 0.013919547317011756 0.009634180222277026 0.013823165856579113 0.006863771736509957 0.005816153708355381 0.009360691676211072 0.008730451106358082 0.002282941906490193 0.006822442877925981 0.006561718436592171 0.012249244492274620 -0.002381208013614661 -0.000941842177411984 0.001824846001222639 0.002696071658933809 0.002205148279012353 0.013111621624663974 0.010327466231944058 0.013661505025059887 0.005152957805096264 0.002899831680260535 -0.001558611346886294 0.006153742329011894 0.002345917967320206 0.014947190713598551 0.010561782420705160 0.010353419833072901 0.004214768646045894 0.008180649968919082 0.002382240169314143 0.011618790110805945 0.007647229563117633 0.007300983500633345 -0.001823554054413523 0.001923366504999760 -0.001427443228988743 0.007523010576926341 0.007622212150711649 0.012716304336508805 0.009518027560175758 0.003401931014996097 0.010066697516891097 0.006956555897525783
0.000000000000000000 0.000000000000000000 0.000000000000000000 0.000000000000000000 0.000000000000000000 0.000000000000000000 0.000000000000000000 0.000000000000000000 0.000000000000000000 0.000000000000000000 0.000000000000000000 0.000000000000000000 0.000000000000000000 0.000000000000000000 0.000000000000000000 0.000000000000000000 0.000000000000000000 0.000000000000000000 0.000000000000000000 0.000000000000000000 0.000000000000000000 0.000000000000000000 0.000000000000000000 0.000000000000000000 0.000000000000000000 0.000000000000000000 0.000000000000000000 0.000000000000000000 0.000000000000000000 0.000000000000000000 0.000000000000000000 0.000000000000000000 0.000000000000000000 0.000000000000000000 0.000000000000000000 0.000000000000000000 0.000000000000000000 0.000000000000000000 0.000000000000000000 0.000000000000000000 0.000000000000000000 0.000000000000000000 0.000000000000000000 0.000000000000000000 0.000000000000000000 0.000000000000000000 0.000000000000000000 0.000000000000000000 0.000000000000000000 0.000000000000000000 0.000000000000000000 1.000000000000000000 0.008503144129148762 0.014618234746950979 0.000050210972155632 0.014246378227902175 0.009452589046236731 0.012298838002037184 0.006558656573168863 0.011232626963887337 0.006887724705989501 0.016201376152499905 0.002063828771401380 0.001097085976268779 0.005396284953818936 0.009762450896843156 0.007372627589433135 0.010404365413304835 0.000161541778430105 0.010828841785194696 0.009153466548118229 -0.002752535672707055 0.005307889207821693 0.013931893858950798 0.001872559784975167 0.012335394836147628 0.003365323136657246 0.011921922578279774 0.001463373312577121 -0.000758809869030655 0.011446110491464432 0.006619727436859396 0.003163223184576876 0.014372324308494108 0.007849440644161834 0.011215774477968607 0.010790899356772693 0.003794293346541665 0.000143801028824305 0.009843089249246708 0.013507095673994315 0.011938663310783170 0.001751088831626767 0.004367990868250137 0.008550382760397242 0.011994741106011324 -0.000740433249686326 0.003208638833602068 0.002274996387467307 0.000892122828098415
0.000000000000000000 0.000000000000000000 0.000000000000000000 0.000000000000000000 0.000000000000000000 0.000000000000000000 0.000000000000000000 0.000000000000000000 0.000000000000000000 0.000000000000000000 0.000000000000000000 0.000000000000000000 0.000000000000000000 0.000000000000000000 0.000000000000000000 0.000000000000000000 0.000000000000000000 0.000000000000000000 0.000000000000000000 0.000000000000000000 0.000000000000000000 0.000000000000000000 0.000000000000000000 0.000000000000000000 0.000000000000000000 0.000000000000000000 0.000000000000000000 0.000000000000000000 0.000000000000000000 0.000000000000000000 0.000000000000000000 0.000000000000000000 0.000000000000000000 0.000000000000000000 0.000000000000000000 0.000000000000000000 0.000000000000000000 0.000000000000000000 0.000000000000000000 0.000000000000000000 0.000000000000000000 0.000000000000000000 0.000000000000000000 0.000000000000000000 0.000000000000000000 0.000000000000000000 0.000000000000000000 0.000000000000000000 0.000000000000000000 0.000000000000000000 0.000000000000000000 0.000000000000000000 1.000000000000000000 0.006371156200918073 0.012292027234658097 -0.001803908504329890 -0.002663910468105367 0.004909804282236580 -0.001312555631658542 0.015423541071136838 0.015450981056582701 0.013642692435883706 0.002319037554642328 0.008918900291124170 0.014286426833669459 0.000060064276010339 0.004664864661518878 0.009574002679579840 0.008362598008980491 0.008605279739688240 -0.000622172275437648 0.012609102337472785 0.003287802638716325 0.010598237612471436 0.002554567348178643 0.001380950191494440 0.009598574688518329 0.015647390850380912 0.010929242349898196 0.012931566528342353 0.007864986297990609 0.011644497738198485 0.007904153330555717 0.001430396796356011 0.016112843124114453 0.006031302821175993 0.014043663049296272 0.004574615364183235 0.010009094164613755 -0.001840364572874081 0.007844366804027733 0.010971522613601039 0.000826826849168508 0.001076153803416547 -0.002007990122075005 0.016511555449312026 -0.003224463103152716 0.010352880727732234 0.013110373945896594 0.005453473997237932
0.000000000000000000 0.000000000000000000 0.000000000000000000 0.000000000000000000 0.000000000000000000 0.000000000000000000 0.000000000000000000 0.000000000000000000 0.000000000000000000 0.000000000000000000 0.000000000000000000 0.000000000000000000 0.000000000000000000 0.000000000000000000 0.000000000000000000 0.000000000000000000 0.000000000000000000 0.000000000000000000 0.000000000000000000 0.000000000000000000 0.000000000000000000 0.000000000000000000 0.000000000000000000 0.000000000000000000 0.000000000000000000 0.000000000000000000 0.000000000000000000 0.000000000000000000 0.000000000000000000 0.000000000000000000 0.000000000000000000 0.000000000000000000 0.000000000000000000 0.000000000000000000 0.000000000000000000 0.000000000000000000 0.000000000000000000 0.000000000000000000 0.000000000000000000 0.000000000000000000 0.000000000000000000 0.000000000000000000 0.000000000000000000 0.000000000000000000 0.000000000000000000 0.000000000000000000 0.000000000000000000 0.000000000000000000 0.000000000000000000 0.000000000000000000 0.000000000000000000 0.000000000000000000 0.000000000000000000 1.000000000000000000 0.007110558436669530 0.001737764167570306 0.009144920747271737 0.005025745236653484 0.007825757228807472 0.016188762200493586 0.006495522389861261 0.007721482501278079 0.002728326860916353 0.002327751004979540 -0.001764487293059292 0.008058875876730234 0.007888319726038923 0.000911911291613834 -0.001882694636278085 0.003922975704477236 0.008803291746215879 0.003293947573480860 0.001648109353360357 -0.000336333370465104 0.010976414438747485 -0.000049066700058873 -0.001975232299019650 0.001769618496457886 0.013911264287483710 0.005398654953456572 0.010166523584437773 -0.001634733755066500 -0.000735251204577315 -0.000353878034562136 -0.003095371188405025 0.004816495949282911 0.008533406045057479 0.002104635788029603 0.001866588187433937 -0.003063844431851006 -0.000312445138256016 0.015618572554604146 0.006472905314093655 0.013473376769819361 -0.000898139935783613 0.011117781997858598 0.008238350081558240 0.001923832447117213 0.010660769371606392 0.009668874014252862
0.000000000000000000 0.000000000000000000 0.000000000000000000 0.000000000000000000 0.000000000000000000 0.000000000000000000 0.000000000000000000 0.000000000000000000 0.000000000000000000 0.000000000000000000 0.000000000000000000 0.000000000000000000 0.000000000000000000 0.000000000000000000 0.000000000000000000 0.000000000000000000 0.000000000000000000 0.000000000000000000 0.000000000000000000 0.000000000000000000 0.000000000000000000 0.000000000000000000 0.000000000000000000 0.000000000000000000 0.000000000000000000 0.000000000000000000 0.000000000000000000 0.000000000000000000 0.000000000000000000 0.000000000000000000 0.000000000000000000 0.000000000000000000 0.000000000000000000 0.000000000000000000 0.000000000000000000 0.000000000000000000 0.000000000000000000 0.000000000000000000 0.000000000000000000 0.000000000000000000 0.000000000000000000 0.000000000000000000 0.000000000000000000 0.000000000000000000 0.000000000000000000 0.000000000000000000 0.000000000000000000 0.000000000000000000 0.000000000000000000 0.000000000000000000 0.000000000000000000 0.000000000000000000 0.000000000000000000 0.000000000000000000 1.000000000000000000 0.004662172885560055 0.007624489463739472 0.009370788333073166 0.004432295523328588 0.008394409346842133 0.003883020053227185 0.006393933356719472 0.015386514360334173 0.004525962210051085 0.007129718201310926 0.000207530178659120 0.015513603963325628 0.000483956538735699 0.014823486347131196 -0.001628803610363916 0.003360318904827800 0.007591341229619142 0.015198751900801199 0.001339083357129195 0.005581520728903232 0.006195216817334140 0.003842728092795562 -0.001487957410979844 -0.000765169067867727 0.000172553760908085 0.013188920655300000 0.015886329807728344 0.014112410372608748 0.000829344546295688 0.007813899692658296 0.008130044665453416 0.011069686907850854 0.010103280267560334 0.002687101818683492 -0.002423646940802935 0.005438975776641018 0.004437604842244244 -0.001157336846774245 0.009633891337242054 0.009903814937787235 0.011015536759189613 0.008639076619128289 0.015851555135259810 0.006626239478340987 0.004832155336551824
0.000000000000000000 0.000000000000000000 0.000000000000000000 0.000000000000000000 0.000000000000000000 0.000000000000000000 0.000000000000000000 0.000000000000000000 0.000000000000000000 0.000000000000000000 0.000000000000000000 0.000000000000000000 0.000000000000000000 0.000000000000000000 0.000000000000000000 0.000000000000000000 0.000000000000000000 0.000000000000000000 0.000000000000000000 0.000000000000000000 0.000000000000000000 0.000000000000000000 0.000000000000000000 0.000000000000000000 0.000000000000000000 0.000000000000000000 0.000000000000000000 0.000000000000000000 0.000000000000000000 0.000000000000000000 0.000000000000000000 0.000000000000000000 0.000000000000000000 0.000000000000000000 0.000000000000000000 0.000000000000000000 0.000000000000000000 0.000000000000000000 0.000000000000000000 0.000000000000000000 0.000000000000000000 0.000000000000000000 0.000000000000000000 0.000000000000000000 0.000000000000000000 0.000000000000000000 0.000000000000000000 0.000000000000000000 0.000000000000000000 0.000000000000000000 0.000000000000000000 0.000000000000000000 0.000000000000000000 0.000000000000000000 0.000000000000000000 1.000000000000000000 0.002683585603421437 -0.002682345183481193 0.001685207117557256 0.005480917309870982 -0.002811448675292390 0.016346827602613190 0.005658321687296521 0.006502081036124751 0.004813971155961261 0.011319770941206002 0.009353787387743227 0.000256864131584921 0.004652644754957211 0.005774887425703721 0.008434483390161090 0.010818249368761369 -0.001466360762018891 0.012874692801896584 0.002859614271787955 -0.001941223375980307 0.005866089563498884 -0.001151215162399195 0.001760819571386972 0.006735899230051487 -0.001756872173708209 0.000517815276670270 -0.001177661007570419 0.013713967085624746 0.006212121576920897 -0.001706276679459272 0.014000918344074454 0.006591320318022085 0.008549340110306980 -0.000477781309227511 0.014702640878687117 0.003782451954737108 0.002147303067248277 0.013088217049831749 -0.000888123369453876 0.003227832988118200 0.011168594294734369 0.009927230047760300 0.011460890023160461 0.005088111655704093
0.000000000000000000 0.000000000000000000 0.000000000000000000 0.000000000000000000 0.000000000000000000 0.000000000000000000 0.000000000000000000 0.000000000000000000 0.000000000000000000 0.000000000000000000 0.000000000000000000 0.000000000000000000 0.000000000000000000 0.000000000000000000 0.000000000000000000 0.000000000000000000 0.000000000000000000 0.000000000000000000 0.000000000000000000 0.000000000000000000 0.000000000000000000 0.000000000000000000 0.000000000000000000 0.000000000000000000 0.000000000000000000 0.000000000000000000 0.000000000000000000 0.000000000000000000 0.000000000000000000 0.000000000000000000 0.000000000000000000 0.000000000000000000 0.000000000000000000 0.000000000000000000 0.000000000000000000 0.000000000000000000 0.000000000000000000 0.000000000000000000 0.000000000000000000 0.000000000000000000 0.000000000000000000 0.000000000000000000 0.000000000000000000 0.000000000000000000 0.000000000000000000 0.000000000000000000 0.000000000000000000 0.000000000000000000 0.000000000000000000 0.000000000000000000 0.000000000000000000 0.000000000000000000 0.000000000000000000 0.000000000000000000 0.000000000000000000 0.000000000000000000 1.000000000000000000 0.004907477088274464 0.015570900261154482 0.015079879168916619 0.002794866230976008 0.016717262431883262 -0.001806570488648168 0.004744629511200767 0.005098567607983005 0.010834403691993507 0.014559665415990575 0.005680279368889935 0.015290640446316693 0.004341943046844617 0.004448394583068710 0.011353552702342402 0.000754617419852728 0.002318622066820654 -0.001925643452561058 0.004043621825345329 0.001066706140711355 0.008194453425512935 0.007034760127941738 0.001991662214883575 0.006989160794692514 0.000872548996236425 0.013045477043601782 0.001200458635573534 0.005460102778236869 0.000868388695690326 0.013811647291067415 0.002680147380218686 0.011145985931490729 -0.000049931387844446 0.012242288224591624 0.006584676686418649 0.011742986722072416 0.003037534762355363 0.004161388699456672 0.011240649120256645 0.007817455259819150 0.009751631330526461 0.014296800820199651 0.000667195844386932
0.000000000000000000 0.000000000000000000 0.000000000000000000 0.000000000000000000 0.000000000000000000 0.000000000000000000 0.000000000000000000 0.000000000000000000 0.000000000000000000 0.000000000000000000 0.000000000000000000 0.000000000000000000 0.000000000000000000 0.000000000000000000 0.000000000000000000 0.000000000000000000 0.000000000000000000 0.000000000000000000 0.000000000000000000 0.000000000000000000 0.000000000000000000 0.000000000000000000 0.000000000000000000 0.000000000000000000 0.000000000000000000 0.000000000000000000 0.000000000000000000 0.000000000000000000 0.000000000000000000 0.000000000000000000 0.000000000000000000 0.000000000000000000 0.000000000000000000 0.000000000000000000 0.000000000000000000 0.000000000000000000 0.000000000000000000 0.000000000000000000 0.000000000000000000 0.000000000000000000 0.000000000000000000 0.000000000000000000 0.000000000000000000 0.000000000000000000 0.000000000000000000 0.000000000000000000 0.000000000000000000 0.000000000000000000 0.000000000000000000 0.000000000000000000 0.000000000000000000 0.000000000000000000 0.000000000000000000 0.000000000000000000 0.000000000000000000 0.000000000000000000 0.000000000000000000 1.000000000000000000 -0.000311210666307664 0.010910673750968682 0.009042156122276724 -0.002602851690396554 -0.002351563450925633 0.002834946447004851 0.006918696837854600 0.001773613861050383 0.005652456203163240 0.002905661529491809 0.009818141774640446 -0.001670134059916266 0.009282883093434434 0.016775222342925469 0.001762138006543729 0.008220593265918973 0.000963761232980388 0.007484538629557808 0.009346518867258973 0.014730162770165400 0.002395949608573396 0.003583695939584715 0.011910945251488338 0.007205370959817701 0.009012493350539844 0.004541233296706775 0.012986142651992104 0.000948353397099716 -0.000846614738795539 0.004026764938247489 -0.003072483874720121 0.006951957820873301 0.009502723312791790 0.015453484430537245 -0.000230422308716104 0.002653207261140603 0.013350044214012549 0.000093180295493552 0.000374069897942515 0.000786162996537873 0.007286329751834227 0.007417132929699632
0.000000000000000000 0.000000000000000000 0.000000000000000000 0.000000000000000000 0.000000000000000000 0.000000000000000000 0.000000000000000000 0.000000000000000000 0.000000000000000000 0.000000000000000000 0.000000000000000000 0.000000000000000000 0.000000000000000000 0.000000000000000000 0.000000000000000000 0.000000000000000000 0.000000000000000000 0.000000000000000000 0.000000000000000000 0.000000000000000000 0.000000000000000000 0.000000000000000000 0.000000000000000000 0.000000000000000000 0.000000000000000000 0.000000000000000000 0.000000000000000000 0.000000000000000000 0.000000000000000000 0.000000000000000000 0.000000000000000000 0.000000000000000000 0.000000000000000000 0.000000000000000000 0.000000000000000000 0.000000000000000000 0.000000000000000000 0.000000000000000000 0.000000000000000000 0.000000000000000000 0.000000000000000000 0.000000000000000000 0.000000000000000000 0.000000000000000000 0.000000000000000000 0.000000000000000000 0.000000000000000000 0.000000000000000000 0.000000000000000000 0.000000000000000000 0.000000000000000000 0.000000000000000000 0.000000000000000000 0.000000000000000000 0.000000000000000000 0.000000000000000000 0.000000000000000000 0.000000000000000000 1.000000000000000000 0.005634178385725126 -0.000874575401135283 0.001679733257634297 -0.001299534548052104 0.000937367582450443 0.012141788910531835 0.012164450537629233 0.005725093954195182 -0.003158061071194081 0.012078352721858381 0.010892782226859138 0.013881477526843499 0.003958423227240499 0.009890412158822035 0.008104360585891592 0.007805010110703563 -0.000643822020055392 0.012826593768810589 0.007990804001833692 0.002033017650891440 0.015111104865467696 0.001013533107875167 0.005689700114841964 0.010089628507103682 0.005444113518484369 0.003818047612882108 0.004794258886965119 -0.001134024470386752 0.012211626027402384 0.005488351300627717 -0.000368210581537389 0.011432883225230639 0.001334666451881455 0.000590757369358283 0.004120609682583726 0.016051575148771129 0.014598984532670386 0.007328251766784448 0.004674196892518382 -0.002777590552397805 0.001385367994915523
0.000000000000000000 0.000000000000000000 0.000000000000000000 0.000000000000000000 0.000000000000000000 0.000000000000000000 0.000000000000000000 0.000000000000000000 0.000000000000000000 0.000000000000000000 0.000000000000000000 0.000000000000000000 0.000000000000000000 0.000000000000000000 0.000000000000000000 0.000000000000000000 0.000000000000000000 0.000000000000000000 0.000000000000000000 0.000000000000000000 0.000000000000000000 0.000000000000000000 0.000000000000000000 0.000000000000000000 0.000000000000000000 0.000000000000000000 0.000000000000000000 0.000000000000000000 0.000000000000000000 0.000000000000000000 0.000000000000000000 0.000000000000000000 0.000000000000000000 0.000000000000000000 0.000000000000000000 0.000000000000000000 0.000000000000000000 0.000000000000000000 0.000000000000000000 0.000000000000000000 0.000000000000000000 0.000000000000000000 0.000000000000000000 0.000000000000000000 0.000000000000000000 0.000000000000000000 0.000000000000000000 0.000000000000000000 0.000000000000000000 0.000000000000000000 0.000000000000000000 0.000000000000000000 0.000000000000000000 0.000000000000000000 0.000000000000000000 0.000000000000000000 0.000000000000000000 0.000000000000000000 0.000000000000000000 1.000000000000000000 0.012035158045266827 0.006051339901728216 0.000234298959298052 0.003040487221533979 0.003237325901086416 0.013784650886038410 0.001549018332209429 0.014272774408088067 -0.002675821909625677 0.005950656537570559 0.014709980048578524 0.005895500738235811 0.007349900827796566 0.003618799916025820 0.001441610629111894 0.002670233793286772 0.002105552844877055 0.010865839297689396 0.000733037334480469 0.012488815898940697 0.010090884013378498 0.004900573068126650 0.010503770472818167 0.008605829526121460 0.007039420075702229 0.005734343606491843 0.003703293383008007 0.011618997099250980 0.015846489207605775 0.006610549706183002 0.013615559045066025 0.000650113117220603 0.009085609284943921 0.009685584040916285 0.011728724172795153 -0.000958151709716625 0.006790884400686399 0.002517518281795237 0.007786621380434123 0.002328272072925648
0.000000000000000000 0.000000000000000000 0.000000000000000000 0.000000000000000000 0.000000000000000000 0.000000000000000000 0.000000000000000000 0.000000000000000000 0.000000000000000000 0.000000000000000000 0.000000000000000000 0.000000000000000000 0.000000000000000000 0.000000000000000000 0.000000000000000000 0.000000000000000000 0.000000000000000000 0.000000000000000000 0.000000000000000000 0.000000000000000000 0.000000000000000000 0.000000000000000000 0.000000000000000000 0.000000000000000000 0.000000000000000000 0.000000000000000000 0.000000000000000000 0.000000000000000000 0.000000000000000000 0.000000000000000000 0.000000000000000000 0.000000000000000000 0.000000000000000000 0.000000000000000000 0.000000000000000000 0.000000000000000000 0.000000000000000000 0.000000000000000000 0.000000000000000000 0.000000000000000000 0.000000000000000000 0.000000000000000000 0.000000000000000000 0.000000000000000000 0.000000000000000000 0.000000000000000000 0.000000000000000000 0.000000000000000000 0.000000000000000000 0.000000000000000000 0.000000000000000000 0.000000000000000000 0.000000000000000000 0.000000000000000000 0.000000000000000000 0.000000000000000000 0.000000000000000000 0.000000000000000000 0.000000000000000000 0.000000000000000000 1.000000000000000000 0.008582044280019083 0.012197401134561796 0.012362177176904139 0.013351145066352573 0.007885574223721744 0.009551574090646556 -0.000649520583794473 -0.002822249151834386 0.012573262079056645 0.007148297313916909 0.016074898248093057 0.013743597598396107 0.006851002842739995 0.008028710598068308 -0.002569189351369305 0.002667124487416782 0.014918453434937261 0.002180150147848372 0.007167470636108232 0.012987408968747800 0.007381368340570131 -0.000086887158235941 -0.002415388768199519 0.008780529088996731 -0.002100915721735910 0.010190549517242712 0.005431099314892687 0.001218971027793682 0.014704983184603893 0.005596878005411487 0.005220182782815652 0.010485948971455999 0.005866483390397787 0.011286887141694511 0.001092913862295880 0.006384414154584666 0.012080873265529124 0.002247488002155061 0.011799430499549686
0.000000000000000000 0.000000000000000000 0.000000000000000000 0.000000000000000000 0.000000000000000000 0.000000000000000000 0.000000000000000000 0.000000000000000000 0.000000000000000000 0.000000000000000000 0.000000000000000000 0.000000000000000000 0.000000000000000000 0.000000000000000000 0.000000000000000000 0.000000000000000000 0.000000000000000000 0.000000000000000000 0.000000000000000000 0.000000000000000000 0.000000000000000000 0.000000000000000000 0.000000000000000000 0.000000000000000000 0.000000000000000000 0.000000000000000000 0.000000000000000000 0.000000000000000000 0.000000000000000000 0.000000000000000000 0.000000000000000000 0.000000000000000000 0.000000000000000000 0.000000000000000000 0.000000000000000000 0.000000000000000000 0.000000000000000000 0.000000000000000000 0.000000000000000000 0.000000000000000000 0.000000000000000000 0.000000000000000000 0.000000000000000000 0.000000000000000000 0.000000000000000000 0.000000000000000000 0.000000000000000000 0.000000000000000000 0.000000000000000000 0.000000000000000000 0.000000000000000000 0.000000000000000000 0.000000000000000000 0.000000000000000000 0.000000000000000000 0.000000000000000000 0.000000000000000000 0.000000000000000000 0.000000000000000000 0.000000000000000000 0.000000000000000000 1.000000000000000000 -0.002285188289779294 0.012024554152296979 0.011624817121827564 -0.000054523159898348 0.002646407012697605 0.012652012360738971 -0.004420057807611163 0.002153516622512441 0.005463484289382856 0.005265928584006853 0.010973120351550906 0.000431138275551109 0.007362227397790568 0.005827496226007809 0.011264869114343379 0.004650551450188800 0.014994631425665208 0.012089539456861092 0.005780219402108327 -0.000428135573454823 0.012107363855438629 0.007305188852301222 0.015172356944789633 0.010473500385982635 0.004754124689279944 0.002949859337682773 -0.000773405911939045 -0.001472787489077001 0.011637260452304902 0.006475617418277953 0.003673256450711344 -0.000703881546655912 0.006246861962257173 0.011020560228291400 0.005640398427800290 0.013385741920203854 0.005724657121180588 0.013567618058061542
0.000000000000000000 0.000000000000000000 0.000000000000000000 0.000000000000000000 0.000000000000000000 0.000000000000000000 0.000000000000000000 0.000000000000000000 0.000000000000000000 0.000000000000000000 0.000000000000000000 0.000000000000000000 0.000000000000000000 0.000000000000000000 0.000000000000000000 0.000000000000000000 0.000000000000000000 0.000000000000000000 0.000000000000000000 0.000000000000000000 0.000000000000000000 0.000000000000000000 0.000000000000000000 0.000000000000000000 0.000000000000000000 0.000000000000000000 0.000000000000000000 0.000000000000000000 0.000000000000000000 0.000000000000000000 0.000000000000000000 0.000000000000000000 0.000000000000000000 0.000000000000000000 0.000000000000000000 0.000000000000000000 0.000000000000000000 0.000000000000000000 0.000000000000000000 0.000000000000000000 0.000000000000000000 0.000000000000000000 0.000000000000000000 0.000000000000000000 0.000000000000000000 0.000000000000000000 0.000000000000000000 0.000000000000000000 0.000000000000000000 0.000000000000000000 0.000000000000000000 0.000000000000000000 0.000000000000000000 0.000000000000000000 0.000000000000000000 0.000000000000000000 0.000000000000000000 0.000000000000000000 0.000000000000000000 0.000000000000000000 0.000000000000000000 0.000000000000000000 1.000000000000000000 0.008919246585918843 0.006284607799608694 -0.003398319757859090 0.003923059727587458 -0.000040874635907332 0.007427622673681237 0.009405233691167452 0.010393348009588528 -0.001524272252774776 0.006800378880546225 0.008448717973122920 0.000497450480737449 -0.000634343401720116 0.011953336841607329 0.012753906297667065 0.005879238961458176 -0.003009519387219366 0.003732475484587603 0.015259156401096322 0.006185279694228816 -0.003122644769850311 0.000919312381854935 0.004738881661559135 0.004451214384115287 0.004683276804712138 0.007460461223051859 -0.002500644470765793 0.014539979072987208 0.007764867656355722 0.004481027653733620 0.000771987340636813 -0.002328242669332591 0.000859331246786709 -0.000343460451848434 0.003048422040064556 -0.000744633566761064 0.007547460491776948
0.000000000000000000 0.000000000000000000 0.000000000000000000 0.000000000000000000 0.000000000000000000 0.000000000000000000 0.000000000000000000 0.000000000000000000 0.000000000000000000 0.000000000000000000 0.000000000000000000 0.000000000000000000 0.000000000000000000 0.000000000000000000 0.000000000000000000 0.000000000000000000 0.000000000000000000 0.000000000000000000 0.000000000000000000 0.000000000000000000 0.000000000000000000 0.000000000000000000 0.000000000000000000 0.000000000000000000 0.000000000000000000 0.000000000000000000 0.000000000000000000 0.000000000000000000 0.000000000000000000 0.000000000000000000 0.000000000000000000 0.000000000000000000 0.000000000000000000 0.000000000000000000 0.000000000000000000 0.000000000000000000 0.000000000000000000 0.000000000000000000 0.000000000000000000 0.000000000000000000 0.000000000000000000 0.000000000000000000 0.000000000000000000 0.000000000000000000 0.000000000000000000 0.000000000000000000 0.000000000000000000 0.000000000000000000 0.000000000000000000 0.000000000000000000 0.000000000000000000 0.000000000000000000 0.000000000000000000 0.000000000000000000 0.000000000000000000 0.000000000000000000 0.000000000000000000 0.000000000000000000 0.000000000000000000 0.000000000000000000 0.000000000000000000 0.000000000000000000 0.000000000000000000 1.000000000000000000 -0.003121333606410989 -0.000606634677701027 -0.001980998621237508 0.012492655451750653 -0.000854747405732551 0.004955646602418045 0.001883833742921204 0.007265969140247192 0.006009825646582528 0.003583302570039402 0.010593886789630733 -0.002693179150634353 0.014250508226536398 0.013564520902846848 0.014369612415611212 -0.002660075927949018 -0.002927916160865764 0.007353989940381967 0.015807766354486438 -0.002617551420056120 0.003876268548140138 0.008011853634371780 0.005181943114475980 -0.003336377713451581 0.013126506177738638 0.008328191161273146 -0.001159526880366280 0.002208265312928917 -0.001667805051065943 -0.003039142875109979 0.012968125406632834 0.004003138409336148 0.002832231934612892 0.013993113564283340 0.003958718047168673 0.004423948829461953
0.000000000000000000 0.000000000000000000 0.000000000000000000 0.000000000000000000 0.000000000000000000 0.000000000000000000 0.000000000000000000 0.000000000000000000 0.000000000000000000 0.000000000000000000 0.000000000000000000 0.000000000000000000 0.000000000000000000 0.000000000000000000 0.000000000000000000 0.000000000000000000 0.000000000000000000 0.000000000000000000 0.000000000000000000 0.000000000000000000 0.000000000000000000 0.000000000000000000 0.000000000000000000 0.000000000000000000 0.000000000000000000 0.000000000000000000 0.000000000000000000 0.000000000000000000 0.000000000000000000 0.000000000000000000 0.000000000000000000 0.000000000000000000 0.000000000000000000 0.000000000000000000 0.000000000000000000 0.000000000000000000 0.000000000000000000 0.000000000000000000 0.000000000000000000 0.000000000000000000 0.000000000000000000 0.000000000000000000 0.000000000000000000 0.000000000000000000 0.000000000000000000 0.000000000000000000 0.000000000000000000 0.000000000000000000 0.000000000000000000 0.000000000000000000 0.000000000000000000 0.000000000000000000 0.000000000000000000 0.000000000000000000 0.000000000000000000 0.000000000000000000 0.000000000000000000 0.000000000000000000 0.000000000000000000 0.000000000000000000 0.000000000000000000 0.000000000000000000 0.000000000000000000 0.000000000000000000 1.000000000000000000 0.009973432438501757 0.001091156019729297 0.008091155514746739 0.009738284997605920 0.000635953662621805 0.003845158511047726 0.014636046919970950 0.008772755735746292 -0.003170925320183051 0.008714402040871667 -0.001189283669416596 0.007927676950353112 0.011351066592199683 0.007214595628218141 0.003645661421839289 0.003290785480649315 0.015422322260512322 0.005751580117518117 0.005796595459514125 0.015140183280638120 0.011178120267621461 0.006891119212427125 0.008431637642631095 -0.001949585563694591 -0.003013818032640491 -0.000209195391686780 0.009630820267403622 0.008587095198797527 0.002808712278986261 0.011227609827802592 0.000751920026310451 0.000212858959009103 0.014349893002077575 0.002492634006625944 -0.001632444275859548
0.000000000000000000 0.000000000000000000 0.000000000000000000 0.000000000000000000 0.000000000000000000 0.000000000000000000 0.000000000000000000 0.000000000000000000 0.000000000000000000 0.000000000000000000 0.000000000000000000 0.000000000000000000 0.000000000000000000 0.000000000000000000 0.000000000000000000 0.000000000000000000 0.000000000000000000 0.000000000000000000 0.000000000000000000 0.000000000000000000 0.000000000000000000 0.000000000000000000 0.000000000000000000 0.000000000000000000 0.000000000000000000 0.000000000000000000 0.000000000000000000 0.000000000000000000 0.000000000000000000 0.000000000000000000 0.000000000000000000 0.000000000000000000 0.000000000000000000 0.000000000000000000 0.000000000000000000 0.000000000000000000 0.000000000000000000 0.000000000000000000 0.000000000000000000 0.000000000000000000 0.000000000000000000 0.000000000000000000 0.000000000000000000 0.000000000000000000 0.000000000000000000 0.000000000000000000 0.000000000000000000 0.000000000000000000 0.000000000000000000 0.000000000000000000 0.000000000000000000 0.000000000000000000 0.000000000000000000 0.000000000000000000 0.000000000000000000 0.000000000000000000 0.000000000000000000 0.000000000000000000 0.000000000000000000 0.000000000000000000 0.000000000000000000 0.000000000000000000 0.000000000000000000 0.000000000000000000 0.000000000000000000 1.000000000000000000 0.001661751293913924 0.001150352154032395 -0.000682702431830421 0.000006378476190232 0.002042048069708412 0.007176309298246936 -0.003766827084468602 -0.000590357233106664 0.006502035890349488 -0.002416983012171190 0.003540909252775940 0.009963170853361925 -0.003488440687440649 0.009945596116438344 0.002393292699294477 0.001408685521992047 -0.002306837474780291 -0.003272399800366775 0.005841505898623743 0.011319270030516566 -0.000206720405870562 -0.000695384504254081 0.009386983282683432 -0.001973741846969253 0.005274593213185859 -0.002326438764658188 0.009812937067347122 0.005133640626062939 -0.001434374725825470 -0.000400681724702174 0.004557368410545025 0.015790566622437045 0.008056406717350842 0.013683494746135404
0.000000000000000000 0.000000000000000000 0.000000000000000000 0.000000000000000000 0.000000000000000000 0.000000000000000000 0.000000000000000000 0.000000000000000000 0.000000000000000000 0.000000000000000000 0.000000000000000000 0.000000000000000000 0.000000000000000000 0.000000000000000000 0.000000000000000000 0.000000000000000000 0.000000000000000000 0.000000000000000000 0.000000000000000000 0.000000000000000000 0.000000000000000000 0.000000000000000000 0.000000000000000000 0.000000000000000000 0.000000000000000000 0.000000000000000000 0.000000000000000000 0.000000000000000000 0.000000000000000000 0.000000000000000000 0.000000000000000000 0.000000000000000000 0.000000000000000000 0.000000000000000000 0.000000000000000000 0.000000000000000000 0.000000000000000000 0.000000000000000000 0.000000000000000000 0.000000000000000000 0.000000000000000000 0.000000000000000000 0.000000000000000000 0.000000000000000000 0.000000000000000000 0.000000000000000000 0.000000000000000000 0.000000000000000000 0.000000000000000000 0.000000000000000000 0.000000000000000000 0.000000000000000000 0.000000000000000000 0.000000000000000000 0.000000000000000000 0.000000000000000000 0.000000000000000000 0.000000000000000000 0.000000000000000000 0.000000000000000000 0.000000000000000000 0.000000000000000000 0.000000000000000000 0.000000000000000000 0.000000000000000000 0.000000000000000000 1.000000000000000000 0.006582481079653724 -0.000487385353639653 0.009219488781295488 0.002994123807017839 -0.003047485333768917 -0.001261138967508181 0.006570920406858540 -0.001946712280469371 0.002435357363583473 -0.003299022291877113 0.004925312497879544 0.006882567861042343 0.002825468190952482 0.010175835648975619 -0.001883831980599868 0.010791134691644061 0.006716886270927858 0.008703998868358938 0.012324199107946920 0.006738012296811504 0.006857363596075423 0.005362023292363312 0.010351979213133111 0.000327265167640066 0.005736343846503042 -0.000345222411643319 0.003741931300164026 -0.002595037288564099 0.015623821101025814 -0.004197032119727709 0.004373343844663531 0.012557734407612899 0.006813158918561120
0.000000000000000000 0.000000000000000000 0.000000000000000000 0.000000000000000000 0.000000000000000000 0.000000000000000000 0.000000000000000000 0.000000000000000000 0.000000000000000000 0.000000000000000000 0.000000000000000000 0.000000000000000000 0.000000000000000000 0.000000000000000000 0.000000000000000000 0.000000000000000000 0.000000000000000000 0.000000000000000000 0.000000000000000000 0.000000000000000000 0.000000000000000000 0.000000000000000000 0.000000000000000000 0.000000000000000000 0.000000000000000000 0.000000000000000000 0.000000000000000000 0.000000000000000000 0.000000000000000000 0.000000000000000000 0.000000000000000000 0.000000000000000000 0.000000000000000000 0.000000000000000000 0.000000000000000000 0.000000000000000000 0.000000000000000000 0.000000000000000000 0.000000000000000000 0.000000000000000000 0.000000000000000000 0.000000000000000000 0.000000000000000000 0.000000000000000000 0.000000000000000000 0.000000000000000000 0.000000000000000000 0.000000000000000000 0.000000000000000000 0.000000000000000000 0.000000000000000000 0.000000000000000000 0.000000000000000000 0.000000000000000000 0.000000000000000000 0.000000000000000000 0.000000000000000000 0.000000000000000000 0.000000000000000000 0.000000000000000000 0.000000000000000000 0.000000000000000000 0.000000000000000000 0.000000000000000000 0.000000000000000000 0.000000000000000000 0.000000000000000000 1.000000000000000000 0.000949953888690239 0.009950194634833688 0.001819841659059553 0.000193298701200490 0.002238707079861819 0.009467107449970511 0.014626811007665099 0.000222317042891220 0.001688790522526162 -0.000326624927991562 0.009867224458857600 0.005655761685846983 0.006532732273397220 0.010332072476245317 0.007692655588958537 -0.002065924420856593 0.009822696402098549 0.002103607145734853 0.009884040367159343 0.005108285815855969 0.013876976975377656 0.010745799880418665 0.009405990561665131 0.014598392848336124 0.004910046620683834 0.014075234057891834 0.012024552009481812 0.006225717577342853 0.012776801587675145 -0.002896215307551003 0.002925067923426987 0.015646932567387604
0.000000000000000000 0.000000000000000000 0.000000000000000000 0.000000000000000000 0.000000000000000000 0.000000000000000000 0.000000000000000000 0.000000000000000000 0.000000000000000000 0.000000000000000000 0.000000000000000000 0.000000000000000000 0.000000000000000000 0.000000000000000000 0.000000000000000000 0.000000000000000000 0.000000000000000000 0.000000000000000000 0.000000000000000000 0.000000000000000000 0.000000000000000000 0.000000000000000000 0.000000000000000000 0.000000000000000000 0.000000000000000000 0.000000000000000000 0.000000000000000000 0.000000000000000000 0.000000000000000000 0.000000000000000000 0.000000000000000000 0.000000000000000000 0.000000000000000000 0.000000000000000000 0.000000000000000000 0.000000000000000000 0.000000000000000000 0.000000000000000000 0.000000000000000000 0.000000000000000000 0.000000000000000000 0.000000000000000000 0.000000000000000000 0.000000000000000000 0.000000000000000000 0.000000000000000000 0.000000000000000000 0.000000000000000000 0.000000000000000000 0.000000000000000000 0.000000000000000000 0.000000000000000000 0.000000000000000000 0.000000000000000000 0.000000000000000000 0.000000000000000000 0.000000000000000000 0.000000000000000000 0.000000000000000000 0.000000000000000000 0.000000000000000000 0.000000000000000000 0.000000000000000000 0.000000000000000000 0.000000000000000000 0.000000000000000000 0.000000000000000000 0.000000000000000000 1.000000000000000000 0.006195631686737929 0.010034783586454755 -0.003220254137162518 0.015192985616357509 0.001680718841653801 0.006783645799780883 0.007897134471847464 -0.002370125426062358 -0.003164290119778953 0.010372165926072664 0.008518557175272114 0.016144280557056145 0.002269849902047177 -0.001819018063025383 0.007193458895050429 -0.003115069698963098 -0.000159006115273276 0.011608819534765530 0.004654614747976831 0.005776836712919007 0.011127573791146966 0.001748531794343658 0.011070681168700832 0.002169488188078455 0.009525201278736210 0.007878611637874788 0.012466677290429395 0.012351926111564484 0.012613251372046712 -0.003316419930427990 0.003540828400624785
0.000000000000000000 0.000000000000000000 0.000000000000000000 0.000000000000000000 0.000000000000000000 0.000000000000000000 0.000000000000000000 0.000000000000000000 0.000000000000000000 0.000000000000000000 0.000000000000000000 0.000000000000000000 0.000000000000000000 0.000000000000000000 0.000000000000000000 0.000000000000000000 0.000000000000000000 0.000000000000000000 0.000000000000000000 0.000000000000000000 0.000000000000000000 0.000000000000000000 0.000000000000000000 0.000000000000000000 0.000000000000000000 0.000000000000000000 0.000000000000000000 0.000000000000000000 0.000000000000000000 0.000000000000000000 0.000000000000000000 0.000000000000000000 0.000000000000000000 0.000000000000000000 0.000000000000000000 0.000000000000000000 0.000000000000000000 0.000000000000000000 0.000000000000000000 0.000000000000000000 0.000000000000000000 0.000000000000000000 0.000000000000000000 0.000000000000000000 0.000000000000000000 0.000000000000000000 0.000000000000000000 0.000000000000000000 0.000000000000000000 0.000000000000000000 0.000000000000000000 0.000000000000000000 0.000000000000000000 0.000000000000000000 0.000000000000000000 0.000000000000000000 0.000000000000000000 0.000000000000000000 0.000000000000000000 0.000000000000000000 0.000000000000000000 0.000000000000000000 0.000000000000000000 0.000000000000000000 0.000000000000000000 0.000000000000000000 0.000000000000000000 0.000000000000000000 0.000000000000000000 1.000000000000000000 -0.002602947377302039 0.013509330699878358 -0.003006805776694938 0.011779224924439780 0.006499149382219549 0.009723217045746640 0.000283632511839689 0.000426701519003701 -0.002193768805656851 -0.003452009389982713 -0.001963248154649638 0.004377101235939163 0.003730212528199738 -0.003714001172578521 -0.000398100616344871 -0.000968400134141886 0.012156475891597726 -0.001454643859302803 0.001568858378618509 0.008845387196875229 0.015277751211767620 0.003036087514287229 0.007761265783580752 0.008750615225927816 0.004435984093954015 0.001069618243731044 0.010809712464466060 0.005060471964134600 -0.004494479427574495 0.005380484360338115
0.000000000000000000 0.000000000000000000 0.000000000000000000 0.000000000000000000 0.000000000000000000 0.000000000000000000 0.000000000000000000 0.000000000000000000 0.000000000000000000 0.000000000000000000 0.000000000000000000 0.000000000000000000 0.000000000000000000 0.000000000000000000 0.000000000000000000 0.000000000000000000 0.000000000000000000 0.000000000000000000 0.000000000000000000 0.000000000000000000 0.000000000000000000 0.000000000000000000 0.000000000000000000 0.000000000000000000 0.000000000000000000 0.000000000000000000 0.000000000000000000 0.000000000000000000 0.000000000000000000 0.000000000000000000 0.000000000000000000 0.000000000000000000 0.000000000000000000 0.000000000000000000 0.000000000000000000 0.000000000000000000 0.000000000000000000 0.000000000000000000 0.000000000000000000 0.000000000000000000 0.000000000000000000 0.000000000000000000 0.000000000000000000 0.000000000000000000 0.000000000000000000 0.000000000000000000 0.000000000000000000 0.000000000000000000 0.000000000000000000 0.000000000000000000 0.000000000000000000 0.000000000000000000 0.000000000000000000 0.000000000000000000 0.000000000000000000 0.000000000000000000 0.000000000000000000 0.000000000000000000 0.000000000000000000 0.000000000000000000 0.000000000000000000 0.000000000000000000 0.000000000000000000 0.000000000000000000 0.000000000000000000 0.000000000000000000 0.000000000000000000 0.000000000000000000 0.000000000000000000 0.000000000000000000 1.000000000000000000 0.001180975672633653 0.013139774032567362 -0.000710525834187605 0.001348187646820281 0.011398530497564929 -0.003454133687265027 0.006589392045044337 0.010805529996557940 0.013770963364722834 -0.000362063911164115 0.015662622063142517 -0.002636808915320027 -0.000799724202990092 0.002662708552879863 -0.000494430536400745 0.009060774772735199 -0.002587884998995373 0.010675228343828990 -0.000390839605194880 0.010834131534437659 0.010180808797822792 -0.003459196789156981 -0.001888982733464867 0.006922570882502284 -0.001641319893472533 0.007584377029508060 0.003040826174432928 0.009596733964009122 0.013896906330775182
0.000000000000000000 0.000000000000000000 0.000000000000000000 0.000000000000000000 0.000000000000000000 0.000000000000000000 0.000000000000000000 0.000000000000000000 0.000000000000000000 0.000000000000000000 0.000000000000000000 0.000000000000000000 0.000000000000000000 0.000000000000000000 0.000000000000000000 0.000000000000000000 0.000000000000000000 0.000000000000000000 0.000000000000000000 0.000000000000000000 0.000000000000000000 0.000000000000000000 0.000000000000000000 0.000000000000000000 0.000000000000000000 0.000000000000000000 0.000000000000000000 0.000000000000000000 0.000000000000000000 0.000000000000000000 0.000000000000000000 0.000000000000000000 0.000000000000000000 0.000000000000000000 0.000000000000000000 0.000000000000000000 0.000000000000000000 0.000000000000000000 0.000000000000000000 0.000000000000000000 0.000000000000000000 0.000000000000000000 0.000000000000000000 0.000000000000000000 0.000000000000000000 0.000000000000000000 0.000000000000000000 0.000000000000000000 0.000000000000000000 0.000000000000000000 0.000000000000000000 0.000000000000000000 0.000000000000000000 0.000000000000000000 0.000000000000000000 0.000000000000000000 0.000000000000000000 0.000000000000000000 0.000000000000000000 0.000000000000000000 0.000000000000000000 0.000000000000000000 0.000000000000000000 0.000000000000000000 0.000000000000000000 0.000000000000000000 0.000000000000000000 0.000000000000000000 0.000000000000000000 0.000000000000000000 0.000000000000000000 1.000000000000000000 0.004321142928134847 0.004106429784709347 -0.000920079837361974 0.012055925033007267 0.004305168897937678 0.011958148278702601 0.014395594453652643 0.004150274958782000 -0.000807303227256159 -0.003073268496725588 0.007216404747479802 0.011607483831703109 0.010525488324896077 0.015831860287975171 0.002049221113386204 0.001643997296616118 0.002707803565844763 0.001354076800246771 0.002947596991091556 0.014095980296649203 0.007809043532597321 0.002905384301346851 -0.002566567468010840 -0.002055246423271323 0.006984239701656090 0.012211951245222995 0.014385348169609184 0.012125919802230855
0.000000000000000000 0.000000000000000000 0.000000000000000000 0.000000000000000000 0.000000000000000000 0.000000000000000000 0.000000000000000000 0.000000000000000000 0.000000000000000000 0.000000000000000000 0.000000000000000000 0.000000000000000000 0.000000000000000000 0.000000000000000000 0.000000000000000000 0.000000000000000000 0.000000000000000000 0.000000000000000000 0.000000000000000000 0.000000000000000000 0.000000000000000000 0.000000000000000000 0.000000000000000000 0.000000000000000000 0.000000000000000000 0.000000000000000000 0.000000000000000000 0.000000000000000000 0.000000000000000000 0.000000000000000000 0.000000000000000000 0.000000000000000000 0.000000000000000000 0.000000000000000000 0.000000000000000000 0.000000000000000000 0.000000000000000000 0.000000000000000000 0.000000000000000000 0.000000000000000000 0.000000000000000000 0.000000000000000000 0.000000000000000000 0.000000000000000000 0.000000000000000000 0.000000000000000000 0.000000000000000000 0.000000000000000000 0.000000000000000000 0.000000000000000000 0.000000000000000000 0.000000000000000000 0.000000000000000000 0.000000000000000000 0.000000000000000000 0.000000000000000000 0.000000000000000000 0.000000000000000000 0.000000000000000000 0.000000000000000000 0.000000000000000000 0.000000000000000000 0.000000000000000000 0.000000000000000000 0.000000000000000000 0.000000000000000000 0.000000000000000000 0.000000000000000000 0.000000000000000000 0.000000000000000000 0.000000000000000000 0.000000000000000000 1.000000000000000000 0.015340590588175433 0.015297167639897281 0.002741089557228186 0.005786940571508453 0.011942043116409229 0.009067942141599263 0.014173449278627447 0.010793304347655170 0.014097109585061151 0.002530474739116014 0.007260819059670646 0.002355204293778499 0.004289956066671178 -0.000248050515035120 0.009896043398351905 0.014287870975033753 0.005345957878453905 -0.000473657914299722 0.009046369559619934 0.005084328273117694 0.011105632988310596 0.009984511343452735 0.000277000596013378 0.015101327460653294 0.011128723373846830 0.010654361955418794 0.014781553930690580
0.000000000000000000 0.000000000000000000 0.000000000000000000 0.000000000000000000 0.000000000000000000 0.000000000000000000 0.000000000000000000 0.000000000000000000 0.000000000000000000 0.000000000000000000 0.000000000000000000 0.000000000000000000 0.000000000000000000 0.000000000000000000 0.000000000000000000 0.000000000000000000 0.000000000000000000 0.000000000000000000 0.000000000000000000 0.000000000000000000 0.000000000000000000 0.000000000000000000 0.000000000000000000 0.000000000000000000 0.000000000000000000 0.000000000000000000 0.000000000000000000 0.000000000000000000 0.000000000000000000 0.000000000000000000 0.000000000000000000 0.000000000000000000 0.000000000000000000 0.000000000000000000 0.000000000000000000 0.000000000000000000 0.000000000000000000 0.000000000000000000 0.000000000000000000 0.000000000000000000 0.000000000000000000 0.000000000000000000 0.000000000000000000 0.000000000000000000 0.000000000000000000 0.000000000000000000 0.000000000000000000 0.000000000000000000 0.000000000000000000 0.000000000000000000 0.000000000000000000 0.000000000000000000 0.000000000000000000 0.000000000000000000 0.000000000000000000 0.000000000000000000 0.000000000000000000 0.000000000000000000 0.000000000000000000 0.000000000000000000 0.000000000000000000 0.000000000000000000 0.000000000000000000 0.000000000000000000 0.000000000000000000 0.000000000000000000 0.000000000000000000 0.000000000000000000 0.000000000000000000 0.000000000000000000 0.000000000000000000 0.000000000000000000 0.000000000000000000 1.000000000000000000 0.009832850455381169 -0.000866740920522308 -0.001235394113563382 0.010621994888251680 0.012077972687019000 0.001809354334909524 -0.001397632049362469 0.004305295344253618 -0.002105267727476549 0.011488597447420883 0.010857118228733371 0.002241549478592922 0.010001947658678323 0.000819781612863032 -0.002098751595605533 0.011914066379841224 -0.001269018535520184 0.005527312419073089 0.005465787806800146 0.015569999646770378 0.002703892430814089 0.014987803483677445 0.003728184260187053 0.012754514108550162 -0.004052276550109566 0.003159263101070988
0.000000000000000000 0.000000000000000000 0.000000000000000000 0.000000000000000000 0.000000000000000000 0.000000000000000000 0.000000000000000000 0.000000000000000000 0.000000000000000000 0.000000000000000000 0.000000000000000000 0.000000000000000000 0.000000000000000000 0.000000000000000000 0.000000000000000000 0.000000000000000000 0.000000000000000000 0.000000000000000000 0.000000000000000000 0.000000000000000000 0.000000000000000000 0.000000000000000000 0.000000000000000000 0.000000000000000000 0.000000000000000000 0.000000000000000000 0.000000000000000000 0.000000000000000000 0.000000000000000000 0.000000000000000000 0.000000000000000000 0.000000000000000000 0.000000000000000000 0.000000000000000000 0.000000000000000000 0.000000000000000000 0.000000000000000000 0.000000000000000000 0.000000000000000000 0.000000000000000000 0.000000000000000000 0.000000000000000000 0.000000000000000000 0.000000000000000000 0.000000000000000000 0.000000000000000000 0.000000000000000000 0.000000000000000000 0.000000000000000000 0.000000000000000000 0.000000000000000000 0.000000000000000000 0.000000000000000000 0.000000000000000000 0.000000000000000000 0.000000000000000000 0.000000000000000000 0.000000000000000000 0.000000000000000000 0.000000000000000000 0.000000000000000000 0.000000000000000000 0.000000000000000000 0.000000000000000000 0.000000000000000000 0.000000000000000000 0.000000000000000000 0.000000000000000000 0.000000000000000000 0.000000000000000000 0.000000000000000000 0.000000000000000000 0.000000000000000000 0.000000000000000000 1.000000000000000000 -0.001591470818726381 0.016225646085161246 0.000971398838884653 0.005539685601153511 -0.000655509041691129 0.004719320020556392 0.011790936242070454 0.008659670019429969 0.007233511111101139 0.013817564243465879 -0.002760918113520561 0.010142630047812434 -0.000120009416111606 0.000589528789334100 0.013738529827900799 0.004992453165832618 0.008637301526893449 -0.001011094810755990 0.006611350801276202 0.012037113785472963 0.012841711064767137 0.009704566928354129 -0.002529650559439076 0.009211842984251111 0.008124243333894847
0.000000000000000000 0.000000000000000000 0.000000000000000000 0.000000000000000000 0.000000000000000000 0.000000000000000000 0.000000000000000000 0.000000000000000000 0.000000000000000000 0.000000000000000000 0.000000000000000000 0.000000000000000000 0.000000000000000000 0.000000000000000000 0.000000000000000000 0.000000000000000000 0.000000000000000000 0.000000000000000000 0.000000000000000000 0.000000000000000000 0.000000000000000000 0.000000000000000000 0.000000000000000000 0.000000000000000000 0.000000000000000000 0.000000000000000000 0.000000000000000000 0.000000000000000000 0.000000000000000000 0.000000000000000000 0.000000000000000000 0.000000000000000000 0.000000000000000000 0.000000000000000000 0.000000000000000000 0.000000000000000000 0.000000000000000000 0.000000000000000000 0.000000000000000000 0.000000000000000000 0.000000000000000000 0.000000000000000000 0.000000000000000000 0.000000000000000000 0.000000000000000000 0.000000000000000000 0.000000000000000000 0.000000000000000000 0.000000000000000000 0.000000000000000000 0.000000000000000000 0.000000000000000000 0.000000000000000000 0.000000000000000000 0.000000000000000000 0.000000000000000000 0.000000000000000000 0.000000000000000000 0.000000000000000000 0.000000000000000000 0.000000000000000000 0.000000000000000000 0.000000000000000000 0.000000000000000000 0.000000000000000000 0.000000000000000000 0.000000000000000000 0.000000000000000000 0.000000000000000000 0.000000000000000000 0.000000000000000000 0.000000000000000000 0.000000000000000000 0.000000000000000000 0.000000000000000000 1.000000000000000000 0.009695693854055394 -0.004674794962354085 0.015415036661340550 0.007291736892972933 0.003676389765633972 -0.000667847957144969 0.013893275325784252 0.012334100140165139 0.010999547187829800 0.005705216958195774 0.013376388071116529 0.009075658474891458 0.014506230817256530 -0.001568274818518419 -0.001515745080096503 0.008082341907680117 0.012028999043338701 0.008992408988990553 0.011539424498217580 0.012549163585677009 0.005273399971040223 0.009899229432402405 0.014089769414257708 -0.001218825148776246
0.000000000000000000 0.000000000000000000 0.000000000000000000 0.000000000000000000 0.000000000000000000 0.000000000000000000 0.000000000000000000 0.000000000000000000 0.000000000000000000 0.000000000000000000 0.000000000000000000 0.000000000000000000 0.000000000000000000 0.000000000000000000 0.000000000000000000 0.000000000000000000 0.000000000000000000 0.000000000000000000 0.000000000000000000 0.000000000000000000 0.000000000000000000 0.000000000000000000 0.000000000000000000 0.000000000000000000 0.000000000000000000 0.000000000000000000 0.000000000000000000 0.000000000000000000 0.000000000000000000 0.000000000000000000 0.000000000000000000 0.000000000000000000 0.000000000000000000 0.000000000000000000 0.000000000000000000 0.000000000000000000 0.000000000000000000 0.000000000000000000 0.000000000000000000 0.000000000000000000 0.000000000000000000 0.000000000000000000 0.000000000000000000 0.000000000000000000 0.000000000000000000 0.000000000000000000 0.000000000000000000 0.000000000000000000 0.000000000000000000 0.000000000000000000 0.000000000000000000 0.000000000000000000 0.000000000000000000 0.000000000000000000 0.000000000000000000 0.000000000000000000 0.000000000000000000 0.000000000000000000 0.000000000000000000 0.000000000000000000 0.000000000000000000 0.000000000000000000 0.000000000000000000 0.000000000000000000 0.000000000000000000 0.000000000000000000 0.000000000000000000 0.000000000000000000 0.000000000000000000 0.000000000000000000 0.000000000000000000 0.000000000000000000 0.000000000000000000 0.000000000000000000 0.000000000000000000 0.000000000000000000 1.000000000000000000 0.004461407775669118 0.007757022411717046 0.010617969913141463 0.004452328942332486 -0.002290006506854828 0.002228715178725294 0.006784354739331316 0.007793078027067300 0.009589869205786500 0.015510326927741666 -0.002149873062884047 -0.001838395546216600 0.005131011973920609 -0.002016946598278714 0.000479423623127605 -0.000477752660868345 0.001579769690666054 0.013594449978695293 0.008222276701825014 0.001041372153260704 0.004019377783324725 0.000705919948354348 0.007769275700560443
0.000000000000000000 0.000000000000000000 0.000000000000000000 0.000000000000000000 0.000000000000000000 0.000000000000000000 0.000000000000000000 0.000000000000000000 0.000000000000000000 0.000000000000000000 0.000000000000000000 0.000000000000000000 0.000000000000000000 0.000000000000000000 0.000000000000000000 0.000000000000000000 0.000000000000000000 0.000000000000000000 0.000000000000000000 0.000000000000000000 0.000000000000000000 0.000000000000000000 0.000000000000000000 0.000000000000000000 0.000000000000000000 0.000000000000000000 0.000000000000000000 0.000000000000000000 0.000000000000000000 0.000000000000000000 0.000000000000000000 0.000000000000000000 0.000000000000000000 0.000000000000000000 0.000000000000000000 0.000000000000000000 0.000000000000000000 0.000000000000000000 0.000000000000000000 0.000000000000000000 0.000000000000000000 0.000000000000000000 0.000000000000000000 0.000000000000000000 0.000000000000000000 0.000000000000000000 0.000000000000000000 0.000000000000000000 0.000000000000000000 0.000000000000000000 0.000000000000000000 0.000000000000000000 0.000000000000000000 0.000000000000000000 0.000000000000000000 0.000000000000000000 0.000000000000000000 0.000000000000000000 0.000000000000000000 0.000000000000000000 0.000000000000000000 0.000000000000000000 0.000000000000000000 0.000000000000000000 0.000000000000000000 0.000000000000000000 0.000000000000000000 0.000000000000000000 0.000000000000000000 0.000000000000000000 0.000000000000000000 0.000000000000000000 0.000000000000000000 0.000000000000000000 0.000000000000000000 0.000000000000000000 0.000000000000000000 1.000000000000000000 0.006057732863864447 0.009192757441314510 -0.000866861962118846 0.012379913162436883 0.000334232114813024 0.001271779634537964 0.012502335872939557 0.000360449542059405 -0.002357294411619219 -0.001060967673522398 0.009193539642699138 0.015690688438017887 0.011487808661246499 0.009452509160307656 0.001262674258816680 0.011555770858601003 -0.001224272208669452 0.002735066956436804 -0.004244942927107843 0.006991615508160576 0.014407445840394623 0.008703817704654818
0.000000000000000000 0.000000000000000000 0.000000000000000000 0.000000000000000000 0.000000000000000000 0.000000000000000000 0.000000000000000000 0.000000000000000000 0.000000000000000000 0.000000000000000000 0.000000000000000000 0.000000000000000000 0.000000000000000000 0.000000000000000000 0.000000000000000000 0.000000000000000000 0.000000000000000000 0.000000000000000000 0.000000000000000000 0.000000000000000000 0.000000000000000000 0.000000000000000000 0.000000000000000000 0.000000000000000000 0.000000000000000000 0.000000000000000000 0.000000000000000000 0.000000000000000000 0.000000000000000000 0.000000000000000000 0.000000000000000000 0.000000000000000000 0.000000000000000000 0.000000000000000000 0.000000000000000000 0.000000000000000000 0.000000000000000000 0.000000000000000000 0.000000000000000000 0.000000000000000000 0.000000000000000000 0.000000000000000000 0.000000000000000000 0.000000000000000000 0.000000000000000000 0.000000000000000000 0.000000000000000000 0.000000000000000000 0.000000000000000000 0.000000000000000000 0.000000000000000000 0.000000000000000000 0.000000000000000000 0.000000000000000000 0.000000000000000000 0.000000000000000000 0.000000000000000000 0.000000000000000000 0.000000000000000000 0.000000000000000000 0.000000000000000000 0.000000000000000000 0.000000000000000000 0.000000000000000000 0.000000000000000000 0.000000000000000000 0.000000000000000000 0.000000000000000000 0.000000000000000000 0.000000000000000000 0.000000000000000000 0.000000000000000000 0.000000000000000000 0.000000000000000000 0.000000000000000000 0.000000000000000000 0.000000000000000000 0.000000000000000000 1.000000000000000000 0.003088500025134129 0.012753751126573037 0.013764969902448377 0.007137324221833440 0.005998845845579867 -0.002929406259768581 0.001003384902199678 0.010482130992358800 0.004349835546798027 0.001188507019286382 0.001167061948796972 0.006564021402394935 -0.001922356980722743 0.007727482229035384 0.011747508470012193 0.011435003245462797 0.012031885314520381 0.013712546554342269 0.003764822582194371 -0.002983720834714160 0.001493698792454899
0.000000000000000000 0.000000000000000000 0.000000000000000000 0.000000000000000000 0.000000000000000000 0.000000000000000000 0.000000000000000000 0.000000000000000000 0.000000000000000000 0.000000000000000000 0.000000000000000000 0.000000000000000000 0.000000000000000000 0.000000000000000000 0.000000000000000000 0.000000000000000000 0.000000000000000000 0.000000000000000000 0.000000000000000000 0.000000000000000000 0.000000000000000000 0.000000000000000000 0.000000000000000000 0.000000000000000000 0.000000000000000000 0.000000000000000000 0.000000000000000000 0.000000000000000000 0.000000000000000000 0.000000000000000000 0.000000000000000000 0.000000000000000000 0.000000000000000000 0.000000000000000000 0.000000000000000000 0.000000000000000000 0.000000000000000000 0.000000000000000000 0.000000000000000000 0.000000000000000000 0.000000000000000000 0.000000000000000000 0.000000000000000000 0.000000000000000000 0.000000000000000000 0.000000000000000000 0.000000000000000000 0.000000000000000000 0.000000000000000000 0.000000000000000000 0.000000000000000000 0.000000000000000000 0.000000000000000000 0.000000000000000000 0.000000000000000000 0.000000000000000000 0.000000000000000000 0.000000000000000000 0.000000000000000000 0.000000000000000000 0.000000000000000000 0.000000000000000000 0.000000000000000000 0.000000000000000000 0.000000000000000000 0.000000000000000000 0.000000000000000000 0.000000000000000000 0.000000000000000000 0.000000000000000000 0.000000000000000000 0.000000000000000000 0.000000000000000000 0.000000000000000000 0.000000000000000000 0.000000000000000000 0.000000000000000000 0.000000000000000000 0.000000000000000000 1.000000000000000000 0.011614727953851595 0.000787299302003866 -0.003749625862179984 0.013711142966678238 0.008459209611331285 0.010929787758044743 -0.003123104657810126 0.002717244148301933 -0.001114523093269571 0.005655437797162417 0.012240073038286519 0.005035792566692849 -0.004037202547941215 -0.001338202683780247 0.013369353389548626 0.001067422389871538 -0.004094359448983126 0.007440030727288347 0.010666596578877001 0.001182500880270661
0.000000000000000000 0.000000000000000000 0.000000000000000000 0.000000000000000000 0.000000000000000000 0.000000000000000000 0.000000000000000000 0.000000000000000000 0.000000000000000000 0.000000000000000000 0.000000000000000000 0.000000000000000000 0.000000000000000000 0.000000000000000000 0.000000000000000000 0.000000000000000000 0.000000000000000000 0.000000000000000000 0.000000000000000000 0.000000000000000000 0.000000000000000000 0.000000000000000000 0.000000000000000000 0.000000000000000000 0.000000000000000000 0.000000000000000000 0.000000000000000000 0.000000000000000000 0.000000000000000000 0.000000000000000000 0.000000000000000000 0.000000000000000000 0.000000000000000000 0.000000000000000000 0.000000000000000000 0.000000000000000000 0.000000000000000000 0.000000000000000000 0.000000000000000000 0.000000000000000000 0.000000000000000000 0.000000000000000000 0.000000000000000000 0.000000000000000000 0.000000000000000000 0.000000000000000000 0.000000000000000000 0.000000000000000000 0.000000000000000000 0.000000000000000000 0.000000000000000000 0.000000000000000000 0.000000000000000000 0.000000000000000000 0.000000000000000000 0.000000000000000000 0.000000000000000000 0.000000000000000000 0.000000000000000000 0.000000000000000000 0.000000000000000000 0.000000000000000000 0.000000000000000000 0.000000000000000000 0.000000000000000000 0.000000000000000000 0.000000000000000000 0.000000000000000000 0.000000000000000000 0.000000000000000000 0.000000000000000000 0.000000000000000000 0.000000000000000000 0.000000000000000000 0.000000000000000000 0.000000000000000000 0.000000000000000000 0.000000000000000000 0.000000000000000000 0.000000000000000000 1.000000000000000000 0.003719583820117541 -0.000433084426733470 0.013575341844023503 0.005277271036732437 -0.001323542627785015 0.003739531516026643 0.010116373061577555 0.010520664540339151 0.014478582528830761 -0.000503735487924169 0.003265569687733367 0.010428498013537967 0.004914826062427374 0.009929701342300541 0.003538115870480077 -0.001011792115179420 0.002305411389688091 0.010278108843946662 0.001427238530695435
0.000000000000000000 0.000000000000000000 0.000000000000000000 0.000000000000000000 0.000000000000000000 0.000000000000000000 0.000000000000000000 0.000000000000000000 0.000000000000000000 0.000000000000000000 0.000000000000000000 0.000000000000000000 0.000000000000000000 0.000000000000000000 0.000000000000000000 0.000000000000000000 0.000000000000000000 0.000000000000000000 0.000000000000000000 0.000000000000000000 0.000000000000000000 0.000000000000000000 0.000000000000000000 0.000000000000000000 0.000000000000000000 0.000000000000000000 0.000000000000000000 0.000000000000000000 0.000000000000000000 0.000000000000000000 0.000000000000000000 0.000000000000000000 0.000000000000000000 0.000000000000000000 0.000000000000000000 0.000000000000000000 0.000000000000000000 0.000000000000000000 0.000000000000000000 0.000000000000000000 0.000000000000000000 0.000000000000000000 0.000000000000000000 0.000000000000000000 0.000000000000000000 0.000000000000000000 0.000000000000000000 0.000000000000000000 0.000000000000000000 0.000000000000000000 0.000000000000000000 0.000000000000000000 0.000000000000000000 0.000000000000000000 0.000000000000000000 0.000000000000000000 0.000000000000000000 0.000000000000000000 0.000000000000000000 0.000000000000000000 0.000000000000000000 0.000000000000000000 0.000000000000000000 0.000000000000000000 0.000000000000000000 0.000000000000000000 0.000000000000000000 0.000000000000000000 0.000000000000000000 0.000000000000000000 0.000000000000000000 0.000000000000000000 0.000000000000000000 0.000000000000000000 0.000000000000000000 0.000000000000000000 0.000000000000000000 0.000000000000000000 0.000000000000000000 0.000000000000000000 0.000000000000000000 1.000000000000000000 -0.003507889305793852 -0.002522199677677617 0.005157003171074121 0.006613101631157284 0.007563300373647173 0.002007941149762852 0.015124119797462959 0.013931476579369335 -0.001119218971880190 0.010638323071985319 0.012866314375670557 0.010191460149907997 0.014971254552660643 0.006485111577997821 0.003827540547511515 -0.000458039326947651 0.009003860744713259 0.001471319010028027
0.000000000000000000 0.000000000000000000 0.000000000000000000 0.000000000000000000 0.000000000000000000 0.000000000000000000 0.000000000000000000 0.000000000000000000 0.000000000000000000 0.000000000000000000 0.000000000000000000 0.000000000000000000 0.000000000000000000 0.000000000000000000 0.000000000000000000 0.000000000000000000 0.000000000000000000 0.000000000000000000 0.000000000000000000 0.000000000000000000 0.000000000000000000 0.000000000000000000 0.000000000000000000 0.000000000000000000 0.000000000000000000 0.000000000000000000 0.000000000000000000 0.000000000000000000 0.000000000000000000 0.000000000000000000 0.000000000000000000 0.000000000000000000 0.000000000000000000 0.000000000000000000 0.000000000000000000 0.000000000000000000 0.000000000000000000 0.000000000000000000 0.000000000000000000 0.000000000000000000 0.000000000000000000 0.000000000000000000 0.000000000000000000 0.000000000000000000 0.000000000000000000 0.000000000000000000 0.000000000000000000 0.000000000000000000 0.000000000000000000 0.000000000000000000 0.000000000000000000 0.000000000000000000 0.000000000000000000 0.000000000000000000 0.000000000000000000 0.000000000000000000 0.000000000000000000 0.000000000000000000 0.000000000000000000 0.000000000000000000 0.000000000000000000 0.000000000000000000 0.000000000000000000 0.000000000000000000 0.000000000000000000 0.000000000000000000 0.000000000000000000 0.000000000000000000 0.000000000000000000 0.000000000000000000 0.000000000000000000 0.000000000000000000 0.000000000000000000 0.000000000000000000 0.000000000000000000 0.000000000000000000 0.000000000000000000 0.000000000000000000 0.000000000000000000 0.000000000000000000 0.000000000000000000 0.000000000000000000 1.000000000000000000 0.006498216622411922 -0.000637608497408919 0.007006031745929050 0.005021679957899170 0.014588987366770396 0.003850673972144154 0.014799264475547004 0.010482082280794894 0.008617738363817800 -0.004305571023697326 0.004314279722361258 -0.000098080439839547 0.008471288447997062 0.012356545478138789 0.002213653814464254 0.013236052704361422 -0.001773161002968420
0.000000000000000000 0.000000000000000000 0.000000000000000000 0.000000000000000000 0.000000000000000000 0.000000000000000000 0.000000000000000000 0.000000000000000000 0.000000000000000000 0.000000000000000000 0.000000000000000000 0.000000000000000000 0.000000000000000000 0.000000000000000000 0.000000000000000000 0.000000000000000000 0.000000000000000000 0.000000000000000000 0.000000000000000000 0.000000000000000000 0.000000000000000000 0.000000000000000000 0.000000000000000000 0.000000000000000000 0.000000000000000000 0.000000000000000000 0.000000000000000000 0.000000000000000000 0.000000000000000000 0.000000000000000000 0.000000000000000000 0.000000000000000000 0.000000000000000000 0.000000000000000000 0.000000000000000000 0.000000000000000000 0.000000000000000000 0.000000000000000000 0.000000000000000000 0.000000000000000000 0.000000000000000000 0.000000000000000000 0.000000000000000000 0.000000000000000000 0.000000000000000000 0.000000000000000000 0.000000000000000000 0.000000000000000000 0.000000000000000000 0.000000000000000000 0.000000000000000000 0.000000000000000000 0.000000000000000000 0.000000000000000000 0.000000000000000000 0.000000000000000000 0.000000000000000000 0.000000000000000000 0.000000000000000000 0.000000000000000000 0.000000000000000000 0.000000000000000000 0.000000000000000000 0.000000000000000000 0.000000000000000000 0.000000000000000000 0.000000000000000000 0.000000000000000000 0.000000000000000000 0.000000000000000000 0.000000000000000000 0.000000000000000000 0.000000000000000000 0.000000000000000000 0.000000000000000000 0.000000000000000000 0.000000000000000000 0.000000000000000000 0.000000000000000000 0.000000000000000000 0.000000000000000000 0.000000000000000000 0.000000000000000000 1.000000000000000000 0.008144267125978894 0.012365833446962134 -0.001452927069292412 0.004089331646451940 0.010833742927309849 0.013194990920140209 0.001190222572325050 0.001476907055261264 0.004252379728063783 0.000118193864010335 0.014982574901889718 0.013364221269462092 -0.003344924345463825 0.009500494410078487 0.007003341766807825 0.000351809113205479
0.000000000000000000 0.000000000000000000 0.000000000000000000 0.000000000000000000 0.000000000000000000 0.000000000000000000 0.000000000000000000 0.000000000000000000 0.000000000000000000 0.000000000000000000 0.000000000000000000 0.000000000000000000 0.000000000000000000 0.000000000000000000 0.000000000000000000 0.000000000000000000 0.000000000000000000 0.000000000000000000 0.000000000000000000 0.000000000000000000 0.000000000000000000 0.000000000000000000 0.000000000000000000 0.000000000000000000 0.000000000000000000 0.000000000000000000 0.000000000000000000 0.000000000000000000 0.000000000000000000 0.000000000000000000 0.000000000000000000 0.000000000000000000 0.000000000000000000 0.000000000000000000 0.000000000000000000 0.000000000000000000 0.000000000000000000 0.000000000000000000 0.000000000000000000 0.000000000000000000 0.000000000000000000 0.000000000000000000 0.000000000000000000 0.000000000000000000 0.000000000000000000 0.000000000000000000 0.000000000000000000 0.000000000000000000 0.000000000000000000 0.000000000000000000 0.000000000000000000 0.000000000000000000 0.000000000000000000 0.000000000000000000 0.000000000000000000 0.000000000000000000 0.000000000000000000 0.000000000000000000 0.000000000000000000 0.000000000000000000 0.000000000000000000 0.000000000000000000 0.000000000000000000 0.000000000000000000 0.000000000000000000 0.000000000000000000 0.000000000000000000 0.000000000000000000 0.000000000000000000 0.000000000000000000 0.000000000000000000 0.000000000000000000 0.000000000000000000 0.000000000000000000 0.000000000000000000 0.000000000000000000 0.000000000000000000 0.000000000000000000 0.000000000000000000 0.000000000000000000 0.000000000000000000 0.000000000000000000 0.000000000000000000 0.000000000000000000 1.000000000000000000 0.007860325921266200 0.014334515208373118 0.004095396157389437 -0.000232582273850224 0.008344826326016954 0.010039009536076490 0.002035316820980892 0.012893352714042738 0.006727046507525210 0.009464906126165419 0.014844762609707260 0.008320200114183079 0.009480248013536644 0.012340328784086070 0.008485196253213310
0.000000000000000000 0.000000000000000000 0.000000000000000000 0.000000000000000000 0.000000000000000000 0.000000000000000000 0.000000000000000000 0.000000000000000000 0.000000000000000000 0.000000000000000000 0.000000000000000000 0.000000000000000000 0.000000000000000000 0.000000000000000000 0.000000000000000000 0.000000000000000000 0.000000000000000000 0.000000000000000000 0.000000000000000000 0.000000000000000000 0.000000000000000000 0.000000000000000000 0.000000000000000000 0.000000000000000000 0.000000000000000000 0.000000000000000000 0.000000000000000000 0.000000000000000000 0.000000000000000000 0.000000000000000000 0.000000000000000000 0.000000000000000000 0.000000000000000000 0.000000000000000000 0.000000000000000000 0.000000000000000000 0.000000000000000000 0.000000000000000000 0.000000000000000000 0.000000000000000000 0.000000000000000000 0.000000000000000000 0.000000000000000000 0.000000000000000000 0.000000000000000000 0.000000000000000000 0.000000000000000000 0.000000000000000000 0.000000000000000000 0.000000000000000000 0.000000000000000000 0.000000000000000000 0.000000000000000000 0.000000000000000000 0.000000000000000000 0.000000000000000000 0.000000000000000000 0.000000000000000000 0.000000000000000000 0.000000000000000000 0.000000000000000000 0.000000000000000000 0.000000000000000000 0.000000000000000000 0.000000000000000000 0.000000000000000000 0.000000000000000000 0.000000000000000000 0.000000000000000000 0.000000000000000000 0.000000000000000000 0.000000000000000000 0.000000000000000000 0.000000000000000000 0.000000000000000000 0.000000000000000000 0.000000000000000000 0.000000000000000000 0.000000000000000000 0.000000000000000000 0.000000000000000000 0.000000000000000000 0.000000000000000000 0.000000000000000000 0.000000000000000000 1.000000000000000000 0.007834466901778274 0.005634733747853502 0.014206439446691168 -0.001832074627564234 0.015623833889087601 -0.000702821132672807 -0.002908706798005070 0.007614623795555075 0.013830137770180254 0.006279600092805414 0.003095767565959043 0.012314689150588774 0.009356651162214595 0.001075039049931436
0.000000000000000000 0.000000000000000000 0.000000000000000000 0.000000000000000000 0.000000000000000000 0.000000000000000000 0.000000000000000000 0.000000000000000000 0.000000000000000000 0.000000000000000000 0.000000000000000000 0.000000000000000000 0.000000000000000000 0.000000000000000000 0.000000000000000000 0.000000000000000000 0.000000000000000000 0.000000000000000000 0.000000000000000000 0.000000000000000000 0.000000000000000000 0.000000000000000000 0.000000000000000000 0.000000000000000000 0.000000000000000000 0.000000000000000000 0.000000000000000000 0.000000000000000000 0.000000000000000000 0.000000000000000000 0.000000000000000000 0.000000000000000000 0.000000000000000000 0.000000000000000000 0.000000000000000000 0.000000000000000000 0.000000000000000000 0.000000000000000000 0.000000000000000000 0.000000000000000000 0.000000000000000000 0.000000000000000000 0.000000000000000000 0.000000000000000000 0.000000000000000000 0.000000000000000000 0.000000000000000000 0.000000000000000000 0.000000000000000000 0.000000000000000000 0.000000000000000000 0.000000000000000000 0.000000000000000000 0.000000000000000000 0.000000000000000000 0.000000000000000000 0.000000000000000000 0.000000000000000000 0.000000000000000000 0.000000000000000000 0.000000000000000000 0.000000000000000000 0.000000000000000000 0.000000000000000000 0.000000000000000000 0.000000000000000000 0.000000000000000000 0.000000000000000000 0.000000000000000000 0.000000000000000000 0.000000000000000000 0.000000000000000000 0.000000000000000000 0.000000000000000000 0.000000000000000000 0.000000000000000000 0.000000000000000000 0.000000000000000000 0.000000000000000000 0.000000000000000000 0.000000000000000000 0.000000000000000000 0.000000000000000000 0.000000000000000000 0.000000000000000000 0.000000000000000000 1.000000000000000000 0.002827633385710394 0.008775705007728793 0.001181711114265971 0.003133253186487365 0.001554727090592727 0.011472189304052582 0.002932417783279413 -0.002003106783710622 0.007974546718082740 0.002042362734099922 0.014676032365554082 -0.004362474493847505 0.009912820315084543
0.000000000000000000 0.000000000000000000 0.000000000000000000 0.000000000000000000 0.000000000000000000 0.000000000000000000 0.000000000000000000 0.000000000000000000 0.000000000000000000 0.000000000000000000 0.000000000000000000 0.000000000000000000 0.000000000000000000 0.000000000000000000 0.000000000000000000 0.000000000000000000 0.000000000000000000 0.000000000000000000 0.000000000000000000 0.000000000000000000 0.000000000000000000 0.000000000000000000 0.000000000000000000 0.000000000000000000 0.000000000000000000 0.000000000000000000 0.000000000000000000 0.000000000000000000 0.000000000000000000 0.000000000000000000 0.000000000000000000 0.000000000000000000 0.000000000000000000 0.000000000000000000 0.000000000000000000 0.000000000000000000 0.000000000000000000 0.000000000000000000 0.000000000000000000 0.000000000000000000 0.000000000000000000 0.000000000000000000 0.000000000000000000 0.000000000000000000 0.000000000000000000 0.000000000000000000 0.000000000000000000 0.000000000000000000 0.000000000000000000 0.000000000000000000 0.000000000000000000 0.000000000000000000 0.000000000000000000 0.000000000000000000 0.000000000000000000 0.000000000000000000 0.000000000000000000 0.000000000000000000 0.000000000000000000 0.000000000000000000 0.000000000000000000 0.000000000000000000 0.000000000000000000 0.000000000000000000 0.000000000000000000 0.000000000000000000 0.000000000000000000 0.000000000000000000 0.000000000000000000 0.000000000000000000 0.000000000000000000 0.000000000000000000 0.000000000000000000 0.000000000000000000 0.000000000000000000 0.000000000000000000 0.000000000000000000 0.000000000000000000 0.000000000000000000 0.000000000000000000 0.000000000000000000 0.000000000000000000 0.000000000000000000 0.000000000000000000 0.000000000000000000 0.000000000000000000 0.000000000000000000 1.000000000000000000 0.011025751419627510 0.000029876956242457 -0.003583097788910334 0.009260068690132605 0.010020626516131706 0.009402624236547915 -0.000511633995908765 0.011780312067712540 -0.003364396003920994 0.014216068431193232 0.012336824004724063 0.001337630916242774
0.000000000000000000 0.000000000000000000 0.000000000000000000 0.000000000000000000 0.000000000000000000 0.000000000000000000 0.000000000000000000 0.000000000000000000 0.000000000000000000 0.000000000000000000 0.000000000000000000 0.000000000000000000 0.000000000000000000 0.000000000000000000 0.000000000000000000 0.000000000000000000 0.000000000000000000 0.000000000000000000 0.000000000000000000 0.000000000000000000 0.000000000000000000 0.000000000000000000 0.000000000000000000 0.000000000000000000 0.000000000000000000 0.000000000000000000 0.000000000000000000 0.000000000000000000 0.000000000000000000 0.000000000000000000 0.000000000000000000 0.000000000000000000 0.000000000000000000 0.000000000000000000 0.000000000000000000 0.000000000000000000 0.000000000000000000 0.000000000000000000 0.000000000000000000 0.000000000000000000 0.000000000000000000 0.000000000000000000 0.000000000000000000 0.000000000000000000 0.000000000000000000 0.000000000000000000 0.000000000000000000 0.000000000000000000 0.000000000000000000 0.000000000000000000 0.000000000000000000 0.000000000000000000 0.000000000000000000 0.000000000000000000 0.000000000000000000 0.000000000000000000 0.000000000000000000 0.000000000000000000 0.000000000000000000 0.000000000000000000 0.000000000000000000 0.000000000000000000 0.000000000000000000 0.000000000000000000 0.000000000000000000 0.000000000000000000 0.000000000000000000 0.000000000000000000 0.000000000000000000 0.000000000000000000 0.000000000000000000 0.000000000000000000 0.000000000000000000 0.000000000000000000 0.000000000000000000 0.000000000000000000 0.000000000000000000 0.000000000000000000 0.000000000000000000 0.000000000000000000 0.000000000000000000 0.000000000000000000 0.000000000000000000 0.000000000000000000 0.000000000000000000 0.000000000000000000 0.000000000000000000 0.000000000000000000 1.000000000000000000 0.003068530571930727 -0.001379076597023106 0.013590234713151421 0.005672420344367239 0.001819802216064099 0.007153512817922011 0.006621652655411999 0.001902131033402829 -0.000015152513276316 0.003832662022769918 -0.002040688259584370
0.000000000000000000 0.000000000000000000 0.000000000000000000 0.000000000000000000 0.000000000000000000 0.000000000000000000 0.000000000000000000 0.000000000000000000 0.000000000000000000 0.000000000000000000 0.000000000000000000 0.000000000000000000 0.000000000000000000 0.000000000000000000 0.000000000000000000 0.000000000000000000 0.000000000000000000 0.000000000000000000 0.000000000000000000 0.000000000000000000 0.000000000000000000 0.000000000000000000 0.000000000000000000 0.000000000000000000 0.000000000000000000 0.000000000000000000 0.000000000000000000 0.000000000000000000 0.000000000000000000 0.000000000000000000 0.000000000000000000 0.000000000000000000 0.000000000000000000 0.000000000000000000 0.000000000000000000 0.000000000000000000 0.000000000000000000 0.000000000000000000 0.000000000000000000 0.000000000000000000 0.000000000000000000 0.000000000000000000 0.000000000000000000 0.000000000000000000 0.000000000000000000 0.000000000000000000 0.000000000000000000 0.000000000000000000 0.000000000000000000 0.000000000000000000 0.000000000000000000 0.000000000000000000 0.000000000000000000 0.000000000000000000 0.000000000000000000 0.000000000000000000 0.000000000000000000 0.000000000000000000 0.000000000000000000 0.000000000000000000 0.000000000000000000 0.000000000000000000 0.000000000000000000 0.000000000000000000 0.000000000000000000 0.000000000000000000 0.000000000000000000 0.000000000000000000 0.000000000000000000 0.000000000000000000 0.000000000000000000 0.000000000000000000 0.000000000000000000 0.000000000000000000 0.000000000000000000 0.000000000000000000 0.000000000000000000 0.000000000000000000 0.000000000000000000 0.000000000000000000 0.000000000000000000 0.000000000000000000 0.000000000000000000 0.000000000000000000 0.000000000000000000 0.000000000000000000 0.000000000000000000 0.000000000000000000 0.000000000000000000 1.000000000000000000 -0.001661587846357783 0.010776248138253543 -0.002414335308734826 -0.001854637857773988 0.007954806580078119 -0.003325973448184717 0.013068295700900954 -0.002144189703611679 0.000910003359009786 0.010621813727562201
0.000000000000000000 0.000000000000000000 0.000000000000000000 0.000000000000000000 0.000000000000000000 0.000000000000000000 0.000000000000000000 0.000000000000000000 0.000000000000000000 0.000000000000000000 0.000000000000000000 0.000000000000000000 0.000000000000000000 0.000000000000000000 0.000000000000000000 0.000000000000000000 0.000000000000000000 0.000000000000000000 0.000000000000000000 0.000000000000000000 0.000000000000000000 0.000000000000000000 0.000000000000000000 0.000000000000000000 0.000000000000000000 0.000000000000000000 0.000000000000000000 0.000000000000000000 0.000000000000000000 0.000000000000000000 0.000000000000000000 0.000000000000000000 0.000000000000000000 0.000000000000000000 0.000000000000000000 0.000000000000000000 0.000000000000000000 0.000000000000000000 0.000000000000000000 0.000000000000000000 0.000000000000000000 0.000000000000000000 0.000000000000000000 0.000000000000000000 0.000000000000000000 0.000000000000000000 0.000000000000000000 0.000000000000000000 0.000000000000000000 0.000000000000000000 0.000000000000000000 0.000000000000000000 0.000000000000000000 0.000000000000000000 0.000000000000000000 0.000000000000000000 0.000000000000000000 0.000000000000000000 0.000000000000000000 0.000000000000000000 0.000000000000000000 0.000000000000000000 0.000000000000000000 0.000000000000000000 0.000000000000000000 0.000000000000000000 0.000000000000000000 0.000000000000000000 0.000000000000000000 0.000000000000000000 0.000000000000000000 0.000000000000000000 0.000000000000000000 0.000000000000000000 0.000000000000000000 0.000000000000000000 0.000000000000000000 0.000000000000000000 0.000000000000000000 0.000000000000000000 0.000000000000000000 0.000000000000000000 0.000000000000000000 0.000000000000000000 0.000000000000000000 0.000000000000000000 0.000000000000000000 0.000000000000000000 0.000000000000000000 0.000000000000000000 1.000000000000000000 0.012203188574799894 0.008723691863594235 0.001203296315586383 0.002236009943576334 0.006333896731993503 0.004437343982090988 0.002715530388763632 0.007453152105945603 0.007434819880572948
0.000000000000000000 0.000000000000000000 0.000000000000000000 0.000000000000000000 0.000000000000000000 0.000000000000000000 0.000000000000000000 0.000000000000000000 0.000000000000000000 0.000000000000000000 0.000000000000000000 0.000000000000000000 0.000000000000000000 0.000000000000000000 0.000000000000000000 0.000000000000000000 0.000000000000000000 0.000000000000000000 0.000000000000000000 0.000000000000000000 0.000000000000000000 0.000000000000000000 0.000000000000000000 0.000000000000000000 0.000000000000000000 0.000000000000000000 0.000000000000000000 0.000000000000000000 0.000000000000000000 0.000000000000000000 0.000000000000000000 0.000000000000000000 0.000000000000000000 0.000000000000000000 0.000000000000000000 0.000000000000000000 0.000000000000000000 0.000000000000000000 0.000000000000000000 0.000000000000000000 0.000000000000000000 0.000000000000000000 0.000000000000000000 0.000000000000000000 0.000000000000000000 0.000000000000000000 0.000000000000000000 0.000000000000000000 0.000000000000000000 0.000000000000000000 0.000000000000000000 0.000000000000000000 0.000000000000000000 0.000000000000000000 0.000000000000000000 0.000000000000000000 0.000000000000000000 0.000000000000000000 0.000000000000000000 0.000000000000000000 0.000000000000000000 0.000000000000000000 0.000000000000000000 0.000000000000000000 0.000000000000000000 0.000000000000000000 0.000000000000000000 0.000000000000000000 0.000000000000000000 0.000000000000000000 0.000000000000000000 0.000000000000000000 0.000000000000000000 0.000000000000000000 0.000000000000000000 0.000000000000000000 0.000000000000000000 0.000000000000000000 0.000000000000000000 0.000000000000000000 0.000000000000000000 0.000000000000000000 0.000000000000000000 0.000000000000000000 0.000000000000000000 0.000000000000000000 0.000000000000000000 0.000000000000000000 0.000000000000000000 0.000000000000000000 0.000000000000000000 1.000000000000000000 -0.004166279223014426 0.002673365927985674 0.007383613631795228 0.011421605130392105 -0.000917598733514762 0.007683874338676053 0.004384608867392022 0.006249162604803210
0.000000000000000000 0.000000000000000000 0.000000000000000000 0.000000000000000000 0.000000000000000000 0.000000000000000000 0.000000000000000000 0.000000000000000000 0.000000000000000000 0.000000000000000000 0.000000000000000000 0.000000000000000000 0.000000000000000000 0.000000000000000000 0.000000000000000000 0.000000000000000000 0.000000000000000000 0.000000000000000000 0.000000000000000000 0.000000000000000000 0.000000000000000000 0.000000000000000000 0.000000000000000000 0.000000000000000000 0.000000000000000000 0.000000000000000000 0.000000000000000000 0.000000000000000000 0.000000000000000000 0.000000000000000000 0.000000000000000000 0.000000000000000000 0.000000000000000000 0.000000000000000000 0.000000000000000000 0.000000000000000000 0.000000000000000000 0.000000000000000000 0.000000000000000000 0.000000000000000000 0.000000000000000000 0.000000000000000000 0.000000000000000000 0.000000000000000000 0.000000000000000000 0.000000000000000000 0.000000000000000000 0.000000000000000000 0.000000000000000000 0.000000000000000000 0.000000000000000000 0.000000000000000000 0.000000000000000000 0.000000000000000000 0.000000000000000000 0.000000000000000000 0.000000000000000000 0.000000000000000000 0.000000000000000000 0.000000000000000000 0.000000000000000000 0.000000000000000000 0.000000000000000000 0.000000000000000000 0.000000000000000000 0.000000000000000000 0.000000000000000000 0.000000000000000000 0.000000000000000000 0.000000000000000000 0.000000000000000000 0.000000000000000000 0.000000000000000000 0.000000000000000000 0.000000000000000000 0.000000000000000000 0.000000000000000000 0.000000000000000000 0.000000000000000000 0.000000000000000000 0.000000000000000000 0.000000000000000000 0.000000000000000000 0.000000000000000000 0.000000000000000000 0.000000000000000000 0.000000000000000000 0.000000000000000000 0.000000000000000000 0.000000000000000000 0.000000000000000000 0.000000000000000000 1.000000000000000000 -0.000374380714932814 0.001213363902801609 0.006755381099426792 0.011258121020970633 -0.002878264032769814 -0.000193632803217634 0.013168577878587053
0.000000000000000000 0.000000000000000000 0.000000000000000000 0.000000000000000000 0.000000000000000000 0.000000000000000000 0.000000000000000000 0.000000000000000000 0.000000000000000000 0.000000000000000000 0.000000000000000000 0.000000000000000000 0.000000000000000000 0.000000000000000000 0.000000000000000000 0.000000000000000000 0.000000000000000000 0.000000000000000000 0.000000000000000000 0.000000000000000000 0.000000000000000000 0.000000000000000000 0.000000000000000000 0.000000000000000000 0.000000000000000000 0.000000000000000000 0.000000000000000000 0.000000000000000000 0.000000000000000000 0.000000000000000000 0.000000000000000000 0.000000000000000000 0.000000000000000000 0.000000000000000000 0.000000000000000000 0.000000000000000000 0.000000000000000000 0.000000000000000000 0.000000000000000000 0.000000000000000000 0.000000000000000000 0.000000000000000000 0.000000000000000000 0.000000000000000000 0.000000000000000000 0.000000000000000000 0.000000000000000000 0.000000000000000000 0.000000000000000000 0.000000000000000000 0.000000000000000000 0.000000000000000000 0.000000000000000000 0.000000000000000000 0.000000000000000000 0.000000000000000000 0.000000000000000000 0.000000000000000000 0.000000000000000000 0.000000000000000000 0.000000000000000000 0.000000000000000000 0.000000000000000000 0.000000000000000000 0.000000000000000000 0.000000000000000000 0.000000000000000000 0.000000000000000000 0.000000000000000000 0.000000000000000000 0.000000000000000000 0.000000000000000000 0.000000000000000000 0.000000000000000000 0.000000000000000000 0.000000000000000000 0.000000000000000000 0.000000000000000000 0.000000000000000000 0.000000000000000000 0.000000000000000000 0.000000000000000000 0.000000000000000000 0.000000000000000000 0.000000000000000000 0.000000000000000000 0.000000000000000000 0.000000000000000000 0.000000000000000000 0.000000000000000000 0.000000000000000000 0.000000000000000000 0.000000000000000000 1.000000000000000000 -0.003842161145414862 -0.003312737384835244 0.009425330603773379 0.012118918534536328 0.014075524982036238 -0.000078352781211776
0.000000000000000000 0.000000000000000000 0.000000000000000000 0.000000000000000000 0.000000000000000000 0.000000000000000000 0.000000000000000000 0.000000000000000000 0.000000000000000000 0.000000000000000000 0.000000000000000000 0.000000000000000000 0.000000000000000000 0.000000000000000000 0.000000000000000000 0.000000000000000000 0.000000000000000000 0.000000000000000000 0.000000000000000000 0.000000000000000000 0.000000000000000000 0.000000000000000000 0.000000000000000000 0.000000000000000000 0.000000000000000000 0.000000000000000000 0.000000000000000000 0.000000000000000000 0.000000000000000000 0.000000000000000000 0.000000000000000000 0.000000000000000000 0.000000000000000000 0.000000000000000000 0.000000000000000000 0.000000000000000000 0.000000000000000000 0.000000000000000000 0.000000000000000000 0.000000000000000000 0.000000000000000000 0.000000000000000000 0.000000000000000000 0.000000000000000000 0.000000000000000000 0.000000000000000000 0.000000000000000000 0.000000000000000000 0.000000000000000000 0.000000000000000000 0.000000000000000000 0.000000000000000000 0.000000000000000000 0.000000000000000000 0.000000000000000000 0.000000000000000000 0.000000000000000000 0.000000000000000000 0.000000000000000000 0.000000000000000000 0.000000000000000000 0.000000000000000000 0.000000000000000000 0.000000000000000000 0.000000000000000000 0.000000000000000000 0.000000000000000000 0.000000000000000000 0.000000000000000000 0.000000000000000000 0.000000000000000000 0.000000000000000000 0.000000000000000000 0.000000000000000000 0.000000000000000000 0.000000000000000000 0.000000000000000000 0.000000000000000000 0.000000000000000000 0.000000000000000000 0.000000000000000000 0.000000000000000000 0.000000000000000000 0.000000000000000000 0.000000000000000000 0.000000000000000000 0.000000000000000000 0.000000000000000000 0.000000000000000000 0.000000000000000000 0.000000000000000000 0.000000000000000000 0.000000000000000000 0.000000000000000000 1.000000000000000000 -0.002412137878290599 -0.003464809310795499 -0.003437977858482833 0.010129971037230708 -0.000338994370668876
0.000000000000000000 0.000000000000000000 0.000000000000000000 0.000000000000000000 0.000000000000000000 0.000000000000000000 0.000000000000000000 0.000000000000000000 0.000000000000000000 0.000000000000000000 0.000000000000000000 0.000000000000000000 0.000000000000000000 0.000000000000000000 0.000000000000000000 0.000000000000000000 0.000000000000000000 0.000000000000000000 0.000000000000000000 0.000000000000000000 0.000000000000000000 0.000000000000000000 0.000000000000000000 0.000000000000000000 0.000000000000000000 0.000000000000000000 0.000000000000000000 0.000000000000000000 0.000000000000000000 0.000000000000000000 0.000000000000000000 0.000000000000000000 0.000000000000000000 0.000000000000000000 0.000000000000000000 0.000000000000000000 0.000000000000000000 0.000000000000000000 0.000000000000000000 0.000000000000000000 0.000000000000000000 0.000000000000000000 0.000000000000000000 0.000000000000000000 0.000000000000000000 0.000000000000000000 0.000000000000000000 0.000000000000000000 0.000000000000000000 0.000000000000000000 0.000000000000000000 0.000000000000000000 0.000000000000000000 0.000000000000000000 0.000000000000000000 0.000000000000000000 0.000000000000000000 0.000000000000000000 0.000000000000000000 0.000000000000000000 0.000000000000000000 0.000000000000000000 0.000000000000000000 0.000000000000000000 0.000000000000000000 0.000000000000000000 0.000000000000000000 0.000000000000000000 0.000000000000000000 0.000000000000000000 0.000000000000000000 0.000000000000000000 0.000000000000000000 0.000000000000000000 0.000000000000000000 0.000000000000000000 0.000000000000000000 0.000000000000000000 0.000000000000000000 0.000000000000000000 0.000000000000000000 0.000000000000000000 0.000000000000000000 0.000000000000000000 0.000000000000000000 0.000000000000000000 0.000000000000000000 0.000000000000000000 0.000000000000000000 0.000000000000000000 0.000000000000000000 0.000000000000000000 0.000000000000000000 0.000000000000000000 0.000000000000000000 1.000000000000000000 0.001041400211621764 0.001457978332897329 -0.000238807158007173 -0.004514561263313138
0.000000000000000000 0.000000000000000000 0.000000000000000000 0.000000000000000000 0.000000000000000000 0.000000000000000000 0.000000000000000000 0.000000000000000000 0.000000000000000000 0.000000000000000000 0.000000000000000000 0.000000000000000000 0.000000000000000000 0.000000000000000000 0.000000000000000000 0.000000000000000000 0.000000000000000000 0.000000000000000000 0.000000000000000000 0.000000000000000000 0.000000000000000000 0.000000000000000000 0.000000000000000000 0.000000000000000000 0.000000000000000000 0.000000000000000000 0.000000000000000000 0.000000000000000000 0.000000000000000000 0.000000000000000000 0.000000000000000000 0.000000000000000000 0.000000000000000000 0.000000000000000000 0.000000000000000000 0.000000000000000000 0.000000000000000000 0.000000000000000000 0.000000000000000000 0.000000000000000000 0.000000000000000000 0.000000000000000000 0.000000000000000000 0.000000000000000000 0.000000000000000000 0.000000000000000000 0.000000000000000000 0.000000000000000000 0.000000000000000000 0.000000000000000000 0.000000000000000000 0.000000000000000000 0.000000000000000000 0.000000000000000000 0.000000000000000000 0.000000000000000000 0.000000000000000000 0.000000000000000000 0.000000000000000000 0.000000000000000000 0.000000000000000000 0.000000000000000000 0.000000000000000000 0.000000000000000000 0.000000000000000000 0.000000000000000000 0.000000000000000000 0.000000000000000000 0.000000000000000000 0.000000000000000000 0.000000000000000000 0.000000000000000000 0.000000000000000000 0.000000000000000000 0.000000000000000000 0.000000000000000000 0.000000000000000000 0.000000000000000000 0.000000000000000000 0.000000000000000000 0.000000000000000000 0.000000000000000000 0.000000000000000000 0.000000000000000000 0.000000000000000000 0.000000000000000000 0.000000000000000000 0.000000000000000000 0.000000000000000000 0.000000000000000000 0.000000000000000000 0.000000000000000000 0.000000000000000000 0.000000000000000000 0.000000000000000000 0.000000000000000000 1.000000000000000000 0.002012087887815602 0.004015315253770617 -0.004329062062191688
0.000000000000000000 0.000000000000000000 0.000000000000000000 0.000000000000000000 0.000000000000000000 0.000000000000000000 0.000000000000000000 0.000000000000000000 0.000000000000000000 0.000000000000000000 0.000000000000000000 0.000000000000000000 0.000000000000000000 0.000000000000000000 0.000000000000000000 0.000000000000000000 0.000000000000000000 0.000000000000000000 0.000000000000000000 0.000000000000000000 0.000000000000000000 0.000000000000000000 0.000000000000000000 0.000000000000000000 0.000000000000000000 0.000000000000000000 0.000000000000000000 0.000000000000000000 0.000000000000000000 0.000000000000000000 0.000000000000000000 0.000000000000000000 0.000000000000000000 0.000000000000000000 0.000000000000000000 0.000000000000000000 0.000000000000000000 0.000000000000000000 0.000000000000000000 0.000000000000000000 0.000000000000000000 0.000000000000000000 0.000000000000000000 0.000000000000000000 0.000000000000000000 0.000000000000000000 0.000000000000000000 0.000000000000000000 0.000000000000000000 0.000000000000000000 0.000000000000000000 0.000000000000000000 0.000000000000000000 0.000000000000000000 0.000000000000000000 0.000000000000000000 0.000000000000000000 0.000000000000000000 0.000000000000000000 0.000000000000000000 0.000000000000000000 0.000000000000000000 0.000000000000000000 0.000000000000000000 0.000000000000000000 0.000000000000000000 0.000000000000000000 0.000000000000000000 0.000000000000000000 0.000000000000000000 0.000000000000000000 0.000000000000000000 0.000000000000000000 0.000000000000000000 0.000000000000000000 0.000000000000000000 0.000000000000000000 0.000000000000000000 0.000000000000000000 0.000000000000000000 0.000000000000000000 0.000000000000000000 0.000000000000000000 0.000000000000000000 0.000000000000000000 0.000000000000000000 0.000000000000000000 0.000000000000000000 0.000000000000000000 0.000000000000000000 0.000000000000000000 0.000000000000000000 0.000000000000000000 0.000000000000000000 0.000000000000000000 0.000000000000000000 0.000000000000000000 1.000000000000000000 0.009880078789305143 0.002852164577963432
0.000000000000000000 0.000000000000000000 0.000000000000000000 0.000000000000000000 0.000000000000000000 0.000000000000000000 0.000000000000000000 0.000000000000000000 0.000000000000000000 0.000000000000000000 0.000000000000000000 0.000000000000000000 0.000000000000000000 0.000000000000000000 0.000000000000000000 0.000000000000000000 0.000000000000000000 0.000000000000000000 0.000000000000000000 0.000000000000000000 0.000000000000000000 0.000000000000000000 0.000000000000000000 0.000000000000000000 0.000000000000000000 0.000000000000000000 0.000000000000000000 0.000000000000000000 0.000000000000000000 0.000000000000000000 0.000000000000000000 0.000000000000000000 0.000000000000000000 0.000000000000000000 0.000000000000000000 0.000000000000000000 0.000000000000000000 0.000000000000000000 0.000000000000000000 0.000000000000000000 0.000000000000000000 0.000000000000000000 0.000000000000000000 0.000000000000000000 0.000000000000000000 0.000000000000000000 0.000000000000000000 0.000000000000000000 0.000000000000000000 0.000000000000000000 0.000000000000000000 0.000000000000000000 0.000000000000000000 0.000000000000000000 0.000000000000000000 0.000000000000000000 0.000000000000000000 0.000000000000000000 0.000000000000000000 0.000000000000000000 0.000000000000000000 0.000000000000000000 0.000000000000000000 0.000000000000000000 0.000000000000000000 0.000000000000000000 0.000000000000000000 0.000000000000000000 0.000000000000000000 0.000000000000000000 0.000000000000000000 0.000000000000000000 0.000000000000000000 0.000000000000000000 0.000000000000000000 0.000000000000000000 0.000000000000000000 0.000000000000000000 0.000000000000000000 0.000000000000000000 0.000000000000000000 0.000000000000000000 0.000000000000000000 0.000000000000000000 0.000000000000000000 0.000000000000000000 0.000000000000000000 0.000000000000000000 0.000000000000000000 0.000000000000000000 0.000000000000000000 0.000000000000000000 0.000000000000000000 0.000000000000000000 0.000000000000000000 0.000000000000000000 0.000000000000000000 0.000000000000000000 1.000000000000000000 0.007606325730376969
0.000000000000000000 0.000000000000000000 0.000000000000000000 0.000000000000000000 0.000000000000000000 0.000000000000000000 0.000000000000000000 0.000000000000000000 0.000000000000000000 0.000000000000000000 0.000000000000000000 0.000000000000000000 0.000000000000000000 0.000000000000000000 0.000000000000000000 0.000000000000000000 0.000000000000000000 0.000000000000000000 0.000000000000000000 0.000000000000000000 0.000000000000000000 0.000000000000000000 0.000000000000000000 0.000000000000000000 0.000000000000000000 0.000000000000000000 0.000000000000000000 0.000000000000000000 0.000000000000000000 0.000000000000000000 0.000000000000000000 0.000000000000000000 0.000000000000000000 0.000000000000000000 0.000000000000000000 0.000000000000000000 0.000000000000000000 0.000000000000000000 0.000000000000000000 0.000000000000000000 0.000000000000000000 0.000000000000000000 0.000000000000000000 0.000000000000000000 0.000000000000000000 0.000000000000000000 0.000000000000000000 0.000000000000000000 0.000000000000000000 0.000000000000000000 0.000000000000000000 0.000000000000000000 0.000000000000000000 0.000000000000000000 0.000000000000000000 0.000000000000000000 0.000000000000000000 0.000000000000000000 0.000000000000000000 0.000000000000000000 0.000000000000000000 0.000000000000000000 0.000000000000000000 0.000000000000000000 0.000000000000000000 0.000000000000000000 0.000000000000000000 0.000000000000000000 0.000000000000000000 0.000000000000000000 0.000000000000000000 0.000000000000000000 0.000000000000000000 0.000000000000000000 0.000000000000000000 0.000000000000000000 0.000000000000000000 0.000000000000000000 0.000000000000000000 0.000000000000000000 0.000000000000000000 0.000000000000000000 0.000000000000000000 0.000000000000000000 0.000000000000000000 0.000000000000000000 0.000000000000000000 0.000000000000000000 0.000000000000000000 0.000000000000000000 0.000000000000000000 0.000000000000000000 0.000000000000000000 0.000000000000000000 0.000000000000000000 0.000000000000000000 0.000000000000000000 0.000000000000000000 0.000000000000000000 1.000000000000000000
