Order_0,Order_1,Order_2,Order_3,Order_4
120.0,-0.1,0.0,8.92857142857143e-08,-7.688492063492065e-11
110.0,-0.1,6.250000000000001e-05,-2.6041666666666673e-08,0
90.0,-0.0625,2.604166666666667e-05,0,0
65.0,-0.03125,0,0,0
40.0,0,0,0,0
